Copyright 1986-2019 Xilinx, Inc. All Rights Reserved.
-----------------------------------------------------------------------------------------------------------------------------------------------------------------------------------------------------------
| Tool Version : Vivado v.2019.2 (win64) Build 2708876 Wed Nov  6 21:40:23 MST 2019
| Date         : Tue Apr 28 21:59:29 2026
| Host         : Jan running 64-bit major release  (build 9200)
| Command      : report_timing_summary -max_paths 10 -file zybo_ps1_top_timing_summary_routed.rpt -pb zybo_ps1_top_timing_summary_routed.pb -rpx zybo_ps1_top_timing_summary_routed.rpx -warn_on_violation
| Design       : zybo_ps1_top
| Device       : 7z010-clg400
| Speed File   : -1  PRODUCTION 1.11 2014-09-11
-----------------------------------------------------------------------------------------------------------------------------------------------------------------------------------------------------------

Timing Summary Report

------------------------------------------------------------------------------------------------
| Timer Settings
| --------------
------------------------------------------------------------------------------------------------

  Enable Multi Corner Analysis               :  Yes
  Enable Pessimism Removal                   :  Yes
  Pessimism Removal Resolution               :  Nearest Common Node
  Enable Input Delay Default Clock           :  No
  Enable Preset / Clear Arcs                 :  No
  Disable Flight Delays                      :  No
  Ignore I/O Paths                           :  No
  Timing Early Launch at Borrowing Latches   :  No
  Borrow Time for Max Delay Exceptions       :  Yes
  Merge Timing Exceptions                    :  Yes

  Corner  Analyze    Analyze    
  Name    Max Paths  Min Paths  
  ------  ---------  ---------  
  Slow    Yes        Yes        
  Fast    Yes        Yes        



check_timing report

Table of Contents
-----------------
1. checking no_clock
2. checking constant_clock
3. checking pulse_width_clock
4. checking unconstrained_internal_endpoints
5. checking no_input_delay
6. checking no_output_delay
7. checking multiple_clock
8. checking generated_clocks
9. checking loops
10. checking partial_input_delay
11. checking partial_output_delay
12. checking latch_loops

1. checking no_clock
--------------------
 There are 0 register/latch pins with no clock.


2. checking constant_clock
--------------------------
 There are 0 register/latch pins with constant_clock.


3. checking pulse_width_clock
-----------------------------
 There are 0 register/latch pins which need pulse_width check


4. checking unconstrained_internal_endpoints
--------------------------------------------
 There are 0 pins that are not constrained for maximum delay.

 There are 0 pins that are not constrained for maximum delay due to constant clock.


5. checking no_input_delay
--------------------------
 There are 10 input ports with no input delay specified. (HIGH)

 There are 0 input ports with no input delay but user has a false path constraint.


6. checking no_output_delay
---------------------------
 There are 14 ports with no output delay specified. (HIGH)

 There are 0 ports with no output delay but user has a false path constraint

 There are 0 ports with no output delay but with a timing clock defined on it or propagating through it


7. checking multiple_clock
--------------------------
 There are 0 register/latch pins with multiple clocks.


8. checking generated_clocks
----------------------------
 There are 0 generated clocks that are not connected to a clock source.


9. checking loops
-----------------
 There are 0 combinational loops in the design.


10. checking partial_input_delay
--------------------------------
 There are 0 input ports with partial input delay specified.


11. checking partial_output_delay
---------------------------------
 There are 0 ports with partial output delay specified.


12. checking latch_loops
------------------------
 There are 0 combinational latch loops in the design through latch input



------------------------------------------------------------------------------------------------
| Design Timing Summary
| ---------------------
------------------------------------------------------------------------------------------------

    WNS(ns)      TNS(ns)  TNS Failing Endpoints  TNS Total Endpoints      WHS(ns)      THS(ns)  THS Failing Endpoints  THS Total Endpoints     WPWS(ns)     TPWS(ns)  TPWS Failing Endpoints  TPWS Total Endpoints  
    -------      -------  ---------------------  -------------------      -------      -------  ---------------------  -------------------     --------     --------  ----------------------  --------------------  
      0.623        0.000                      0                 5508        0.067        0.000                      0                 5387        2.000        0.000                       0                   752  


All user specified timing constraints are met.


------------------------------------------------------------------------------------------------
| Clock Summary
| -------------
------------------------------------------------------------------------------------------------

Clock               Waveform(ns)         Period(ns)      Frequency(MHz)
-----               ------------         ----------      --------------
clk_pi_125          {0.000 4.000}        8.000           125.000         
  mmcm1_clkfbout    {0.000 20.000}       40.000          25.000          
  mmcm1_clkout0     {0.000 5.000}        10.000          100.000         
    mmcm2_clkfbout  {0.000 25.000}       50.000          20.000          
    mmcm2_clkout0   {0.000 40.690}       81.380          12.288          
      bclk_out      {0.000 40.690}       81.380          12.288          


------------------------------------------------------------------------------------------------
| Intra Clock Table
| -----------------
------------------------------------------------------------------------------------------------

Clock                   WNS(ns)      TNS(ns)  TNS Failing Endpoints  TNS Total Endpoints      WHS(ns)      THS(ns)  THS Failing Endpoints  THS Total Endpoints     WPWS(ns)     TPWS(ns)  TPWS Failing Endpoints  TPWS Total Endpoints  
-----                   -------      -------  ---------------------  -------------------      -------      -------  ---------------------  -------------------     --------     --------  ----------------------  --------------------  
clk_pi_125                                                                                                                                                            2.000        0.000                       0                     2  
  mmcm1_clkfbout                                                                                                                                                     37.845        0.000                       0                     3  
  mmcm1_clkout0           3.233        0.000                      0                 4873        0.067        0.000                      0                 4873        3.000        0.000                       0                   635  
    mmcm2_clkfbout                                                                                                                                                   47.845        0.000                       0                     3  
    mmcm2_clkout0        36.073        0.000                      0                  156        0.182        0.000                      0                  156       40.190        0.000                       0                   109  


------------------------------------------------------------------------------------------------
| Inter Clock Table
| -----------------
------------------------------------------------------------------------------------------------

From Clock     To Clock           WNS(ns)      TNS(ns)  TNS Failing Endpoints  TNS Total Endpoints      WHS(ns)      THS(ns)  THS Failing Endpoints  THS Total Endpoints  
----------     --------           -------      -------  ---------------------  -------------------      -------      -------  ---------------------  -------------------  
mmcm2_clkout0  mmcm1_clkout0        8.425        0.000                      0                   89                                                                        
mmcm1_clkout0  mmcm2_clkout0       18.551        0.000                      0                   32                                                                        
bclk_out       mmcm2_clkout0        0.623        0.000                      0                    1        9.726        0.000                      0                    1  
mmcm2_clkout0  bclk_out             5.565        0.000                      0                    3        8.000        0.000                      0                    3  


------------------------------------------------------------------------------------------------
| Other Path Groups Table
| -----------------------
------------------------------------------------------------------------------------------------

Path Group         From Clock         To Clock               WNS(ns)      TNS(ns)  TNS Failing Endpoints  TNS Total Endpoints      WHS(ns)      THS(ns)  THS Failing Endpoints  THS Total Endpoints  
----------         ----------         --------               -------      -------  ---------------------  -------------------      -------      -------  ---------------------  -------------------  
**async_default**  mmcm1_clkout0      mmcm1_clkout0            3.492        0.000                      0                  354        0.414        0.000                      0                  354  


------------------------------------------------------------------------------------------------
| Timing Details
| --------------
------------------------------------------------------------------------------------------------


---------------------------------------------------------------------------------------------------
From Clock:  clk_pi_125
  To Clock:  clk_pi_125

Setup :           NA  Failing Endpoints,  Worst Slack           NA  ,  Total Violation           NA
Hold  :           NA  Failing Endpoints,  Worst Slack           NA  ,  Total Violation           NA
PW    :            0  Failing Endpoints,  Worst Slack        2.000ns,  Total Violation        0.000ns
---------------------------------------------------------------------------------------------------


Pulse Width Checks
--------------------------------------------------------------------------------------
Clock Name:         clk_pi_125
Waveform(ns):       { 0.000 4.000 }
Period(ns):         8.000
Sources:            { clk_pi }

Check Type        Corner  Lib Pin            Reference Pin  Required(ns)  Actual(ns)  Slack(ns)  Location         Pin
Min Period        n/a     BUFG/I             n/a            2.155         8.000       5.845      BUFGCTRL_X0Y17   u_clk_rst/u_clk_gen/u_bufg_clk_in/I
Min Period        n/a     MMCME2_ADV/CLKIN1  n/a            1.249         8.000       6.751      MMCME2_ADV_X0Y1  u_clk_rst/u_clk_gen/u_mmcm1/CLKIN1
Max Period        n/a     MMCME2_ADV/CLKIN1  n/a            100.000       8.000       92.000     MMCME2_ADV_X0Y1  u_clk_rst/u_clk_gen/u_mmcm1/CLKIN1
Low Pulse Width   Slow    MMCME2_ADV/CLKIN1  n/a            2.000         4.000       2.000      MMCME2_ADV_X0Y1  u_clk_rst/u_clk_gen/u_mmcm1/CLKIN1
Low Pulse Width   Fast    MMCME2_ADV/CLKIN1  n/a            2.000         4.000       2.000      MMCME2_ADV_X0Y1  u_clk_rst/u_clk_gen/u_mmcm1/CLKIN1
High Pulse Width  Fast    MMCME2_ADV/CLKIN1  n/a            2.000         4.000       2.000      MMCME2_ADV_X0Y1  u_clk_rst/u_clk_gen/u_mmcm1/CLKIN1
High Pulse Width  Slow    MMCME2_ADV/CLKIN1  n/a            2.000         4.000       2.000      MMCME2_ADV_X0Y1  u_clk_rst/u_clk_gen/u_mmcm1/CLKIN1



---------------------------------------------------------------------------------------------------
From Clock:  mmcm1_clkfbout
  To Clock:  mmcm1_clkfbout

Setup :           NA  Failing Endpoints,  Worst Slack           NA  ,  Total Violation           NA
Hold  :           NA  Failing Endpoints,  Worst Slack           NA  ,  Total Violation           NA
PW    :            0  Failing Endpoints,  Worst Slack       37.845ns,  Total Violation        0.000ns
---------------------------------------------------------------------------------------------------


Pulse Width Checks
--------------------------------------------------------------------------------------
Clock Name:         mmcm1_clkfbout
Waveform(ns):       { 0.000 20.000 }
Period(ns):         40.000
Sources:            { u_clk_rst/u_clk_gen/u_mmcm1/CLKFBOUT }

Check Type  Corner  Lib Pin              Reference Pin  Required(ns)  Actual(ns)  Slack(ns)  Location         Pin
Min Period  n/a     BUFG/I               n/a            2.155         40.000      37.845     BUFGCTRL_X0Y18   u_clk_rst/u_clk_gen/u_mmcm1_fb_bufg/I
Min Period  n/a     MMCME2_ADV/CLKFBOUT  n/a            1.249         40.000      38.751     MMCME2_ADV_X0Y1  u_clk_rst/u_clk_gen/u_mmcm1/CLKFBOUT
Min Period  n/a     MMCME2_ADV/CLKFBIN   n/a            1.249         40.000      38.751     MMCME2_ADV_X0Y1  u_clk_rst/u_clk_gen/u_mmcm1/CLKFBIN
Max Period  n/a     MMCME2_ADV/CLKFBIN   n/a            100.000       40.000      60.000     MMCME2_ADV_X0Y1  u_clk_rst/u_clk_gen/u_mmcm1/CLKFBIN
Max Period  n/a     MMCME2_ADV/CLKFBOUT  n/a            213.360       40.000      173.360    MMCME2_ADV_X0Y1  u_clk_rst/u_clk_gen/u_mmcm1/CLKFBOUT



---------------------------------------------------------------------------------------------------
From Clock:  mmcm1_clkout0
  To Clock:  mmcm1_clkout0

Setup :            0  Failing Endpoints,  Worst Slack        3.233ns,  Total Violation        0.000ns
Hold  :            0  Failing Endpoints,  Worst Slack        0.067ns,  Total Violation        0.000ns
PW    :            0  Failing Endpoints,  Worst Slack        3.000ns,  Total Violation        0.000ns
---------------------------------------------------------------------------------------------------


Max Delay Paths
--------------------------------------------------------------------------------------
Slack (MET) :             3.233ns  (required time - arrival time)
  Source:                 u_ap_user_top/u_audio_ram/recording_reg/C
                            (rising edge-triggered cell FDRE clocked by mmcm1_clkout0  {rise@0.000ns fall@5.000ns period=10.000ns})
  Destination:            u_ap_user_top/u_audio_ram/ram_reg_0_9/RSTRAMB
                            (rising edge-triggered cell RAMB36E1 clocked by mmcm1_clkout0  {rise@0.000ns fall@5.000ns period=10.000ns})
  Path Group:             mmcm1_clkout0
  Path Type:              Setup (Max at Slow Process Corner)
  Requirement:            10.000ns  (mmcm1_clkout0 rise@10.000ns - mmcm1_clkout0 rise@0.000ns)
  Data Path Delay:        5.931ns  (logic 0.606ns (10.218%)  route 5.325ns (89.782%))
  Logic Levels:           1  (LUT3=1)
  Clock Path Skew:        -0.096ns (DCD - SCD + CPR)
    Destination Clock Delay (DCD):    4.928ns = ( 14.928 - 10.000 ) 
    Source Clock Delay      (SCD):    5.314ns
    Clock Pessimism Removal (CPR):    0.291ns
  Clock Uncertainty:      0.158ns  ((TSJ^2 + DJ^2)^1/2) / 2 + PE
    Total System Jitter     (TSJ):    0.071ns
    Discrete Jitter          (DJ):    0.307ns
    Phase Error              (PE):    0.000ns

    Location             Delay type                Incr(ns)  Path(ns)    Netlist Resource(s)
  -------------------------------------------------------------------    -------------------
                         (clock mmcm1_clkout0 rise edge)
                                                      0.000     0.000 r  
    L16                                               0.000     0.000 r  clk_pi (IN)
                         net (fo=0)                   0.000     0.000    clk_pi
    L16                  IBUF (Prop_ibuf_I_O)         1.491     1.491 r  clk_pi_IBUF_inst/O
                         net (fo=1, routed)           2.076     3.567    u_clk_rst/u_clk_gen/clk_pi
    BUFGCTRL_X0Y17       BUFG (Prop_bufg_I_O)         0.101     3.668 r  u_clk_rst/u_clk_gen/u_bufg_clk_in/O
                         net (fo=1, routed)           1.663     5.331    u_clk_rst/u_clk_gen/clk_in_bufg
    MMCME2_ADV_X0Y1      MMCME2_ADV (Prop_mmcme2_adv_CLKIN1_CLKOUT0)
                                                     -3.524     1.807 r  u_clk_rst/u_clk_gen/u_mmcm1/CLKOUT0
                         net (fo=1, routed)           1.760     3.567    u_clk_rst/u_clk_gen/mmcm1_clkout0
    BUFGCTRL_X0Y16       BUFG (Prop_bufg_I_O)         0.101     3.668 r  u_clk_rst/u_clk_gen/u_bufg_clk_sys/O
                         net (fo=633, routed)         1.646     5.314    u_ap_user_top/u_audio_ram/clk_sys_po
    SLICE_X23Y67         FDRE                                         r  u_ap_user_top/u_audio_ram/recording_reg/C
  -------------------------------------------------------------------    -------------------
    SLICE_X23Y67         FDRE (Prop_fdre_C_Q)         0.456     5.770 f  u_ap_user_top/u_audio_ram/recording_reg/Q
                         net (fo=21, routed)          0.650     6.420    u_ap_user_top/u_audio_ram/recording_reg_n_0
    SLICE_X24Y67         LUT3 (Prop_lut3_I2_O)        0.150     6.570 r  u_ap_user_top/u_audio_ram/ram_reg_0_5_i_2/O
                         net (fo=22, routed)          4.675    11.245    u_ap_user_top/u_audio_ram/ram_reg_0_5_i_2_n_0
    RAMB36_X0Y10         RAMB36E1                                     r  u_ap_user_top/u_audio_ram/ram_reg_0_9/RSTRAMB
  -------------------------------------------------------------------    -------------------

                         (clock mmcm1_clkout0 rise edge)
                                                     10.000    10.000 r  
    L16                                               0.000    10.000 r  clk_pi (IN)
                         net (fo=0)                   0.000    10.000    clk_pi
    L16                  IBUF (Prop_ibuf_I_O)         1.421    11.421 r  clk_pi_IBUF_inst/O
                         net (fo=1, routed)           1.880    13.301    u_clk_rst/u_clk_gen/clk_pi
    BUFGCTRL_X0Y17       BUFG (Prop_bufg_I_O)         0.091    13.392 r  u_clk_rst/u_clk_gen/u_bufg_clk_in/O
                         net (fo=1, routed)           1.474    14.865    u_clk_rst/u_clk_gen/clk_in_bufg
    MMCME2_ADV_X0Y1      MMCME2_ADV (Prop_mmcme2_adv_CLKIN1_CLKOUT0)
                                                     -3.164    11.702 r  u_clk_rst/u_clk_gen/u_mmcm1/CLKOUT0
                         net (fo=1, routed)           1.599    13.301    u_clk_rst/u_clk_gen/mmcm1_clkout0
    BUFGCTRL_X0Y16       BUFG (Prop_bufg_I_O)         0.091    13.392 r  u_clk_rst/u_clk_gen/u_bufg_clk_sys/O
                         net (fo=633, routed)         1.536    14.928    u_ap_user_top/u_audio_ram/clk_sys_po
    RAMB36_X0Y10         RAMB36E1                                     r  u_ap_user_top/u_audio_ram/ram_reg_0_9/CLKBWRCLK
                         clock pessimism              0.291    15.218    
                         clock uncertainty           -0.158    15.061    
    RAMB36_X0Y10         RAMB36E1 (Setup_ramb36e1_CLKBWRCLK_RSTRAMB)
                                                     -0.583    14.478    u_ap_user_top/u_audio_ram/ram_reg_0_9
  -------------------------------------------------------------------
                         required time                         14.478    
                         arrival time                         -11.245    
  -------------------------------------------------------------------
                         slack                                  3.233    

Slack (MET) :             3.293ns  (required time - arrival time)
  Source:                 u_ap_user_top/u_audio_ram/recording_reg/C
                            (rising edge-triggered cell FDRE clocked by mmcm1_clkout0  {rise@0.000ns fall@5.000ns period=10.000ns})
  Destination:            u_ap_user_top/u_audio_ram/ram_reg_1_9/RSTRAMB
                            (rising edge-triggered cell RAMB36E1 clocked by mmcm1_clkout0  {rise@0.000ns fall@5.000ns period=10.000ns})
  Path Group:             mmcm1_clkout0
  Path Type:              Setup (Max at Slow Process Corner)
  Requirement:            10.000ns  (mmcm1_clkout0 rise@10.000ns - mmcm1_clkout0 rise@0.000ns)
  Data Path Delay:        5.869ns  (logic 0.606ns (10.325%)  route 5.263ns (89.675%))
  Logic Levels:           1  (LUT3=1)
  Clock Path Skew:        -0.097ns (DCD - SCD + CPR)
    Destination Clock Delay (DCD):    4.927ns = ( 14.927 - 10.000 ) 
    Source Clock Delay      (SCD):    5.314ns
    Clock Pessimism Removal (CPR):    0.291ns
  Clock Uncertainty:      0.158ns  ((TSJ^2 + DJ^2)^1/2) / 2 + PE
    Total System Jitter     (TSJ):    0.071ns
    Discrete Jitter          (DJ):    0.307ns
    Phase Error              (PE):    0.000ns

    Location             Delay type                Incr(ns)  Path(ns)    Netlist Resource(s)
  -------------------------------------------------------------------    -------------------
                         (clock mmcm1_clkout0 rise edge)
                                                      0.000     0.000 r  
    L16                                               0.000     0.000 r  clk_pi (IN)
                         net (fo=0)                   0.000     0.000    clk_pi
    L16                  IBUF (Prop_ibuf_I_O)         1.491     1.491 r  clk_pi_IBUF_inst/O
                         net (fo=1, routed)           2.076     3.567    u_clk_rst/u_clk_gen/clk_pi
    BUFGCTRL_X0Y17       BUFG (Prop_bufg_I_O)         0.101     3.668 r  u_clk_rst/u_clk_gen/u_bufg_clk_in/O
                         net (fo=1, routed)           1.663     5.331    u_clk_rst/u_clk_gen/clk_in_bufg
    MMCME2_ADV_X0Y1      MMCME2_ADV (Prop_mmcme2_adv_CLKIN1_CLKOUT0)
                                                     -3.524     1.807 r  u_clk_rst/u_clk_gen/u_mmcm1/CLKOUT0
                         net (fo=1, routed)           1.760     3.567    u_clk_rst/u_clk_gen/mmcm1_clkout0
    BUFGCTRL_X0Y16       BUFG (Prop_bufg_I_O)         0.101     3.668 r  u_clk_rst/u_clk_gen/u_bufg_clk_sys/O
                         net (fo=633, routed)         1.646     5.314    u_ap_user_top/u_audio_ram/clk_sys_po
    SLICE_X23Y67         FDRE                                         r  u_ap_user_top/u_audio_ram/recording_reg/C
  -------------------------------------------------------------------    -------------------
    SLICE_X23Y67         FDRE (Prop_fdre_C_Q)         0.456     5.770 f  u_ap_user_top/u_audio_ram/recording_reg/Q
                         net (fo=21, routed)          0.650     6.420    u_ap_user_top/u_audio_ram/recording_reg_n_0
    SLICE_X24Y67         LUT3 (Prop_lut3_I2_O)        0.150     6.570 r  u_ap_user_top/u_audio_ram/ram_reg_0_5_i_2/O
                         net (fo=22, routed)          4.613    11.183    u_ap_user_top/u_audio_ram/ram_reg_0_5_i_2_n_0
    RAMB36_X0Y11         RAMB36E1                                     r  u_ap_user_top/u_audio_ram/ram_reg_1_9/RSTRAMB
  -------------------------------------------------------------------    -------------------

                         (clock mmcm1_clkout0 rise edge)
                                                     10.000    10.000 r  
    L16                                               0.000    10.000 r  clk_pi (IN)
                         net (fo=0)                   0.000    10.000    clk_pi
    L16                  IBUF (Prop_ibuf_I_O)         1.421    11.421 r  clk_pi_IBUF_inst/O
                         net (fo=1, routed)           1.880    13.301    u_clk_rst/u_clk_gen/clk_pi
    BUFGCTRL_X0Y17       BUFG (Prop_bufg_I_O)         0.091    13.392 r  u_clk_rst/u_clk_gen/u_bufg_clk_in/O
                         net (fo=1, routed)           1.474    14.865    u_clk_rst/u_clk_gen/clk_in_bufg
    MMCME2_ADV_X0Y1      MMCME2_ADV (Prop_mmcme2_adv_CLKIN1_CLKOUT0)
                                                     -3.164    11.702 r  u_clk_rst/u_clk_gen/u_mmcm1/CLKOUT0
                         net (fo=1, routed)           1.599    13.301    u_clk_rst/u_clk_gen/mmcm1_clkout0
    BUFGCTRL_X0Y16       BUFG (Prop_bufg_I_O)         0.091    13.392 r  u_clk_rst/u_clk_gen/u_bufg_clk_sys/O
                         net (fo=633, routed)         1.535    14.927    u_ap_user_top/u_audio_ram/clk_sys_po
    RAMB36_X0Y11         RAMB36E1                                     r  u_ap_user_top/u_audio_ram/ram_reg_1_9/CLKBWRCLK
                         clock pessimism              0.291    15.217    
                         clock uncertainty           -0.158    15.060    
    RAMB36_X0Y11         RAMB36E1 (Setup_ramb36e1_CLKBWRCLK_RSTRAMB)
                                                     -0.583    14.477    u_ap_user_top/u_audio_ram/ram_reg_1_9
  -------------------------------------------------------------------
                         required time                         14.477    
                         arrival time                         -11.183    
  -------------------------------------------------------------------
                         slack                                  3.293    

Slack (MET) :             3.662ns  (required time - arrival time)
  Source:                 u_ap_user_top/u_audio_ram/recording_reg_rep/C
                            (rising edge-triggered cell FDRE clocked by mmcm1_clkout0  {rise@0.000ns fall@5.000ns period=10.000ns})
  Destination:            u_ap_user_top/u_audio_ram/ram_reg_1_8/ENBWREN
                            (rising edge-triggered cell RAMB36E1 clocked by mmcm1_clkout0  {rise@0.000ns fall@5.000ns period=10.000ns})
  Path Group:             mmcm1_clkout0
  Path Type:              Setup (Max at Slow Process Corner)
  Requirement:            10.000ns  (mmcm1_clkout0 rise@10.000ns - mmcm1_clkout0 rise@0.000ns)
  Data Path Delay:        5.733ns  (logic 0.580ns (10.116%)  route 5.153ns (89.884%))
  Logic Levels:           1  (LUT2=1)
  Clock Path Skew:        -0.004ns (DCD - SCD + CPR)
    Destination Clock Delay (DCD):    4.920ns = ( 14.920 - 10.000 ) 
    Source Clock Delay      (SCD):    5.314ns
    Clock Pessimism Removal (CPR):    0.391ns
  Clock Uncertainty:      0.158ns  ((TSJ^2 + DJ^2)^1/2) / 2 + PE
    Total System Jitter     (TSJ):    0.071ns
    Discrete Jitter          (DJ):    0.307ns
    Phase Error              (PE):    0.000ns

    Location             Delay type                Incr(ns)  Path(ns)    Netlist Resource(s)
  -------------------------------------------------------------------    -------------------
                         (clock mmcm1_clkout0 rise edge)
                                                      0.000     0.000 r  
    L16                                               0.000     0.000 r  clk_pi (IN)
                         net (fo=0)                   0.000     0.000    clk_pi
    L16                  IBUF (Prop_ibuf_I_O)         1.491     1.491 r  clk_pi_IBUF_inst/O
                         net (fo=1, routed)           2.076     3.567    u_clk_rst/u_clk_gen/clk_pi
    BUFGCTRL_X0Y17       BUFG (Prop_bufg_I_O)         0.101     3.668 r  u_clk_rst/u_clk_gen/u_bufg_clk_in/O
                         net (fo=1, routed)           1.663     5.331    u_clk_rst/u_clk_gen/clk_in_bufg
    MMCME2_ADV_X0Y1      MMCME2_ADV (Prop_mmcme2_adv_CLKIN1_CLKOUT0)
                                                     -3.524     1.807 r  u_clk_rst/u_clk_gen/u_mmcm1/CLKOUT0
                         net (fo=1, routed)           1.760     3.567    u_clk_rst/u_clk_gen/mmcm1_clkout0
    BUFGCTRL_X0Y16       BUFG (Prop_bufg_I_O)         0.101     3.668 r  u_clk_rst/u_clk_gen/u_bufg_clk_sys/O
                         net (fo=633, routed)         1.646     5.314    u_ap_user_top/u_audio_ram/clk_sys_po
    SLICE_X23Y67         FDRE                                         r  u_ap_user_top/u_audio_ram/recording_reg_rep/C
  -------------------------------------------------------------------    -------------------
    SLICE_X23Y67         FDRE (Prop_fdre_C_Q)         0.456     5.770 f  u_ap_user_top/u_audio_ram/recording_reg_rep/Q
                         net (fo=38, routed)          2.461     8.231    u_ap_user_top/u_audio_ram/recording_reg_rep_n_0
    SLICE_X14Y79         LUT2 (Prop_lut2_I0_O)        0.124     8.355 r  u_ap_user_top/u_audio_ram/ram_reg_0_5_i_1/O
                         net (fo=6, routed)           2.693    11.048    u_ap_user_top/u_audio_ram/ram_reg_0_5_i_1_n_0
    RAMB36_X1Y19         RAMB36E1                                     r  u_ap_user_top/u_audio_ram/ram_reg_1_8/ENBWREN
  -------------------------------------------------------------------    -------------------

                         (clock mmcm1_clkout0 rise edge)
                                                     10.000    10.000 r  
    L16                                               0.000    10.000 r  clk_pi (IN)
                         net (fo=0)                   0.000    10.000    clk_pi
    L16                  IBUF (Prop_ibuf_I_O)         1.421    11.421 r  clk_pi_IBUF_inst/O
                         net (fo=1, routed)           1.880    13.301    u_clk_rst/u_clk_gen/clk_pi
    BUFGCTRL_X0Y17       BUFG (Prop_bufg_I_O)         0.091    13.392 r  u_clk_rst/u_clk_gen/u_bufg_clk_in/O
                         net (fo=1, routed)           1.474    14.865    u_clk_rst/u_clk_gen/clk_in_bufg
    MMCME2_ADV_X0Y1      MMCME2_ADV (Prop_mmcme2_adv_CLKIN1_CLKOUT0)
                                                     -3.164    11.702 r  u_clk_rst/u_clk_gen/u_mmcm1/CLKOUT0
                         net (fo=1, routed)           1.599    13.301    u_clk_rst/u_clk_gen/mmcm1_clkout0
    BUFGCTRL_X0Y16       BUFG (Prop_bufg_I_O)         0.091    13.392 r  u_clk_rst/u_clk_gen/u_bufg_clk_sys/O
                         net (fo=633, routed)         1.528    14.920    u_ap_user_top/u_audio_ram/clk_sys_po
    RAMB36_X1Y19         RAMB36E1                                     r  u_ap_user_top/u_audio_ram/ram_reg_1_8/CLKBWRCLK
                         clock pessimism              0.391    15.311    
                         clock uncertainty           -0.158    15.153    
    RAMB36_X1Y19         RAMB36E1 (Setup_ramb36e1_CLKBWRCLK_ENBWREN)
                                                     -0.443    14.710    u_ap_user_top/u_audio_ram/ram_reg_1_8
  -------------------------------------------------------------------
                         required time                         14.710    
                         arrival time                         -11.048    
  -------------------------------------------------------------------
                         slack                                  3.662    

Slack (MET) :             3.701ns  (required time - arrival time)
  Source:                 u_ap_user_top/u_audio_ram/recording_reg/C
                            (rising edge-triggered cell FDRE clocked by mmcm1_clkout0  {rise@0.000ns fall@5.000ns period=10.000ns})
  Destination:            u_ap_user_top/u_audio_ram/addr_cnt_reg[9]_rep__0/CE
                            (rising edge-triggered cell FDRE clocked by mmcm1_clkout0  {rise@0.000ns fall@5.000ns period=10.000ns})
  Path Group:             mmcm1_clkout0
  Path Type:              Setup (Max at Slow Process Corner)
  Requirement:            10.000ns  (mmcm1_clkout0 rise@10.000ns - mmcm1_clkout0 rise@0.000ns)
  Data Path Delay:        5.822ns  (logic 0.580ns (9.962%)  route 5.242ns (90.038%))
  Logic Levels:           1  (LUT3=1)
  Clock Path Skew:        -0.150ns (DCD - SCD + CPR)
    Destination Clock Delay (DCD):    4.873ns = ( 14.873 - 10.000 ) 
    Source Clock Delay      (SCD):    5.314ns
    Clock Pessimism Removal (CPR):    0.291ns
  Clock Uncertainty:      0.158ns  ((TSJ^2 + DJ^2)^1/2) / 2 + PE
    Total System Jitter     (TSJ):    0.071ns
    Discrete Jitter          (DJ):    0.307ns
    Phase Error              (PE):    0.000ns

    Location             Delay type                Incr(ns)  Path(ns)    Netlist Resource(s)
  -------------------------------------------------------------------    -------------------
                         (clock mmcm1_clkout0 rise edge)
                                                      0.000     0.000 r  
    L16                                               0.000     0.000 r  clk_pi (IN)
                         net (fo=0)                   0.000     0.000    clk_pi
    L16                  IBUF (Prop_ibuf_I_O)         1.491     1.491 r  clk_pi_IBUF_inst/O
                         net (fo=1, routed)           2.076     3.567    u_clk_rst/u_clk_gen/clk_pi
    BUFGCTRL_X0Y17       BUFG (Prop_bufg_I_O)         0.101     3.668 r  u_clk_rst/u_clk_gen/u_bufg_clk_in/O
                         net (fo=1, routed)           1.663     5.331    u_clk_rst/u_clk_gen/clk_in_bufg
    MMCME2_ADV_X0Y1      MMCME2_ADV (Prop_mmcme2_adv_CLKIN1_CLKOUT0)
                                                     -3.524     1.807 r  u_clk_rst/u_clk_gen/u_mmcm1/CLKOUT0
                         net (fo=1, routed)           1.760     3.567    u_clk_rst/u_clk_gen/mmcm1_clkout0
    BUFGCTRL_X0Y16       BUFG (Prop_bufg_I_O)         0.101     3.668 r  u_clk_rst/u_clk_gen/u_bufg_clk_sys/O
                         net (fo=633, routed)         1.646     5.314    u_ap_user_top/u_audio_ram/clk_sys_po
    SLICE_X23Y67         FDRE                                         r  u_ap_user_top/u_audio_ram/recording_reg/C
  -------------------------------------------------------------------    -------------------
    SLICE_X23Y67         FDRE (Prop_fdre_C_Q)         0.456     5.770 r  u_ap_user_top/u_audio_ram/recording_reg/Q
                         net (fo=21, routed)          0.650     6.420    u_ap_user_top/u_audio_ram/recording_reg_n_0
    SLICE_X24Y67         LUT3 (Prop_lut3_I2_O)        0.124     6.544 r  u_ap_user_top/u_audio_ram/addr_cnt[0]_i_2/O
                         net (fo=143, routed)         4.592    11.137    u_ap_user_top/u_audio_ram/addr_cnt
    SLICE_X6Y70          FDRE                                         r  u_ap_user_top/u_audio_ram/addr_cnt_reg[9]_rep__0/CE
  -------------------------------------------------------------------    -------------------

                         (clock mmcm1_clkout0 rise edge)
                                                     10.000    10.000 r  
    L16                                               0.000    10.000 r  clk_pi (IN)
                         net (fo=0)                   0.000    10.000    clk_pi
    L16                  IBUF (Prop_ibuf_I_O)         1.421    11.421 r  clk_pi_IBUF_inst/O
                         net (fo=1, routed)           1.880    13.301    u_clk_rst/u_clk_gen/clk_pi
    BUFGCTRL_X0Y17       BUFG (Prop_bufg_I_O)         0.091    13.392 r  u_clk_rst/u_clk_gen/u_bufg_clk_in/O
                         net (fo=1, routed)           1.474    14.865    u_clk_rst/u_clk_gen/clk_in_bufg
    MMCME2_ADV_X0Y1      MMCME2_ADV (Prop_mmcme2_adv_CLKIN1_CLKOUT0)
                                                     -3.164    11.702 r  u_clk_rst/u_clk_gen/u_mmcm1/CLKOUT0
                         net (fo=1, routed)           1.599    13.301    u_clk_rst/u_clk_gen/mmcm1_clkout0
    BUFGCTRL_X0Y16       BUFG (Prop_bufg_I_O)         0.091    13.392 r  u_clk_rst/u_clk_gen/u_bufg_clk_sys/O
                         net (fo=633, routed)         1.482    14.873    u_ap_user_top/u_audio_ram/clk_sys_po
    SLICE_X6Y70          FDRE                                         r  u_ap_user_top/u_audio_ram/addr_cnt_reg[9]_rep__0/C
                         clock pessimism              0.291    15.164    
                         clock uncertainty           -0.158    15.006    
    SLICE_X6Y70          FDRE (Setup_fdre_C_CE)      -0.169    14.837    u_ap_user_top/u_audio_ram/addr_cnt_reg[9]_rep__0
  -------------------------------------------------------------------
                         required time                         14.837    
                         arrival time                         -11.137    
  -------------------------------------------------------------------
                         slack                                  3.701    

Slack (MET) :             3.731ns  (required time - arrival time)
  Source:                 u_ap_user_top/u_audio_ram/recording_reg/C
                            (rising edge-triggered cell FDRE clocked by mmcm1_clkout0  {rise@0.000ns fall@5.000ns period=10.000ns})
  Destination:            u_ap_user_top/u_audio_ram/ram_reg_0_10/RSTRAMB
                            (rising edge-triggered cell RAMB36E1 clocked by mmcm1_clkout0  {rise@0.000ns fall@5.000ns period=10.000ns})
  Path Group:             mmcm1_clkout0
  Path Type:              Setup (Max at Slow Process Corner)
  Requirement:            10.000ns  (mmcm1_clkout0 rise@10.000ns - mmcm1_clkout0 rise@0.000ns)
  Data Path Delay:        5.428ns  (logic 0.606ns (11.164%)  route 4.822ns (88.836%))
  Logic Levels:           1  (LUT3=1)
  Clock Path Skew:        -0.100ns (DCD - SCD + CPR)
    Destination Clock Delay (DCD):    4.924ns = ( 14.924 - 10.000 ) 
    Source Clock Delay      (SCD):    5.314ns
    Clock Pessimism Removal (CPR):    0.291ns
  Clock Uncertainty:      0.158ns  ((TSJ^2 + DJ^2)^1/2) / 2 + PE
    Total System Jitter     (TSJ):    0.071ns
    Discrete Jitter          (DJ):    0.307ns
    Phase Error              (PE):    0.000ns

    Location             Delay type                Incr(ns)  Path(ns)    Netlist Resource(s)
  -------------------------------------------------------------------    -------------------
                         (clock mmcm1_clkout0 rise edge)
                                                      0.000     0.000 r  
    L16                                               0.000     0.000 r  clk_pi (IN)
                         net (fo=0)                   0.000     0.000    clk_pi
    L16                  IBUF (Prop_ibuf_I_O)         1.491     1.491 r  clk_pi_IBUF_inst/O
                         net (fo=1, routed)           2.076     3.567    u_clk_rst/u_clk_gen/clk_pi
    BUFGCTRL_X0Y17       BUFG (Prop_bufg_I_O)         0.101     3.668 r  u_clk_rst/u_clk_gen/u_bufg_clk_in/O
                         net (fo=1, routed)           1.663     5.331    u_clk_rst/u_clk_gen/clk_in_bufg
    MMCME2_ADV_X0Y1      MMCME2_ADV (Prop_mmcme2_adv_CLKIN1_CLKOUT0)
                                                     -3.524     1.807 r  u_clk_rst/u_clk_gen/u_mmcm1/CLKOUT0
                         net (fo=1, routed)           1.760     3.567    u_clk_rst/u_clk_gen/mmcm1_clkout0
    BUFGCTRL_X0Y16       BUFG (Prop_bufg_I_O)         0.101     3.668 r  u_clk_rst/u_clk_gen/u_bufg_clk_sys/O
                         net (fo=633, routed)         1.646     5.314    u_ap_user_top/u_audio_ram/clk_sys_po
    SLICE_X23Y67         FDRE                                         r  u_ap_user_top/u_audio_ram/recording_reg/C
  -------------------------------------------------------------------    -------------------
    SLICE_X23Y67         FDRE (Prop_fdre_C_Q)         0.456     5.770 f  u_ap_user_top/u_audio_ram/recording_reg/Q
                         net (fo=21, routed)          0.650     6.420    u_ap_user_top/u_audio_ram/recording_reg_n_0
    SLICE_X24Y67         LUT3 (Prop_lut3_I2_O)        0.150     6.570 r  u_ap_user_top/u_audio_ram/ram_reg_0_5_i_2/O
                         net (fo=22, routed)          4.172    10.742    u_ap_user_top/u_audio_ram/ram_reg_0_5_i_2_n_0
    RAMB36_X0Y12         RAMB36E1                                     r  u_ap_user_top/u_audio_ram/ram_reg_0_10/RSTRAMB
  -------------------------------------------------------------------    -------------------

                         (clock mmcm1_clkout0 rise edge)
                                                     10.000    10.000 r  
    L16                                               0.000    10.000 r  clk_pi (IN)
                         net (fo=0)                   0.000    10.000    clk_pi
    L16                  IBUF (Prop_ibuf_I_O)         1.421    11.421 r  clk_pi_IBUF_inst/O
                         net (fo=1, routed)           1.880    13.301    u_clk_rst/u_clk_gen/clk_pi
    BUFGCTRL_X0Y17       BUFG (Prop_bufg_I_O)         0.091    13.392 r  u_clk_rst/u_clk_gen/u_bufg_clk_in/O
                         net (fo=1, routed)           1.474    14.865    u_clk_rst/u_clk_gen/clk_in_bufg
    MMCME2_ADV_X0Y1      MMCME2_ADV (Prop_mmcme2_adv_CLKIN1_CLKOUT0)
                                                     -3.164    11.702 r  u_clk_rst/u_clk_gen/u_mmcm1/CLKOUT0
                         net (fo=1, routed)           1.599    13.301    u_clk_rst/u_clk_gen/mmcm1_clkout0
    BUFGCTRL_X0Y16       BUFG (Prop_bufg_I_O)         0.091    13.392 r  u_clk_rst/u_clk_gen/u_bufg_clk_sys/O
                         net (fo=633, routed)         1.532    14.924    u_ap_user_top/u_audio_ram/clk_sys_po
    RAMB36_X0Y12         RAMB36E1                                     r  u_ap_user_top/u_audio_ram/ram_reg_0_10/CLKBWRCLK
                         clock pessimism              0.291    15.214    
                         clock uncertainty           -0.158    15.057    
    RAMB36_X0Y12         RAMB36E1 (Setup_ramb36e1_CLKBWRCLK_RSTRAMB)
                                                     -0.583    14.474    u_ap_user_top/u_audio_ram/ram_reg_0_10
  -------------------------------------------------------------------
                         required time                         14.474    
                         arrival time                         -10.742    
  -------------------------------------------------------------------
                         slack                                  3.731    

Slack (MET) :             3.803ns  (required time - arrival time)
  Source:                 u_ap_user_top/u_audio_ram/recording_reg/C
                            (rising edge-triggered cell FDRE clocked by mmcm1_clkout0  {rise@0.000ns fall@5.000ns period=10.000ns})
  Destination:            u_ap_user_top/u_audio_ram/ram_reg_1_10/RSTRAMB
                            (rising edge-triggered cell RAMB36E1 clocked by mmcm1_clkout0  {rise@0.000ns fall@5.000ns period=10.000ns})
  Path Group:             mmcm1_clkout0
  Path Type:              Setup (Max at Slow Process Corner)
  Requirement:            10.000ns  (mmcm1_clkout0 rise@10.000ns - mmcm1_clkout0 rise@0.000ns)
  Data Path Delay:        5.353ns  (logic 0.606ns (11.321%)  route 4.747ns (88.679%))
  Logic Levels:           1  (LUT3=1)
  Clock Path Skew:        -0.104ns (DCD - SCD + CPR)
    Destination Clock Delay (DCD):    4.920ns = ( 14.920 - 10.000 ) 
    Source Clock Delay      (SCD):    5.314ns
    Clock Pessimism Removal (CPR):    0.291ns
  Clock Uncertainty:      0.158ns  ((TSJ^2 + DJ^2)^1/2) / 2 + PE
    Total System Jitter     (TSJ):    0.071ns
    Discrete Jitter          (DJ):    0.307ns
    Phase Error              (PE):    0.000ns

    Location             Delay type                Incr(ns)  Path(ns)    Netlist Resource(s)
  -------------------------------------------------------------------    -------------------
                         (clock mmcm1_clkout0 rise edge)
                                                      0.000     0.000 r  
    L16                                               0.000     0.000 r  clk_pi (IN)
                         net (fo=0)                   0.000     0.000    clk_pi
    L16                  IBUF (Prop_ibuf_I_O)         1.491     1.491 r  clk_pi_IBUF_inst/O
                         net (fo=1, routed)           2.076     3.567    u_clk_rst/u_clk_gen/clk_pi
    BUFGCTRL_X0Y17       BUFG (Prop_bufg_I_O)         0.101     3.668 r  u_clk_rst/u_clk_gen/u_bufg_clk_in/O
                         net (fo=1, routed)           1.663     5.331    u_clk_rst/u_clk_gen/clk_in_bufg
    MMCME2_ADV_X0Y1      MMCME2_ADV (Prop_mmcme2_adv_CLKIN1_CLKOUT0)
                                                     -3.524     1.807 r  u_clk_rst/u_clk_gen/u_mmcm1/CLKOUT0
                         net (fo=1, routed)           1.760     3.567    u_clk_rst/u_clk_gen/mmcm1_clkout0
    BUFGCTRL_X0Y16       BUFG (Prop_bufg_I_O)         0.101     3.668 r  u_clk_rst/u_clk_gen/u_bufg_clk_sys/O
                         net (fo=633, routed)         1.646     5.314    u_ap_user_top/u_audio_ram/clk_sys_po
    SLICE_X23Y67         FDRE                                         r  u_ap_user_top/u_audio_ram/recording_reg/C
  -------------------------------------------------------------------    -------------------
    SLICE_X23Y67         FDRE (Prop_fdre_C_Q)         0.456     5.770 f  u_ap_user_top/u_audio_ram/recording_reg/Q
                         net (fo=21, routed)          0.650     6.420    u_ap_user_top/u_audio_ram/recording_reg_n_0
    SLICE_X24Y67         LUT3 (Prop_lut3_I2_O)        0.150     6.570 r  u_ap_user_top/u_audio_ram/ram_reg_0_5_i_2/O
                         net (fo=22, routed)          4.097    10.667    u_ap_user_top/u_audio_ram/ram_reg_0_5_i_2_n_0
    RAMB36_X0Y13         RAMB36E1                                     r  u_ap_user_top/u_audio_ram/ram_reg_1_10/RSTRAMB
  -------------------------------------------------------------------    -------------------

                         (clock mmcm1_clkout0 rise edge)
                                                     10.000    10.000 r  
    L16                                               0.000    10.000 r  clk_pi (IN)
                         net (fo=0)                   0.000    10.000    clk_pi
    L16                  IBUF (Prop_ibuf_I_O)         1.421    11.421 r  clk_pi_IBUF_inst/O
                         net (fo=1, routed)           1.880    13.301    u_clk_rst/u_clk_gen/clk_pi
    BUFGCTRL_X0Y17       BUFG (Prop_bufg_I_O)         0.091    13.392 r  u_clk_rst/u_clk_gen/u_bufg_clk_in/O
                         net (fo=1, routed)           1.474    14.865    u_clk_rst/u_clk_gen/clk_in_bufg
    MMCME2_ADV_X0Y1      MMCME2_ADV (Prop_mmcme2_adv_CLKIN1_CLKOUT0)
                                                     -3.164    11.702 r  u_clk_rst/u_clk_gen/u_mmcm1/CLKOUT0
                         net (fo=1, routed)           1.599    13.301    u_clk_rst/u_clk_gen/mmcm1_clkout0
    BUFGCTRL_X0Y16       BUFG (Prop_bufg_I_O)         0.091    13.392 r  u_clk_rst/u_clk_gen/u_bufg_clk_sys/O
                         net (fo=633, routed)         1.528    14.920    u_ap_user_top/u_audio_ram/clk_sys_po
    RAMB36_X0Y13         RAMB36E1                                     r  u_ap_user_top/u_audio_ram/ram_reg_1_10/CLKBWRCLK
                         clock pessimism              0.291    15.210    
                         clock uncertainty           -0.158    15.053    
    RAMB36_X0Y13         RAMB36E1 (Setup_ramb36e1_CLKBWRCLK_RSTRAMB)
                                                     -0.583    14.470    u_ap_user_top/u_audio_ram/ram_reg_1_10
  -------------------------------------------------------------------
                         required time                         14.470    
                         arrival time                         -10.667    
  -------------------------------------------------------------------
                         slack                                  3.803    

Slack (MET) :             3.825ns  (required time - arrival time)
  Source:                 u_ap_user_top/u_audio_ram/recording_reg/C
                            (rising edge-triggered cell FDRE clocked by mmcm1_clkout0  {rise@0.000ns fall@5.000ns period=10.000ns})
  Destination:            u_ap_user_top/u_audio_ram/addr_cnt_reg[1]_rep__1/CE
                            (rising edge-triggered cell FDRE clocked by mmcm1_clkout0  {rise@0.000ns fall@5.000ns period=10.000ns})
  Path Group:             mmcm1_clkout0
  Path Type:              Setup (Max at Slow Process Corner)
  Requirement:            10.000ns  (mmcm1_clkout0 rise@10.000ns - mmcm1_clkout0 rise@0.000ns)
  Data Path Delay:        5.698ns  (logic 0.580ns (10.180%)  route 5.118ns (89.820%))
  Logic Levels:           1  (LUT3=1)
  Clock Path Skew:        -0.150ns (DCD - SCD + CPR)
    Destination Clock Delay (DCD):    4.873ns = ( 14.873 - 10.000 ) 
    Source Clock Delay      (SCD):    5.314ns
    Clock Pessimism Removal (CPR):    0.291ns
  Clock Uncertainty:      0.158ns  ((TSJ^2 + DJ^2)^1/2) / 2 + PE
    Total System Jitter     (TSJ):    0.071ns
    Discrete Jitter          (DJ):    0.307ns
    Phase Error              (PE):    0.000ns

    Location             Delay type                Incr(ns)  Path(ns)    Netlist Resource(s)
  -------------------------------------------------------------------    -------------------
                         (clock mmcm1_clkout0 rise edge)
                                                      0.000     0.000 r  
    L16                                               0.000     0.000 r  clk_pi (IN)
                         net (fo=0)                   0.000     0.000    clk_pi
    L16                  IBUF (Prop_ibuf_I_O)         1.491     1.491 r  clk_pi_IBUF_inst/O
                         net (fo=1, routed)           2.076     3.567    u_clk_rst/u_clk_gen/clk_pi
    BUFGCTRL_X0Y17       BUFG (Prop_bufg_I_O)         0.101     3.668 r  u_clk_rst/u_clk_gen/u_bufg_clk_in/O
                         net (fo=1, routed)           1.663     5.331    u_clk_rst/u_clk_gen/clk_in_bufg
    MMCME2_ADV_X0Y1      MMCME2_ADV (Prop_mmcme2_adv_CLKIN1_CLKOUT0)
                                                     -3.524     1.807 r  u_clk_rst/u_clk_gen/u_mmcm1/CLKOUT0
                         net (fo=1, routed)           1.760     3.567    u_clk_rst/u_clk_gen/mmcm1_clkout0
    BUFGCTRL_X0Y16       BUFG (Prop_bufg_I_O)         0.101     3.668 r  u_clk_rst/u_clk_gen/u_bufg_clk_sys/O
                         net (fo=633, routed)         1.646     5.314    u_ap_user_top/u_audio_ram/clk_sys_po
    SLICE_X23Y67         FDRE                                         r  u_ap_user_top/u_audio_ram/recording_reg/C
  -------------------------------------------------------------------    -------------------
    SLICE_X23Y67         FDRE (Prop_fdre_C_Q)         0.456     5.770 r  u_ap_user_top/u_audio_ram/recording_reg/Q
                         net (fo=21, routed)          0.650     6.420    u_ap_user_top/u_audio_ram/recording_reg_n_0
    SLICE_X24Y67         LUT3 (Prop_lut3_I2_O)        0.124     6.544 r  u_ap_user_top/u_audio_ram/addr_cnt[0]_i_2/O
                         net (fo=143, routed)         4.468    11.012    u_ap_user_top/u_audio_ram/addr_cnt
    SLICE_X6Y79          FDRE                                         r  u_ap_user_top/u_audio_ram/addr_cnt_reg[1]_rep__1/CE
  -------------------------------------------------------------------    -------------------

                         (clock mmcm1_clkout0 rise edge)
                                                     10.000    10.000 r  
    L16                                               0.000    10.000 r  clk_pi (IN)
                         net (fo=0)                   0.000    10.000    clk_pi
    L16                  IBUF (Prop_ibuf_I_O)         1.421    11.421 r  clk_pi_IBUF_inst/O
                         net (fo=1, routed)           1.880    13.301    u_clk_rst/u_clk_gen/clk_pi
    BUFGCTRL_X0Y17       BUFG (Prop_bufg_I_O)         0.091    13.392 r  u_clk_rst/u_clk_gen/u_bufg_clk_in/O
                         net (fo=1, routed)           1.474    14.865    u_clk_rst/u_clk_gen/clk_in_bufg
    MMCME2_ADV_X0Y1      MMCME2_ADV (Prop_mmcme2_adv_CLKIN1_CLKOUT0)
                                                     -3.164    11.702 r  u_clk_rst/u_clk_gen/u_mmcm1/CLKOUT0
                         net (fo=1, routed)           1.599    13.301    u_clk_rst/u_clk_gen/mmcm1_clkout0
    BUFGCTRL_X0Y16       BUFG (Prop_bufg_I_O)         0.091    13.392 r  u_clk_rst/u_clk_gen/u_bufg_clk_sys/O
                         net (fo=633, routed)         1.482    14.873    u_ap_user_top/u_audio_ram/clk_sys_po
    SLICE_X6Y79          FDRE                                         r  u_ap_user_top/u_audio_ram/addr_cnt_reg[1]_rep__1/C
                         clock pessimism              0.291    15.164    
                         clock uncertainty           -0.158    15.006    
    SLICE_X6Y79          FDRE (Setup_fdre_C_CE)      -0.169    14.837    u_ap_user_top/u_audio_ram/addr_cnt_reg[1]_rep__1
  -------------------------------------------------------------------
                         required time                         14.837    
                         arrival time                         -11.012    
  -------------------------------------------------------------------
                         slack                                  3.825    

Slack (MET) :             3.825ns  (required time - arrival time)
  Source:                 u_ap_user_top/u_audio_ram/recording_reg/C
                            (rising edge-triggered cell FDRE clocked by mmcm1_clkout0  {rise@0.000ns fall@5.000ns period=10.000ns})
  Destination:            u_ap_user_top/u_audio_ram/addr_cnt_reg[3]_rep__1/CE
                            (rising edge-triggered cell FDRE clocked by mmcm1_clkout0  {rise@0.000ns fall@5.000ns period=10.000ns})
  Path Group:             mmcm1_clkout0
  Path Type:              Setup (Max at Slow Process Corner)
  Requirement:            10.000ns  (mmcm1_clkout0 rise@10.000ns - mmcm1_clkout0 rise@0.000ns)
  Data Path Delay:        5.698ns  (logic 0.580ns (10.180%)  route 5.118ns (89.820%))
  Logic Levels:           1  (LUT3=1)
  Clock Path Skew:        -0.150ns (DCD - SCD + CPR)
    Destination Clock Delay (DCD):    4.873ns = ( 14.873 - 10.000 ) 
    Source Clock Delay      (SCD):    5.314ns
    Clock Pessimism Removal (CPR):    0.291ns
  Clock Uncertainty:      0.158ns  ((TSJ^2 + DJ^2)^1/2) / 2 + PE
    Total System Jitter     (TSJ):    0.071ns
    Discrete Jitter          (DJ):    0.307ns
    Phase Error              (PE):    0.000ns

    Location             Delay type                Incr(ns)  Path(ns)    Netlist Resource(s)
  -------------------------------------------------------------------    -------------------
                         (clock mmcm1_clkout0 rise edge)
                                                      0.000     0.000 r  
    L16                                               0.000     0.000 r  clk_pi (IN)
                         net (fo=0)                   0.000     0.000    clk_pi
    L16                  IBUF (Prop_ibuf_I_O)         1.491     1.491 r  clk_pi_IBUF_inst/O
                         net (fo=1, routed)           2.076     3.567    u_clk_rst/u_clk_gen/clk_pi
    BUFGCTRL_X0Y17       BUFG (Prop_bufg_I_O)         0.101     3.668 r  u_clk_rst/u_clk_gen/u_bufg_clk_in/O
                         net (fo=1, routed)           1.663     5.331    u_clk_rst/u_clk_gen/clk_in_bufg
    MMCME2_ADV_X0Y1      MMCME2_ADV (Prop_mmcme2_adv_CLKIN1_CLKOUT0)
                                                     -3.524     1.807 r  u_clk_rst/u_clk_gen/u_mmcm1/CLKOUT0
                         net (fo=1, routed)           1.760     3.567    u_clk_rst/u_clk_gen/mmcm1_clkout0
    BUFGCTRL_X0Y16       BUFG (Prop_bufg_I_O)         0.101     3.668 r  u_clk_rst/u_clk_gen/u_bufg_clk_sys/O
                         net (fo=633, routed)         1.646     5.314    u_ap_user_top/u_audio_ram/clk_sys_po
    SLICE_X23Y67         FDRE                                         r  u_ap_user_top/u_audio_ram/recording_reg/C
  -------------------------------------------------------------------    -------------------
    SLICE_X23Y67         FDRE (Prop_fdre_C_Q)         0.456     5.770 r  u_ap_user_top/u_audio_ram/recording_reg/Q
                         net (fo=21, routed)          0.650     6.420    u_ap_user_top/u_audio_ram/recording_reg_n_0
    SLICE_X24Y67         LUT3 (Prop_lut3_I2_O)        0.124     6.544 r  u_ap_user_top/u_audio_ram/addr_cnt[0]_i_2/O
                         net (fo=143, routed)         4.468    11.012    u_ap_user_top/u_audio_ram/addr_cnt
    SLICE_X6Y79          FDRE                                         r  u_ap_user_top/u_audio_ram/addr_cnt_reg[3]_rep__1/CE
  -------------------------------------------------------------------    -------------------

                         (clock mmcm1_clkout0 rise edge)
                                                     10.000    10.000 r  
    L16                                               0.000    10.000 r  clk_pi (IN)
                         net (fo=0)                   0.000    10.000    clk_pi
    L16                  IBUF (Prop_ibuf_I_O)         1.421    11.421 r  clk_pi_IBUF_inst/O
                         net (fo=1, routed)           1.880    13.301    u_clk_rst/u_clk_gen/clk_pi
    BUFGCTRL_X0Y17       BUFG (Prop_bufg_I_O)         0.091    13.392 r  u_clk_rst/u_clk_gen/u_bufg_clk_in/O
                         net (fo=1, routed)           1.474    14.865    u_clk_rst/u_clk_gen/clk_in_bufg
    MMCME2_ADV_X0Y1      MMCME2_ADV (Prop_mmcme2_adv_CLKIN1_CLKOUT0)
                                                     -3.164    11.702 r  u_clk_rst/u_clk_gen/u_mmcm1/CLKOUT0
                         net (fo=1, routed)           1.599    13.301    u_clk_rst/u_clk_gen/mmcm1_clkout0
    BUFGCTRL_X0Y16       BUFG (Prop_bufg_I_O)         0.091    13.392 r  u_clk_rst/u_clk_gen/u_bufg_clk_sys/O
                         net (fo=633, routed)         1.482    14.873    u_ap_user_top/u_audio_ram/clk_sys_po
    SLICE_X6Y79          FDRE                                         r  u_ap_user_top/u_audio_ram/addr_cnt_reg[3]_rep__1/C
                         clock pessimism              0.291    15.164    
                         clock uncertainty           -0.158    15.006    
    SLICE_X6Y79          FDRE (Setup_fdre_C_CE)      -0.169    14.837    u_ap_user_top/u_audio_ram/addr_cnt_reg[3]_rep__1
  -------------------------------------------------------------------
                         required time                         14.837    
                         arrival time                         -11.012    
  -------------------------------------------------------------------
                         slack                                  3.825    

Slack (MET) :             3.825ns  (required time - arrival time)
  Source:                 u_ap_user_top/u_audio_ram/recording_reg/C
                            (rising edge-triggered cell FDRE clocked by mmcm1_clkout0  {rise@0.000ns fall@5.000ns period=10.000ns})
  Destination:            u_ap_user_top/u_audio_ram/addr_cnt_reg[4]_rep__1/CE
                            (rising edge-triggered cell FDRE clocked by mmcm1_clkout0  {rise@0.000ns fall@5.000ns period=10.000ns})
  Path Group:             mmcm1_clkout0
  Path Type:              Setup (Max at Slow Process Corner)
  Requirement:            10.000ns  (mmcm1_clkout0 rise@10.000ns - mmcm1_clkout0 rise@0.000ns)
  Data Path Delay:        5.698ns  (logic 0.580ns (10.180%)  route 5.118ns (89.820%))
  Logic Levels:           1  (LUT3=1)
  Clock Path Skew:        -0.150ns (DCD - SCD + CPR)
    Destination Clock Delay (DCD):    4.873ns = ( 14.873 - 10.000 ) 
    Source Clock Delay      (SCD):    5.314ns
    Clock Pessimism Removal (CPR):    0.291ns
  Clock Uncertainty:      0.158ns  ((TSJ^2 + DJ^2)^1/2) / 2 + PE
    Total System Jitter     (TSJ):    0.071ns
    Discrete Jitter          (DJ):    0.307ns
    Phase Error              (PE):    0.000ns

    Location             Delay type                Incr(ns)  Path(ns)    Netlist Resource(s)
  -------------------------------------------------------------------    -------------------
                         (clock mmcm1_clkout0 rise edge)
                                                      0.000     0.000 r  
    L16                                               0.000     0.000 r  clk_pi (IN)
                         net (fo=0)                   0.000     0.000    clk_pi
    L16                  IBUF (Prop_ibuf_I_O)         1.491     1.491 r  clk_pi_IBUF_inst/O
                         net (fo=1, routed)           2.076     3.567    u_clk_rst/u_clk_gen/clk_pi
    BUFGCTRL_X0Y17       BUFG (Prop_bufg_I_O)         0.101     3.668 r  u_clk_rst/u_clk_gen/u_bufg_clk_in/O
                         net (fo=1, routed)           1.663     5.331    u_clk_rst/u_clk_gen/clk_in_bufg
    MMCME2_ADV_X0Y1      MMCME2_ADV (Prop_mmcme2_adv_CLKIN1_CLKOUT0)
                                                     -3.524     1.807 r  u_clk_rst/u_clk_gen/u_mmcm1/CLKOUT0
                         net (fo=1, routed)           1.760     3.567    u_clk_rst/u_clk_gen/mmcm1_clkout0
    BUFGCTRL_X0Y16       BUFG (Prop_bufg_I_O)         0.101     3.668 r  u_clk_rst/u_clk_gen/u_bufg_clk_sys/O
                         net (fo=633, routed)         1.646     5.314    u_ap_user_top/u_audio_ram/clk_sys_po
    SLICE_X23Y67         FDRE                                         r  u_ap_user_top/u_audio_ram/recording_reg/C
  -------------------------------------------------------------------    -------------------
    SLICE_X23Y67         FDRE (Prop_fdre_C_Q)         0.456     5.770 r  u_ap_user_top/u_audio_ram/recording_reg/Q
                         net (fo=21, routed)          0.650     6.420    u_ap_user_top/u_audio_ram/recording_reg_n_0
    SLICE_X24Y67         LUT3 (Prop_lut3_I2_O)        0.124     6.544 r  u_ap_user_top/u_audio_ram/addr_cnt[0]_i_2/O
                         net (fo=143, routed)         4.468    11.012    u_ap_user_top/u_audio_ram/addr_cnt
    SLICE_X6Y79          FDRE                                         r  u_ap_user_top/u_audio_ram/addr_cnt_reg[4]_rep__1/CE
  -------------------------------------------------------------------    -------------------

                         (clock mmcm1_clkout0 rise edge)
                                                     10.000    10.000 r  
    L16                                               0.000    10.000 r  clk_pi (IN)
                         net (fo=0)                   0.000    10.000    clk_pi
    L16                  IBUF (Prop_ibuf_I_O)         1.421    11.421 r  clk_pi_IBUF_inst/O
                         net (fo=1, routed)           1.880    13.301    u_clk_rst/u_clk_gen/clk_pi
    BUFGCTRL_X0Y17       BUFG (Prop_bufg_I_O)         0.091    13.392 r  u_clk_rst/u_clk_gen/u_bufg_clk_in/O
                         net (fo=1, routed)           1.474    14.865    u_clk_rst/u_clk_gen/clk_in_bufg
    MMCME2_ADV_X0Y1      MMCME2_ADV (Prop_mmcme2_adv_CLKIN1_CLKOUT0)
                                                     -3.164    11.702 r  u_clk_rst/u_clk_gen/u_mmcm1/CLKOUT0
                         net (fo=1, routed)           1.599    13.301    u_clk_rst/u_clk_gen/mmcm1_clkout0
    BUFGCTRL_X0Y16       BUFG (Prop_bufg_I_O)         0.091    13.392 r  u_clk_rst/u_clk_gen/u_bufg_clk_sys/O
                         net (fo=633, routed)         1.482    14.873    u_ap_user_top/u_audio_ram/clk_sys_po
    SLICE_X6Y79          FDRE                                         r  u_ap_user_top/u_audio_ram/addr_cnt_reg[4]_rep__1/C
                         clock pessimism              0.291    15.164    
                         clock uncertainty           -0.158    15.006    
    SLICE_X6Y79          FDRE (Setup_fdre_C_CE)      -0.169    14.837    u_ap_user_top/u_audio_ram/addr_cnt_reg[4]_rep__1
  -------------------------------------------------------------------
                         required time                         14.837    
                         arrival time                         -11.012    
  -------------------------------------------------------------------
                         slack                                  3.825    

Slack (MET) :             3.825ns  (required time - arrival time)
  Source:                 u_ap_user_top/u_audio_ram/recording_reg/C
                            (rising edge-triggered cell FDRE clocked by mmcm1_clkout0  {rise@0.000ns fall@5.000ns period=10.000ns})
  Destination:            u_ap_user_top/u_audio_ram/addr_cnt_reg[5]_rep__1/CE
                            (rising edge-triggered cell FDRE clocked by mmcm1_clkout0  {rise@0.000ns fall@5.000ns period=10.000ns})
  Path Group:             mmcm1_clkout0
  Path Type:              Setup (Max at Slow Process Corner)
  Requirement:            10.000ns  (mmcm1_clkout0 rise@10.000ns - mmcm1_clkout0 rise@0.000ns)
  Data Path Delay:        5.698ns  (logic 0.580ns (10.180%)  route 5.118ns (89.820%))
  Logic Levels:           1  (LUT3=1)
  Clock Path Skew:        -0.150ns (DCD - SCD + CPR)
    Destination Clock Delay (DCD):    4.873ns = ( 14.873 - 10.000 ) 
    Source Clock Delay      (SCD):    5.314ns
    Clock Pessimism Removal (CPR):    0.291ns
  Clock Uncertainty:      0.158ns  ((TSJ^2 + DJ^2)^1/2) / 2 + PE
    Total System Jitter     (TSJ):    0.071ns
    Discrete Jitter          (DJ):    0.307ns
    Phase Error              (PE):    0.000ns

    Location             Delay type                Incr(ns)  Path(ns)    Netlist Resource(s)
  -------------------------------------------------------------------    -------------------
                         (clock mmcm1_clkout0 rise edge)
                                                      0.000     0.000 r  
    L16                                               0.000     0.000 r  clk_pi (IN)
                         net (fo=0)                   0.000     0.000    clk_pi
    L16                  IBUF (Prop_ibuf_I_O)         1.491     1.491 r  clk_pi_IBUF_inst/O
                         net (fo=1, routed)           2.076     3.567    u_clk_rst/u_clk_gen/clk_pi
    BUFGCTRL_X0Y17       BUFG (Prop_bufg_I_O)         0.101     3.668 r  u_clk_rst/u_clk_gen/u_bufg_clk_in/O
                         net (fo=1, routed)           1.663     5.331    u_clk_rst/u_clk_gen/clk_in_bufg
    MMCME2_ADV_X0Y1      MMCME2_ADV (Prop_mmcme2_adv_CLKIN1_CLKOUT0)
                                                     -3.524     1.807 r  u_clk_rst/u_clk_gen/u_mmcm1/CLKOUT0
                         net (fo=1, routed)           1.760     3.567    u_clk_rst/u_clk_gen/mmcm1_clkout0
    BUFGCTRL_X0Y16       BUFG (Prop_bufg_I_O)         0.101     3.668 r  u_clk_rst/u_clk_gen/u_bufg_clk_sys/O
                         net (fo=633, routed)         1.646     5.314    u_ap_user_top/u_audio_ram/clk_sys_po
    SLICE_X23Y67         FDRE                                         r  u_ap_user_top/u_audio_ram/recording_reg/C
  -------------------------------------------------------------------    -------------------
    SLICE_X23Y67         FDRE (Prop_fdre_C_Q)         0.456     5.770 r  u_ap_user_top/u_audio_ram/recording_reg/Q
                         net (fo=21, routed)          0.650     6.420    u_ap_user_top/u_audio_ram/recording_reg_n_0
    SLICE_X24Y67         LUT3 (Prop_lut3_I2_O)        0.124     6.544 r  u_ap_user_top/u_audio_ram/addr_cnt[0]_i_2/O
                         net (fo=143, routed)         4.468    11.012    u_ap_user_top/u_audio_ram/addr_cnt
    SLICE_X6Y79          FDRE                                         r  u_ap_user_top/u_audio_ram/addr_cnt_reg[5]_rep__1/CE
  -------------------------------------------------------------------    -------------------

                         (clock mmcm1_clkout0 rise edge)
                                                     10.000    10.000 r  
    L16                                               0.000    10.000 r  clk_pi (IN)
                         net (fo=0)                   0.000    10.000    clk_pi
    L16                  IBUF (Prop_ibuf_I_O)         1.421    11.421 r  clk_pi_IBUF_inst/O
                         net (fo=1, routed)           1.880    13.301    u_clk_rst/u_clk_gen/clk_pi
    BUFGCTRL_X0Y17       BUFG (Prop_bufg_I_O)         0.091    13.392 r  u_clk_rst/u_clk_gen/u_bufg_clk_in/O
                         net (fo=1, routed)           1.474    14.865    u_clk_rst/u_clk_gen/clk_in_bufg
    MMCME2_ADV_X0Y1      MMCME2_ADV (Prop_mmcme2_adv_CLKIN1_CLKOUT0)
                                                     -3.164    11.702 r  u_clk_rst/u_clk_gen/u_mmcm1/CLKOUT0
                         net (fo=1, routed)           1.599    13.301    u_clk_rst/u_clk_gen/mmcm1_clkout0
    BUFGCTRL_X0Y16       BUFG (Prop_bufg_I_O)         0.091    13.392 r  u_clk_rst/u_clk_gen/u_bufg_clk_sys/O
                         net (fo=633, routed)         1.482    14.873    u_ap_user_top/u_audio_ram/clk_sys_po
    SLICE_X6Y79          FDRE                                         r  u_ap_user_top/u_audio_ram/addr_cnt_reg[5]_rep__1/C
                         clock pessimism              0.291    15.164    
                         clock uncertainty           -0.158    15.006    
    SLICE_X6Y79          FDRE (Setup_fdre_C_CE)      -0.169    14.837    u_ap_user_top/u_audio_ram/addr_cnt_reg[5]_rep__1
  -------------------------------------------------------------------
                         required time                         14.837    
                         arrival time                         -11.012    
  -------------------------------------------------------------------
                         slack                                  3.825    





Min Delay Paths
--------------------------------------------------------------------------------------
Slack (MET) :             0.067ns  (arrival time - required time)
  Source:                 u_ap_user_top/u_audio_ram/addr_cnt_reg[8]_rep_rep__1/C
                            (rising edge-triggered cell FDRE clocked by mmcm1_clkout0  {rise@0.000ns fall@5.000ns period=10.000ns})
  Destination:            u_ap_user_top/u_audio_ram/ram_reg_1_10/ADDRBWRADDR[8]
                            (rising edge-triggered cell RAMB36E1 clocked by mmcm1_clkout0  {rise@0.000ns fall@5.000ns period=10.000ns})
  Path Group:             mmcm1_clkout0
  Path Type:              Hold (Min at Fast Process Corner)
  Requirement:            0.000ns  (mmcm1_clkout0 rise@9990.000ns - mmcm1_clkout0 rise@9990.000ns)
  Data Path Delay:        0.307ns  (logic 0.141ns (45.991%)  route 0.166ns (54.009%))
  Logic Levels:           0  
  Clock Path Skew:        0.056ns (DCD - SCD - CPR)
    Destination Clock Delay (DCD):    2.025ns
    Source Clock Delay      (SCD):    1.469ns
    Clock Pessimism Removal (CPR):    0.500ns
  Timing Exception:       MultiCycle Path   Setup -end   1000    Hold  -start 999

    Location             Delay type                Incr(ns)  Path(ns)    Netlist Resource(s)
  -------------------------------------------------------------------    -------------------
                         (clock mmcm1_clkout0 rise edge)
                                                   9990.000  9990.000 r  
    L16                                               0.000  9990.000 r  clk_pi (IN)
                         net (fo=0)                   0.000  9990.000    clk_pi
    L16                  IBUF (Prop_ibuf_I_O)         0.259  9990.259 r  clk_pi_IBUF_inst/O
                         net (fo=1, routed)           0.627  9990.886    u_clk_rst/u_clk_gen/clk_pi
    BUFGCTRL_X0Y17       BUFG (Prop_bufg_I_O)         0.026  9990.912 r  u_clk_rst/u_clk_gen/u_bufg_clk_in/O
                         net (fo=1, routed)           0.542  9991.454    u_clk_rst/u_clk_gen/clk_in_bufg
    MMCME2_ADV_X0Y1      MMCME2_ADV (Prop_mmcme2_adv_CLKIN1_CLKOUT0)
                                                     -1.050  9990.404 r  u_clk_rst/u_clk_gen/u_mmcm1/CLKOUT0
                         net (fo=1, routed)           0.482  9990.886    u_clk_rst/u_clk_gen/mmcm1_clkout0
    BUFGCTRL_X0Y16       BUFG (Prop_bufg_I_O)         0.026  9990.912 r  u_clk_rst/u_clk_gen/u_bufg_clk_sys/O
                         net (fo=633, routed)         0.557  9991.469    u_ap_user_top/u_audio_ram/clk_sys_po
    SLICE_X7Y66          FDRE                                         r  u_ap_user_top/u_audio_ram/addr_cnt_reg[8]_rep_rep__1/C
  -------------------------------------------------------------------    -------------------
    SLICE_X7Y66          FDRE (Prop_fdre_C_Q)         0.141  9991.609 r  u_ap_user_top/u_audio_ram/addr_cnt_reg[8]_rep_rep__1/Q
                         net (fo=8, routed)           0.166  9991.775    u_ap_user_top/u_audio_ram/addr_cnt_reg[8]_rep_rep__1_n_0
    RAMB36_X0Y13         RAMB36E1                                     r  u_ap_user_top/u_audio_ram/ram_reg_1_10/ADDRBWRADDR[8]
  -------------------------------------------------------------------    -------------------

                         (clock mmcm1_clkout0 rise edge)
                                                   9990.000  9990.000 r  
    L16                                               0.000  9990.000 r  clk_pi (IN)
                         net (fo=0)                   0.000  9990.000    clk_pi
    L16                  IBUF (Prop_ibuf_I_O)         0.447  9990.447 r  clk_pi_IBUF_inst/O
                         net (fo=1, routed)           0.683  9991.130    u_clk_rst/u_clk_gen/clk_pi
    BUFGCTRL_X0Y17       BUFG (Prop_bufg_I_O)         0.029  9991.159 r  u_clk_rst/u_clk_gen/u_bufg_clk_in/O
                         net (fo=1, routed)           0.809  9991.968    u_clk_rst/u_clk_gen/clk_in_bufg
    MMCME2_ADV_X0Y1      MMCME2_ADV (Prop_mmcme2_adv_CLKIN1_CLKOUT0)
                                                     -1.366  9990.602 r  u_clk_rst/u_clk_gen/u_mmcm1/CLKOUT0
                         net (fo=1, routed)           0.528  9991.130    u_clk_rst/u_clk_gen/mmcm1_clkout0
    BUFGCTRL_X0Y16       BUFG (Prop_bufg_I_O)         0.029  9991.159 r  u_clk_rst/u_clk_gen/u_bufg_clk_sys/O
                         net (fo=633, routed)         0.866  9992.025    u_ap_user_top/u_audio_ram/clk_sys_po
    RAMB36_X0Y13         RAMB36E1                                     r  u_ap_user_top/u_audio_ram/ram_reg_1_10/CLKBWRCLK
                         clock pessimism             -0.500  9991.525    
    RAMB36_X0Y13         RAMB36E1 (Hold_ramb36e1_CLKBWRCLK_ADDRBWRADDR[8])
                                                      0.183  9991.708    u_ap_user_top/u_audio_ram/ram_reg_1_10
  -------------------------------------------------------------------
                         required time                      -9991.708    
                         arrival time                        9991.775    
  -------------------------------------------------------------------
                         slack                                  0.067    

Slack (MET) :             0.076ns  (arrival time - required time)
  Source:                 u_ap_user_top/u_audio_ram/addr_cnt_reg[6]_rep_rep__1/C
                            (rising edge-triggered cell FDRE clocked by mmcm1_clkout0  {rise@0.000ns fall@5.000ns period=10.000ns})
  Destination:            u_ap_user_top/u_audio_ram/ram_reg_0_2/ADDRARDADDR[6]
                            (rising edge-triggered cell RAMB36E1 clocked by mmcm1_clkout0  {rise@0.000ns fall@5.000ns period=10.000ns})
  Path Group:             mmcm1_clkout0
  Path Type:              Hold (Min at Fast Process Corner)
  Requirement:            0.000ns  (mmcm1_clkout0 rise@9990.000ns - mmcm1_clkout0 rise@9990.000ns)
  Data Path Delay:        0.315ns  (logic 0.141ns (44.781%)  route 0.174ns (55.219%))
  Logic Levels:           0  
  Clock Path Skew:        0.055ns (DCD - SCD - CPR)
    Destination Clock Delay (DCD):    2.014ns
    Source Clock Delay      (SCD):    1.459ns
    Clock Pessimism Removal (CPR):    0.500ns
  Timing Exception:       MultiCycle Path   Setup -end   1000    Hold  -start 999

    Location             Delay type                Incr(ns)  Path(ns)    Netlist Resource(s)
  -------------------------------------------------------------------    -------------------
                         (clock mmcm1_clkout0 rise edge)
                                                   9990.000  9990.000 r  
    L16                                               0.000  9990.000 r  clk_pi (IN)
                         net (fo=0)                   0.000  9990.000    clk_pi
    L16                  IBUF (Prop_ibuf_I_O)         0.259  9990.259 r  clk_pi_IBUF_inst/O
                         net (fo=1, routed)           0.627  9990.886    u_clk_rst/u_clk_gen/clk_pi
    BUFGCTRL_X0Y17       BUFG (Prop_bufg_I_O)         0.026  9990.912 r  u_clk_rst/u_clk_gen/u_bufg_clk_in/O
                         net (fo=1, routed)           0.542  9991.454    u_clk_rst/u_clk_gen/clk_in_bufg
    MMCME2_ADV_X0Y1      MMCME2_ADV (Prop_mmcme2_adv_CLKIN1_CLKOUT0)
                                                     -1.050  9990.404 r  u_clk_rst/u_clk_gen/u_mmcm1/CLKOUT0
                         net (fo=1, routed)           0.482  9990.886    u_clk_rst/u_clk_gen/mmcm1_clkout0
    BUFGCTRL_X0Y16       BUFG (Prop_bufg_I_O)         0.026  9990.912 r  u_clk_rst/u_clk_gen/u_bufg_clk_sys/O
                         net (fo=633, routed)         0.547  9991.459    u_ap_user_top/u_audio_ram/clk_sys_po
    SLICE_X26Y73         FDRE                                         r  u_ap_user_top/u_audio_ram/addr_cnt_reg[6]_rep_rep__1/C
  -------------------------------------------------------------------    -------------------
    SLICE_X26Y73         FDRE (Prop_fdre_C_Q)         0.141  9991.600 r  u_ap_user_top/u_audio_ram/addr_cnt_reg[6]_rep_rep__1/Q
                         net (fo=10, routed)          0.174  9991.773    u_ap_user_top/u_audio_ram/addr_cnt_reg[6]_rep_rep__1_n_0
    RAMB36_X1Y14         RAMB36E1                                     r  u_ap_user_top/u_audio_ram/ram_reg_0_2/ADDRARDADDR[6]
  -------------------------------------------------------------------    -------------------

                         (clock mmcm1_clkout0 rise edge)
                                                   9990.000  9990.000 r  
    L16                                               0.000  9990.000 r  clk_pi (IN)
                         net (fo=0)                   0.000  9990.000    clk_pi
    L16                  IBUF (Prop_ibuf_I_O)         0.447  9990.447 r  clk_pi_IBUF_inst/O
                         net (fo=1, routed)           0.683  9991.130    u_clk_rst/u_clk_gen/clk_pi
    BUFGCTRL_X0Y17       BUFG (Prop_bufg_I_O)         0.029  9991.159 r  u_clk_rst/u_clk_gen/u_bufg_clk_in/O
                         net (fo=1, routed)           0.809  9991.968    u_clk_rst/u_clk_gen/clk_in_bufg
    MMCME2_ADV_X0Y1      MMCME2_ADV (Prop_mmcme2_adv_CLKIN1_CLKOUT0)
                                                     -1.366  9990.602 r  u_clk_rst/u_clk_gen/u_mmcm1/CLKOUT0
                         net (fo=1, routed)           0.528  9991.130    u_clk_rst/u_clk_gen/mmcm1_clkout0
    BUFGCTRL_X0Y16       BUFG (Prop_bufg_I_O)         0.029  9991.159 r  u_clk_rst/u_clk_gen/u_bufg_clk_sys/O
                         net (fo=633, routed)         0.855  9992.015    u_ap_user_top/u_audio_ram/clk_sys_po
    RAMB36_X1Y14         RAMB36E1                                     r  u_ap_user_top/u_audio_ram/ram_reg_0_2/CLKARDCLK
                         clock pessimism             -0.500  9991.515    
    RAMB36_X1Y14         RAMB36E1 (Hold_ramb36e1_CLKARDCLK_ADDRARDADDR[6])
                                                      0.183  9991.697    u_ap_user_top/u_audio_ram/ram_reg_0_2
  -------------------------------------------------------------------
                         required time                      -9991.697    
                         arrival time                        9991.773    
  -------------------------------------------------------------------
                         slack                                  0.076    

Slack (MET) :             0.082ns  (arrival time - required time)
  Source:                 u_ap_user_top/u_audio_ram/addr_cnt_reg[0]_rep_rep__1/C
                            (rising edge-triggered cell FDRE clocked by mmcm1_clkout0  {rise@0.000ns fall@5.000ns period=10.000ns})
  Destination:            u_ap_user_top/u_audio_ram/ram_reg_1_10/ADDRBWRADDR[0]
                            (rising edge-triggered cell RAMB36E1 clocked by mmcm1_clkout0  {rise@0.000ns fall@5.000ns period=10.000ns})
  Path Group:             mmcm1_clkout0
  Path Type:              Hold (Min at Fast Process Corner)
  Requirement:            0.000ns  (mmcm1_clkout0 rise@9990.000ns - mmcm1_clkout0 rise@9990.000ns)
  Data Path Delay:        0.322ns  (logic 0.141ns (43.796%)  route 0.181ns (56.204%))
  Logic Levels:           0  
  Clock Path Skew:        0.056ns (DCD - SCD - CPR)
    Destination Clock Delay (DCD):    2.025ns
    Source Clock Delay      (SCD):    1.469ns
    Clock Pessimism Removal (CPR):    0.500ns
  Timing Exception:       MultiCycle Path   Setup -end   1000    Hold  -start 999

    Location             Delay type                Incr(ns)  Path(ns)    Netlist Resource(s)
  -------------------------------------------------------------------    -------------------
                         (clock mmcm1_clkout0 rise edge)
                                                   9990.000  9990.000 r  
    L16                                               0.000  9990.000 r  clk_pi (IN)
                         net (fo=0)                   0.000  9990.000    clk_pi
    L16                  IBUF (Prop_ibuf_I_O)         0.259  9990.259 r  clk_pi_IBUF_inst/O
                         net (fo=1, routed)           0.627  9990.886    u_clk_rst/u_clk_gen/clk_pi
    BUFGCTRL_X0Y17       BUFG (Prop_bufg_I_O)         0.026  9990.912 r  u_clk_rst/u_clk_gen/u_bufg_clk_in/O
                         net (fo=1, routed)           0.542  9991.454    u_clk_rst/u_clk_gen/clk_in_bufg
    MMCME2_ADV_X0Y1      MMCME2_ADV (Prop_mmcme2_adv_CLKIN1_CLKOUT0)
                                                     -1.050  9990.404 r  u_clk_rst/u_clk_gen/u_mmcm1/CLKOUT0
                         net (fo=1, routed)           0.482  9990.886    u_clk_rst/u_clk_gen/mmcm1_clkout0
    BUFGCTRL_X0Y16       BUFG (Prop_bufg_I_O)         0.026  9990.912 r  u_clk_rst/u_clk_gen/u_bufg_clk_sys/O
                         net (fo=633, routed)         0.557  9991.469    u_ap_user_top/u_audio_ram/clk_sys_po
    SLICE_X7Y66          FDRE                                         r  u_ap_user_top/u_audio_ram/addr_cnt_reg[0]_rep_rep__1/C
  -------------------------------------------------------------------    -------------------
    SLICE_X7Y66          FDRE (Prop_fdre_C_Q)         0.141  9991.609 r  u_ap_user_top/u_audio_ram/addr_cnt_reg[0]_rep_rep__1/Q
                         net (fo=8, routed)           0.181  9991.790    u_ap_user_top/u_audio_ram/addr_cnt_reg[0]_rep_rep__1_n_0
    RAMB36_X0Y13         RAMB36E1                                     r  u_ap_user_top/u_audio_ram/ram_reg_1_10/ADDRBWRADDR[0]
  -------------------------------------------------------------------    -------------------

                         (clock mmcm1_clkout0 rise edge)
                                                   9990.000  9990.000 r  
    L16                                               0.000  9990.000 r  clk_pi (IN)
                         net (fo=0)                   0.000  9990.000    clk_pi
    L16                  IBUF (Prop_ibuf_I_O)         0.447  9990.447 r  clk_pi_IBUF_inst/O
                         net (fo=1, routed)           0.683  9991.130    u_clk_rst/u_clk_gen/clk_pi
    BUFGCTRL_X0Y17       BUFG (Prop_bufg_I_O)         0.029  9991.159 r  u_clk_rst/u_clk_gen/u_bufg_clk_in/O
                         net (fo=1, routed)           0.809  9991.968    u_clk_rst/u_clk_gen/clk_in_bufg
    MMCME2_ADV_X0Y1      MMCME2_ADV (Prop_mmcme2_adv_CLKIN1_CLKOUT0)
                                                     -1.366  9990.602 r  u_clk_rst/u_clk_gen/u_mmcm1/CLKOUT0
                         net (fo=1, routed)           0.528  9991.130    u_clk_rst/u_clk_gen/mmcm1_clkout0
    BUFGCTRL_X0Y16       BUFG (Prop_bufg_I_O)         0.029  9991.159 r  u_clk_rst/u_clk_gen/u_bufg_clk_sys/O
                         net (fo=633, routed)         0.866  9992.025    u_ap_user_top/u_audio_ram/clk_sys_po
    RAMB36_X0Y13         RAMB36E1                                     r  u_ap_user_top/u_audio_ram/ram_reg_1_10/CLKBWRCLK
                         clock pessimism             -0.500  9991.525    
    RAMB36_X0Y13         RAMB36E1 (Hold_ramb36e1_CLKBWRCLK_ADDRBWRADDR[0])
                                                      0.183  9991.708    u_ap_user_top/u_audio_ram/ram_reg_1_10
  -------------------------------------------------------------------
                         required time                      -9991.708    
                         arrival time                        9991.791    
  -------------------------------------------------------------------
                         slack                                  0.082    

Slack (MET) :             0.088ns  (arrival time - required time)
  Source:                 u_ap_user_top/u_audio_ram/addr_cnt_reg[14]_rep__1/C
                            (rising edge-triggered cell FDRE clocked by mmcm1_clkout0  {rise@0.000ns fall@5.000ns period=10.000ns})
  Destination:            u_ap_user_top/u_audio_ram/ram_reg_1_10/ADDRBWRADDR[14]
                            (rising edge-triggered cell RAMB36E1 clocked by mmcm1_clkout0  {rise@0.000ns fall@5.000ns period=10.000ns})
  Path Group:             mmcm1_clkout0
  Path Type:              Hold (Min at Fast Process Corner)
  Requirement:            0.000ns  (mmcm1_clkout0 rise@9990.000ns - mmcm1_clkout0 rise@9990.000ns)
  Data Path Delay:        0.331ns  (logic 0.164ns (49.601%)  route 0.167ns (50.399%))
  Logic Levels:           0  
  Clock Path Skew:        0.059ns (DCD - SCD - CPR)
    Destination Clock Delay (DCD):    2.025ns
    Source Clock Delay      (SCD):    1.466ns
    Clock Pessimism Removal (CPR):    0.500ns
  Timing Exception:       MultiCycle Path   Setup -end   1000    Hold  -start 999

    Location             Delay type                Incr(ns)  Path(ns)    Netlist Resource(s)
  -------------------------------------------------------------------    -------------------
                         (clock mmcm1_clkout0 rise edge)
                                                   9990.000  9990.000 r  
    L16                                               0.000  9990.000 r  clk_pi (IN)
                         net (fo=0)                   0.000  9990.000    clk_pi
    L16                  IBUF (Prop_ibuf_I_O)         0.259  9990.259 r  clk_pi_IBUF_inst/O
                         net (fo=1, routed)           0.627  9990.886    u_clk_rst/u_clk_gen/clk_pi
    BUFGCTRL_X0Y17       BUFG (Prop_bufg_I_O)         0.026  9990.912 r  u_clk_rst/u_clk_gen/u_bufg_clk_in/O
                         net (fo=1, routed)           0.542  9991.454    u_clk_rst/u_clk_gen/clk_in_bufg
    MMCME2_ADV_X0Y1      MMCME2_ADV (Prop_mmcme2_adv_CLKIN1_CLKOUT0)
                                                     -1.050  9990.404 r  u_clk_rst/u_clk_gen/u_mmcm1/CLKOUT0
                         net (fo=1, routed)           0.482  9990.886    u_clk_rst/u_clk_gen/mmcm1_clkout0
    BUFGCTRL_X0Y16       BUFG (Prop_bufg_I_O)         0.026  9990.912 r  u_clk_rst/u_clk_gen/u_bufg_clk_sys/O
                         net (fo=633, routed)         0.554  9991.466    u_ap_user_top/u_audio_ram/clk_sys_po
    SLICE_X6Y69          FDRE                                         r  u_ap_user_top/u_audio_ram/addr_cnt_reg[14]_rep__1/C
  -------------------------------------------------------------------    -------------------
    SLICE_X6Y69          FDRE (Prop_fdre_C_Q)         0.164  9991.630 r  u_ap_user_top/u_audio_ram/addr_cnt_reg[14]_rep__1/Q
                         net (fo=10, routed)          0.167  9991.797    u_ap_user_top/u_audio_ram/addr_cnt_reg[14]_rep__1_n_0
    RAMB36_X0Y13         RAMB36E1                                     r  u_ap_user_top/u_audio_ram/ram_reg_1_10/ADDRBWRADDR[14]
  -------------------------------------------------------------------    -------------------

                         (clock mmcm1_clkout0 rise edge)
                                                   9990.000  9990.000 r  
    L16                                               0.000  9990.000 r  clk_pi (IN)
                         net (fo=0)                   0.000  9990.000    clk_pi
    L16                  IBUF (Prop_ibuf_I_O)         0.447  9990.447 r  clk_pi_IBUF_inst/O
                         net (fo=1, routed)           0.683  9991.130    u_clk_rst/u_clk_gen/clk_pi
    BUFGCTRL_X0Y17       BUFG (Prop_bufg_I_O)         0.029  9991.159 r  u_clk_rst/u_clk_gen/u_bufg_clk_in/O
                         net (fo=1, routed)           0.809  9991.968    u_clk_rst/u_clk_gen/clk_in_bufg
    MMCME2_ADV_X0Y1      MMCME2_ADV (Prop_mmcme2_adv_CLKIN1_CLKOUT0)
                                                     -1.366  9990.602 r  u_clk_rst/u_clk_gen/u_mmcm1/CLKOUT0
                         net (fo=1, routed)           0.528  9991.130    u_clk_rst/u_clk_gen/mmcm1_clkout0
    BUFGCTRL_X0Y16       BUFG (Prop_bufg_I_O)         0.029  9991.159 r  u_clk_rst/u_clk_gen/u_bufg_clk_sys/O
                         net (fo=633, routed)         0.866  9992.025    u_ap_user_top/u_audio_ram/clk_sys_po
    RAMB36_X0Y13         RAMB36E1                                     r  u_ap_user_top/u_audio_ram/ram_reg_1_10/CLKBWRCLK
                         clock pessimism             -0.500  9991.525    
    RAMB36_X0Y13         RAMB36E1 (Hold_ramb36e1_CLKBWRCLK_ADDRBWRADDR[14])
                                                      0.183  9991.708    u_ap_user_top/u_audio_ram/ram_reg_1_10
  -------------------------------------------------------------------
                         required time                      -9991.708    
                         arrival time                        9991.796    
  -------------------------------------------------------------------
                         slack                                  0.088    

Slack (MET) :             0.088ns  (arrival time - required time)
  Source:                 u_ap_user_top/u_audio_ram/addr_cnt_reg[1]_rep__2/C
                            (rising edge-triggered cell FDRE clocked by mmcm1_clkout0  {rise@0.000ns fall@5.000ns period=10.000ns})
  Destination:            u_ap_user_top/u_audio_ram/ram_reg_0_14/ADDRARDADDR[1]
                            (rising edge-triggered cell RAMB36E1 clocked by mmcm1_clkout0  {rise@0.000ns fall@5.000ns period=10.000ns})
  Path Group:             mmcm1_clkout0
  Path Type:              Hold (Min at Fast Process Corner)
  Requirement:            0.000ns  (mmcm1_clkout0 rise@9990.000ns - mmcm1_clkout0 rise@9990.000ns)
  Data Path Delay:        0.331ns  (logic 0.141ns (42.608%)  route 0.190ns (57.392%))
  Logic Levels:           0  
  Clock Path Skew:        0.059ns (DCD - SCD - CPR)
    Destination Clock Delay (DCD):    2.022ns
    Source Clock Delay      (SCD):    1.463ns
    Clock Pessimism Removal (CPR):    0.500ns
  Timing Exception:       MultiCycle Path   Setup -end   1000    Hold  -start 999

    Location             Delay type                Incr(ns)  Path(ns)    Netlist Resource(s)
  -------------------------------------------------------------------    -------------------
                         (clock mmcm1_clkout0 rise edge)
                                                   9990.000  9990.000 r  
    L16                                               0.000  9990.000 r  clk_pi (IN)
                         net (fo=0)                   0.000  9990.000    clk_pi
    L16                  IBUF (Prop_ibuf_I_O)         0.259  9990.259 r  clk_pi_IBUF_inst/O
                         net (fo=1, routed)           0.627  9990.886    u_clk_rst/u_clk_gen/clk_pi
    BUFGCTRL_X0Y17       BUFG (Prop_bufg_I_O)         0.026  9990.912 r  u_clk_rst/u_clk_gen/u_bufg_clk_in/O
                         net (fo=1, routed)           0.542  9991.454    u_clk_rst/u_clk_gen/clk_in_bufg
    MMCME2_ADV_X0Y1      MMCME2_ADV (Prop_mmcme2_adv_CLKIN1_CLKOUT0)
                                                     -1.050  9990.404 r  u_clk_rst/u_clk_gen/u_mmcm1/CLKOUT0
                         net (fo=1, routed)           0.482  9990.886    u_clk_rst/u_clk_gen/mmcm1_clkout0
    BUFGCTRL_X0Y16       BUFG (Prop_bufg_I_O)         0.026  9990.912 r  u_clk_rst/u_clk_gen/u_bufg_clk_sys/O
                         net (fo=633, routed)         0.551  9991.463    u_ap_user_top/u_audio_ram/clk_sys_po
    SLICE_X26Y80         FDRE                                         r  u_ap_user_top/u_audio_ram/addr_cnt_reg[1]_rep__2/C
  -------------------------------------------------------------------    -------------------
    SLICE_X26Y80         FDRE (Prop_fdre_C_Q)         0.141  9991.604 r  u_ap_user_top/u_audio_ram/addr_cnt_reg[1]_rep__2/Q
                         net (fo=8, routed)           0.190  9991.793    u_ap_user_top/u_audio_ram/addr_cnt_reg[1]_rep__2_n_0
    RAMB36_X1Y16         RAMB36E1                                     r  u_ap_user_top/u_audio_ram/ram_reg_0_14/ADDRARDADDR[1]
  -------------------------------------------------------------------    -------------------

                         (clock mmcm1_clkout0 rise edge)
                                                   9990.000  9990.000 r  
    L16                                               0.000  9990.000 r  clk_pi (IN)
                         net (fo=0)                   0.000  9990.000    clk_pi
    L16                  IBUF (Prop_ibuf_I_O)         0.447  9990.447 r  clk_pi_IBUF_inst/O
                         net (fo=1, routed)           0.683  9991.130    u_clk_rst/u_clk_gen/clk_pi
    BUFGCTRL_X0Y17       BUFG (Prop_bufg_I_O)         0.029  9991.159 r  u_clk_rst/u_clk_gen/u_bufg_clk_in/O
                         net (fo=1, routed)           0.809  9991.968    u_clk_rst/u_clk_gen/clk_in_bufg
    MMCME2_ADV_X0Y1      MMCME2_ADV (Prop_mmcme2_adv_CLKIN1_CLKOUT0)
                                                     -1.366  9990.602 r  u_clk_rst/u_clk_gen/u_mmcm1/CLKOUT0
                         net (fo=1, routed)           0.528  9991.130    u_clk_rst/u_clk_gen/mmcm1_clkout0
    BUFGCTRL_X0Y16       BUFG (Prop_bufg_I_O)         0.029  9991.159 r  u_clk_rst/u_clk_gen/u_bufg_clk_sys/O
                         net (fo=633, routed)         0.863  9992.022    u_ap_user_top/u_audio_ram/clk_sys_po
    RAMB36_X1Y16         RAMB36E1                                     r  u_ap_user_top/u_audio_ram/ram_reg_0_14/CLKARDCLK
                         clock pessimism             -0.500  9991.522    
    RAMB36_X1Y16         RAMB36E1 (Hold_ramb36e1_CLKARDCLK_ADDRARDADDR[1])
                                                      0.183  9991.705    u_ap_user_top/u_audio_ram/ram_reg_0_14
  -------------------------------------------------------------------
                         required time                      -9991.705    
                         arrival time                        9991.793    
  -------------------------------------------------------------------
                         slack                                  0.088    

Slack (MET) :             0.090ns  (arrival time - required time)
  Source:                 u_ap_user_top/u_audio_ram/addr_cnt_reg[1]_rep__2/C
                            (rising edge-triggered cell FDRE clocked by mmcm1_clkout0  {rise@0.000ns fall@5.000ns period=10.000ns})
  Destination:            u_ap_user_top/u_audio_ram/ram_reg_0_14/ADDRBWRADDR[1]
                            (rising edge-triggered cell RAMB36E1 clocked by mmcm1_clkout0  {rise@0.000ns fall@5.000ns period=10.000ns})
  Path Group:             mmcm1_clkout0
  Path Type:              Hold (Min at Fast Process Corner)
  Requirement:            0.000ns  (mmcm1_clkout0 rise@9990.000ns - mmcm1_clkout0 rise@9990.000ns)
  Data Path Delay:        0.331ns  (logic 0.141ns (42.608%)  route 0.190ns (57.392%))
  Logic Levels:           0  
  Clock Path Skew:        0.057ns (DCD - SCD - CPR)
    Destination Clock Delay (DCD):    2.020ns
    Source Clock Delay      (SCD):    1.463ns
    Clock Pessimism Removal (CPR):    0.500ns
  Timing Exception:       MultiCycle Path   Setup -end   1000    Hold  -start 999

    Location             Delay type                Incr(ns)  Path(ns)    Netlist Resource(s)
  -------------------------------------------------------------------    -------------------
                         (clock mmcm1_clkout0 rise edge)
                                                   9990.000  9990.000 r  
    L16                                               0.000  9990.000 r  clk_pi (IN)
                         net (fo=0)                   0.000  9990.000    clk_pi
    L16                  IBUF (Prop_ibuf_I_O)         0.259  9990.259 r  clk_pi_IBUF_inst/O
                         net (fo=1, routed)           0.627  9990.886    u_clk_rst/u_clk_gen/clk_pi
    BUFGCTRL_X0Y17       BUFG (Prop_bufg_I_O)         0.026  9990.912 r  u_clk_rst/u_clk_gen/u_bufg_clk_in/O
                         net (fo=1, routed)           0.542  9991.454    u_clk_rst/u_clk_gen/clk_in_bufg
    MMCME2_ADV_X0Y1      MMCME2_ADV (Prop_mmcme2_adv_CLKIN1_CLKOUT0)
                                                     -1.050  9990.404 r  u_clk_rst/u_clk_gen/u_mmcm1/CLKOUT0
                         net (fo=1, routed)           0.482  9990.886    u_clk_rst/u_clk_gen/mmcm1_clkout0
    BUFGCTRL_X0Y16       BUFG (Prop_bufg_I_O)         0.026  9990.912 r  u_clk_rst/u_clk_gen/u_bufg_clk_sys/O
                         net (fo=633, routed)         0.551  9991.463    u_ap_user_top/u_audio_ram/clk_sys_po
    SLICE_X26Y80         FDRE                                         r  u_ap_user_top/u_audio_ram/addr_cnt_reg[1]_rep__2/C
  -------------------------------------------------------------------    -------------------
    SLICE_X26Y80         FDRE (Prop_fdre_C_Q)         0.141  9991.604 r  u_ap_user_top/u_audio_ram/addr_cnt_reg[1]_rep__2/Q
                         net (fo=8, routed)           0.190  9991.793    u_ap_user_top/u_audio_ram/addr_cnt_reg[1]_rep__2_n_0
    RAMB36_X1Y16         RAMB36E1                                     r  u_ap_user_top/u_audio_ram/ram_reg_0_14/ADDRBWRADDR[1]
  -------------------------------------------------------------------    -------------------

                         (clock mmcm1_clkout0 rise edge)
                                                   9990.000  9990.000 r  
    L16                                               0.000  9990.000 r  clk_pi (IN)
                         net (fo=0)                   0.000  9990.000    clk_pi
    L16                  IBUF (Prop_ibuf_I_O)         0.447  9990.447 r  clk_pi_IBUF_inst/O
                         net (fo=1, routed)           0.683  9991.130    u_clk_rst/u_clk_gen/clk_pi
    BUFGCTRL_X0Y17       BUFG (Prop_bufg_I_O)         0.029  9991.159 r  u_clk_rst/u_clk_gen/u_bufg_clk_in/O
                         net (fo=1, routed)           0.809  9991.968    u_clk_rst/u_clk_gen/clk_in_bufg
    MMCME2_ADV_X0Y1      MMCME2_ADV (Prop_mmcme2_adv_CLKIN1_CLKOUT0)
                                                     -1.366  9990.602 r  u_clk_rst/u_clk_gen/u_mmcm1/CLKOUT0
                         net (fo=1, routed)           0.528  9991.130    u_clk_rst/u_clk_gen/mmcm1_clkout0
    BUFGCTRL_X0Y16       BUFG (Prop_bufg_I_O)         0.029  9991.159 r  u_clk_rst/u_clk_gen/u_bufg_clk_sys/O
                         net (fo=633, routed)         0.861  9992.021    u_ap_user_top/u_audio_ram/clk_sys_po
    RAMB36_X1Y16         RAMB36E1                                     r  u_ap_user_top/u_audio_ram/ram_reg_0_14/CLKBWRCLK
                         clock pessimism             -0.500  9991.521    
    RAMB36_X1Y16         RAMB36E1 (Hold_ramb36e1_CLKBWRCLK_ADDRBWRADDR[1])
                                                      0.183  9991.703    u_ap_user_top/u_audio_ram/ram_reg_0_14
  -------------------------------------------------------------------
                         required time                      -9991.703    
                         arrival time                        9991.793    
  -------------------------------------------------------------------
                         slack                                  0.090    

Slack (MET) :             0.091ns  (arrival time - required time)
  Source:                 u_ap_user_top/u_audio_ram/addr_cnt_reg[2]_rep_rep__1/C
                            (rising edge-triggered cell FDRE clocked by mmcm1_clkout0  {rise@0.000ns fall@5.000ns period=10.000ns})
  Destination:            u_ap_user_top/u_audio_ram/ram_reg_1_10/ADDRBWRADDR[2]
                            (rising edge-triggered cell RAMB36E1 clocked by mmcm1_clkout0  {rise@0.000ns fall@5.000ns period=10.000ns})
  Path Group:             mmcm1_clkout0
  Path Type:              Hold (Min at Fast Process Corner)
  Requirement:            0.000ns  (mmcm1_clkout0 rise@9990.000ns - mmcm1_clkout0 rise@9990.000ns)
  Data Path Delay:        0.330ns  (logic 0.141ns (42.707%)  route 0.189ns (57.293%))
  Logic Levels:           0  
  Clock Path Skew:        0.056ns (DCD - SCD - CPR)
    Destination Clock Delay (DCD):    2.025ns
    Source Clock Delay      (SCD):    1.469ns
    Clock Pessimism Removal (CPR):    0.500ns
  Timing Exception:       MultiCycle Path   Setup -end   1000    Hold  -start 999

    Location             Delay type                Incr(ns)  Path(ns)    Netlist Resource(s)
  -------------------------------------------------------------------    -------------------
                         (clock mmcm1_clkout0 rise edge)
                                                   9990.000  9990.000 r  
    L16                                               0.000  9990.000 r  clk_pi (IN)
                         net (fo=0)                   0.000  9990.000    clk_pi
    L16                  IBUF (Prop_ibuf_I_O)         0.259  9990.259 r  clk_pi_IBUF_inst/O
                         net (fo=1, routed)           0.627  9990.886    u_clk_rst/u_clk_gen/clk_pi
    BUFGCTRL_X0Y17       BUFG (Prop_bufg_I_O)         0.026  9990.912 r  u_clk_rst/u_clk_gen/u_bufg_clk_in/O
                         net (fo=1, routed)           0.542  9991.454    u_clk_rst/u_clk_gen/clk_in_bufg
    MMCME2_ADV_X0Y1      MMCME2_ADV (Prop_mmcme2_adv_CLKIN1_CLKOUT0)
                                                     -1.050  9990.404 r  u_clk_rst/u_clk_gen/u_mmcm1/CLKOUT0
                         net (fo=1, routed)           0.482  9990.886    u_clk_rst/u_clk_gen/mmcm1_clkout0
    BUFGCTRL_X0Y16       BUFG (Prop_bufg_I_O)         0.026  9990.912 r  u_clk_rst/u_clk_gen/u_bufg_clk_sys/O
                         net (fo=633, routed)         0.557  9991.469    u_ap_user_top/u_audio_ram/clk_sys_po
    SLICE_X7Y66          FDRE                                         r  u_ap_user_top/u_audio_ram/addr_cnt_reg[2]_rep_rep__1/C
  -------------------------------------------------------------------    -------------------
    SLICE_X7Y66          FDRE (Prop_fdre_C_Q)         0.141  9991.609 r  u_ap_user_top/u_audio_ram/addr_cnt_reg[2]_rep_rep__1/Q
                         net (fo=8, routed)           0.189  9991.799    u_ap_user_top/u_audio_ram/addr_cnt_reg[2]_rep_rep__1_n_0
    RAMB36_X0Y13         RAMB36E1                                     r  u_ap_user_top/u_audio_ram/ram_reg_1_10/ADDRBWRADDR[2]
  -------------------------------------------------------------------    -------------------

                         (clock mmcm1_clkout0 rise edge)
                                                   9990.000  9990.000 r  
    L16                                               0.000  9990.000 r  clk_pi (IN)
                         net (fo=0)                   0.000  9990.000    clk_pi
    L16                  IBUF (Prop_ibuf_I_O)         0.447  9990.447 r  clk_pi_IBUF_inst/O
                         net (fo=1, routed)           0.683  9991.130    u_clk_rst/u_clk_gen/clk_pi
    BUFGCTRL_X0Y17       BUFG (Prop_bufg_I_O)         0.029  9991.159 r  u_clk_rst/u_clk_gen/u_bufg_clk_in/O
                         net (fo=1, routed)           0.809  9991.968    u_clk_rst/u_clk_gen/clk_in_bufg
    MMCME2_ADV_X0Y1      MMCME2_ADV (Prop_mmcme2_adv_CLKIN1_CLKOUT0)
                                                     -1.366  9990.602 r  u_clk_rst/u_clk_gen/u_mmcm1/CLKOUT0
                         net (fo=1, routed)           0.528  9991.130    u_clk_rst/u_clk_gen/mmcm1_clkout0
    BUFGCTRL_X0Y16       BUFG (Prop_bufg_I_O)         0.029  9991.159 r  u_clk_rst/u_clk_gen/u_bufg_clk_sys/O
                         net (fo=633, routed)         0.866  9992.025    u_ap_user_top/u_audio_ram/clk_sys_po
    RAMB36_X0Y13         RAMB36E1                                     r  u_ap_user_top/u_audio_ram/ram_reg_1_10/CLKBWRCLK
                         clock pessimism             -0.500  9991.525    
    RAMB36_X0Y13         RAMB36E1 (Hold_ramb36e1_CLKBWRCLK_ADDRBWRADDR[2])
                                                      0.183  9991.708    u_ap_user_top/u_audio_ram/ram_reg_1_10
  -------------------------------------------------------------------
                         required time                      -9991.708    
                         arrival time                        9991.799    
  -------------------------------------------------------------------
                         slack                                  0.091    

Slack (MET) :             0.091ns  (arrival time - required time)
  Source:                 u_ap_user_top/u_audio_ram/addr_cnt_reg[12]_rep_rep__1/C
                            (rising edge-triggered cell FDRE clocked by mmcm1_clkout0  {rise@0.000ns fall@5.000ns period=10.000ns})
  Destination:            u_ap_user_top/u_audio_ram/ram_reg_0_2/ADDRARDADDR[12]
                            (rising edge-triggered cell RAMB36E1 clocked by mmcm1_clkout0  {rise@0.000ns fall@5.000ns period=10.000ns})
  Path Group:             mmcm1_clkout0
  Path Type:              Hold (Min at Fast Process Corner)
  Requirement:            0.000ns  (mmcm1_clkout0 rise@9990.000ns - mmcm1_clkout0 rise@9990.000ns)
  Data Path Delay:        0.329ns  (logic 0.141ns (42.822%)  route 0.188ns (57.178%))
  Logic Levels:           0  
  Clock Path Skew:        0.055ns (DCD - SCD - CPR)
    Destination Clock Delay (DCD):    2.014ns
    Source Clock Delay      (SCD):    1.459ns
    Clock Pessimism Removal (CPR):    0.500ns
  Timing Exception:       MultiCycle Path   Setup -end   1000    Hold  -start 999

    Location             Delay type                Incr(ns)  Path(ns)    Netlist Resource(s)
  -------------------------------------------------------------------    -------------------
                         (clock mmcm1_clkout0 rise edge)
                                                   9990.000  9990.000 r  
    L16                                               0.000  9990.000 r  clk_pi (IN)
                         net (fo=0)                   0.000  9990.000    clk_pi
    L16                  IBUF (Prop_ibuf_I_O)         0.259  9990.259 r  clk_pi_IBUF_inst/O
                         net (fo=1, routed)           0.627  9990.886    u_clk_rst/u_clk_gen/clk_pi
    BUFGCTRL_X0Y17       BUFG (Prop_bufg_I_O)         0.026  9990.912 r  u_clk_rst/u_clk_gen/u_bufg_clk_in/O
                         net (fo=1, routed)           0.542  9991.454    u_clk_rst/u_clk_gen/clk_in_bufg
    MMCME2_ADV_X0Y1      MMCME2_ADV (Prop_mmcme2_adv_CLKIN1_CLKOUT0)
                                                     -1.050  9990.404 r  u_clk_rst/u_clk_gen/u_mmcm1/CLKOUT0
                         net (fo=1, routed)           0.482  9990.886    u_clk_rst/u_clk_gen/mmcm1_clkout0
    BUFGCTRL_X0Y16       BUFG (Prop_bufg_I_O)         0.026  9990.912 r  u_clk_rst/u_clk_gen/u_bufg_clk_sys/O
                         net (fo=633, routed)         0.547  9991.459    u_ap_user_top/u_audio_ram/clk_sys_po
    SLICE_X26Y73         FDRE                                         r  u_ap_user_top/u_audio_ram/addr_cnt_reg[12]_rep_rep__1/C
  -------------------------------------------------------------------    -------------------
    SLICE_X26Y73         FDRE (Prop_fdre_C_Q)         0.141  9991.600 r  u_ap_user_top/u_audio_ram/addr_cnt_reg[12]_rep_rep__1/Q
                         net (fo=10, routed)          0.188  9991.788    u_ap_user_top/u_audio_ram/addr_cnt_reg[12]_rep_rep__1_n_0
    RAMB36_X1Y14         RAMB36E1                                     r  u_ap_user_top/u_audio_ram/ram_reg_0_2/ADDRARDADDR[12]
  -------------------------------------------------------------------    -------------------

                         (clock mmcm1_clkout0 rise edge)
                                                   9990.000  9990.000 r  
    L16                                               0.000  9990.000 r  clk_pi (IN)
                         net (fo=0)                   0.000  9990.000    clk_pi
    L16                  IBUF (Prop_ibuf_I_O)         0.447  9990.447 r  clk_pi_IBUF_inst/O
                         net (fo=1, routed)           0.683  9991.130    u_clk_rst/u_clk_gen/clk_pi
    BUFGCTRL_X0Y17       BUFG (Prop_bufg_I_O)         0.029  9991.159 r  u_clk_rst/u_clk_gen/u_bufg_clk_in/O
                         net (fo=1, routed)           0.809  9991.968    u_clk_rst/u_clk_gen/clk_in_bufg
    MMCME2_ADV_X0Y1      MMCME2_ADV (Prop_mmcme2_adv_CLKIN1_CLKOUT0)
                                                     -1.366  9990.602 r  u_clk_rst/u_clk_gen/u_mmcm1/CLKOUT0
                         net (fo=1, routed)           0.528  9991.130    u_clk_rst/u_clk_gen/mmcm1_clkout0
    BUFGCTRL_X0Y16       BUFG (Prop_bufg_I_O)         0.029  9991.159 r  u_clk_rst/u_clk_gen/u_bufg_clk_sys/O
                         net (fo=633, routed)         0.855  9992.015    u_ap_user_top/u_audio_ram/clk_sys_po
    RAMB36_X1Y14         RAMB36E1                                     r  u_ap_user_top/u_audio_ram/ram_reg_0_2/CLKARDCLK
                         clock pessimism             -0.500  9991.515    
    RAMB36_X1Y14         RAMB36E1 (Hold_ramb36e1_CLKARDCLK_ADDRARDADDR[12])
                                                      0.183  9991.697    u_ap_user_top/u_audio_ram/ram_reg_0_2
  -------------------------------------------------------------------
                         required time                      -9991.697    
                         arrival time                        9991.788    
  -------------------------------------------------------------------
                         slack                                  0.091    

Slack (MET) :             0.093ns  (arrival time - required time)
  Source:                 u_ap_user_top/u_audio_ram/addr_cnt_reg[2]_rep_rep__1/C
                            (rising edge-triggered cell FDRE clocked by mmcm1_clkout0  {rise@0.000ns fall@5.000ns period=10.000ns})
  Destination:            u_ap_user_top/u_audio_ram/ram_reg_1_10/ADDRARDADDR[2]
                            (rising edge-triggered cell RAMB36E1 clocked by mmcm1_clkout0  {rise@0.000ns fall@5.000ns period=10.000ns})
  Path Group:             mmcm1_clkout0
  Path Type:              Hold (Min at Fast Process Corner)
  Requirement:            0.000ns  (mmcm1_clkout0 rise@9990.000ns - mmcm1_clkout0 rise@9990.000ns)
  Data Path Delay:        0.330ns  (logic 0.141ns (42.707%)  route 0.189ns (57.293%))
  Logic Levels:           0  
  Clock Path Skew:        0.054ns (DCD - SCD - CPR)
    Destination Clock Delay (DCD):    2.023ns
    Source Clock Delay      (SCD):    1.469ns
    Clock Pessimism Removal (CPR):    0.500ns
  Timing Exception:       MultiCycle Path   Setup -end   1000    Hold  -start 999

    Location             Delay type                Incr(ns)  Path(ns)    Netlist Resource(s)
  -------------------------------------------------------------------    -------------------
                         (clock mmcm1_clkout0 rise edge)
                                                   9990.000  9990.000 r  
    L16                                               0.000  9990.000 r  clk_pi (IN)
                         net (fo=0)                   0.000  9990.000    clk_pi
    L16                  IBUF (Prop_ibuf_I_O)         0.259  9990.259 r  clk_pi_IBUF_inst/O
                         net (fo=1, routed)           0.627  9990.886    u_clk_rst/u_clk_gen/clk_pi
    BUFGCTRL_X0Y17       BUFG (Prop_bufg_I_O)         0.026  9990.912 r  u_clk_rst/u_clk_gen/u_bufg_clk_in/O
                         net (fo=1, routed)           0.542  9991.454    u_clk_rst/u_clk_gen/clk_in_bufg
    MMCME2_ADV_X0Y1      MMCME2_ADV (Prop_mmcme2_adv_CLKIN1_CLKOUT0)
                                                     -1.050  9990.404 r  u_clk_rst/u_clk_gen/u_mmcm1/CLKOUT0
                         net (fo=1, routed)           0.482  9990.886    u_clk_rst/u_clk_gen/mmcm1_clkout0
    BUFGCTRL_X0Y16       BUFG (Prop_bufg_I_O)         0.026  9990.912 r  u_clk_rst/u_clk_gen/u_bufg_clk_sys/O
                         net (fo=633, routed)         0.557  9991.469    u_ap_user_top/u_audio_ram/clk_sys_po
    SLICE_X7Y66          FDRE                                         r  u_ap_user_top/u_audio_ram/addr_cnt_reg[2]_rep_rep__1/C
  -------------------------------------------------------------------    -------------------
    SLICE_X7Y66          FDRE (Prop_fdre_C_Q)         0.141  9991.609 r  u_ap_user_top/u_audio_ram/addr_cnt_reg[2]_rep_rep__1/Q
                         net (fo=8, routed)           0.189  9991.799    u_ap_user_top/u_audio_ram/addr_cnt_reg[2]_rep_rep__1_n_0
    RAMB36_X0Y13         RAMB36E1                                     r  u_ap_user_top/u_audio_ram/ram_reg_1_10/ADDRARDADDR[2]
  -------------------------------------------------------------------    -------------------

                         (clock mmcm1_clkout0 rise edge)
                                                   9990.000  9990.000 r  
    L16                                               0.000  9990.000 r  clk_pi (IN)
                         net (fo=0)                   0.000  9990.000    clk_pi
    L16                  IBUF (Prop_ibuf_I_O)         0.447  9990.447 r  clk_pi_IBUF_inst/O
                         net (fo=1, routed)           0.683  9991.130    u_clk_rst/u_clk_gen/clk_pi
    BUFGCTRL_X0Y17       BUFG (Prop_bufg_I_O)         0.029  9991.159 r  u_clk_rst/u_clk_gen/u_bufg_clk_in/O
                         net (fo=1, routed)           0.809  9991.968    u_clk_rst/u_clk_gen/clk_in_bufg
    MMCME2_ADV_X0Y1      MMCME2_ADV (Prop_mmcme2_adv_CLKIN1_CLKOUT0)
                                                     -1.366  9990.602 r  u_clk_rst/u_clk_gen/u_mmcm1/CLKOUT0
                         net (fo=1, routed)           0.528  9991.130    u_clk_rst/u_clk_gen/mmcm1_clkout0
    BUFGCTRL_X0Y16       BUFG (Prop_bufg_I_O)         0.029  9991.159 r  u_clk_rst/u_clk_gen/u_bufg_clk_sys/O
                         net (fo=633, routed)         0.864  9992.023    u_ap_user_top/u_audio_ram/clk_sys_po
    RAMB36_X0Y13         RAMB36E1                                     r  u_ap_user_top/u_audio_ram/ram_reg_1_10/CLKARDCLK
                         clock pessimism             -0.500  9991.523    
    RAMB36_X0Y13         RAMB36E1 (Hold_ramb36e1_CLKARDCLK_ADDRARDADDR[2])
                                                      0.183  9991.706    u_ap_user_top/u_audio_ram/ram_reg_1_10
  -------------------------------------------------------------------
                         required time                      -9991.706    
                         arrival time                        9991.799    
  -------------------------------------------------------------------
                         slack                                  0.093    

Slack (MET) :             0.097ns  (arrival time - required time)
  Source:                 u_ap_user_top/u_audio_ram/addr_cnt_reg[3]_rep__1/C
                            (rising edge-triggered cell FDRE clocked by mmcm1_clkout0  {rise@0.000ns fall@5.000ns period=10.000ns})
  Destination:            u_ap_user_top/u_audio_ram/ram_reg_1_11/ADDRBWRADDR[3]
                            (rising edge-triggered cell RAMB36E1 clocked by mmcm1_clkout0  {rise@0.000ns fall@5.000ns period=10.000ns})
  Path Group:             mmcm1_clkout0
  Path Type:              Hold (Min at Fast Process Corner)
  Requirement:            0.000ns  (mmcm1_clkout0 rise@9990.000ns - mmcm1_clkout0 rise@9990.000ns)
  Data Path Delay:        0.332ns  (logic 0.164ns (49.348%)  route 0.168ns (50.651%))
  Logic Levels:           0  
  Clock Path Skew:        0.052ns (DCD - SCD - CPR)
    Destination Clock Delay (DCD):    2.017ns
    Source Clock Delay      (SCD):    1.465ns
    Clock Pessimism Removal (CPR):    0.500ns
  Timing Exception:       MultiCycle Path   Setup -end   1000    Hold  -start 999

    Location             Delay type                Incr(ns)  Path(ns)    Netlist Resource(s)
  -------------------------------------------------------------------    -------------------
                         (clock mmcm1_clkout0 rise edge)
                                                   9990.000  9990.000 r  
    L16                                               0.000  9990.000 r  clk_pi (IN)
                         net (fo=0)                   0.000  9990.000    clk_pi
    L16                  IBUF (Prop_ibuf_I_O)         0.259  9990.259 r  clk_pi_IBUF_inst/O
                         net (fo=1, routed)           0.627  9990.886    u_clk_rst/u_clk_gen/clk_pi
    BUFGCTRL_X0Y17       BUFG (Prop_bufg_I_O)         0.026  9990.912 r  u_clk_rst/u_clk_gen/u_bufg_clk_in/O
                         net (fo=1, routed)           0.542  9991.454    u_clk_rst/u_clk_gen/clk_in_bufg
    MMCME2_ADV_X0Y1      MMCME2_ADV (Prop_mmcme2_adv_CLKIN1_CLKOUT0)
                                                     -1.050  9990.404 r  u_clk_rst/u_clk_gen/u_mmcm1/CLKOUT0
                         net (fo=1, routed)           0.482  9990.886    u_clk_rst/u_clk_gen/mmcm1_clkout0
    BUFGCTRL_X0Y16       BUFG (Prop_bufg_I_O)         0.026  9990.912 r  u_clk_rst/u_clk_gen/u_bufg_clk_sys/O
                         net (fo=633, routed)         0.553  9991.465    u_ap_user_top/u_audio_ram/clk_sys_po
    SLICE_X6Y79          FDRE                                         r  u_ap_user_top/u_audio_ram/addr_cnt_reg[3]_rep__1/C
  -------------------------------------------------------------------    -------------------
    SLICE_X6Y79          FDRE (Prop_fdre_C_Q)         0.164  9991.629 r  u_ap_user_top/u_audio_ram/addr_cnt_reg[3]_rep__1/Q
                         net (fo=10, routed)          0.168  9991.797    u_ap_user_top/u_audio_ram/addr_cnt_reg[3]_rep__1_n_0
    RAMB36_X0Y15         RAMB36E1                                     r  u_ap_user_top/u_audio_ram/ram_reg_1_11/ADDRBWRADDR[3]
  -------------------------------------------------------------------    -------------------

                         (clock mmcm1_clkout0 rise edge)
                                                   9990.000  9990.000 r  
    L16                                               0.000  9990.000 r  clk_pi (IN)
                         net (fo=0)                   0.000  9990.000    clk_pi
    L16                  IBUF (Prop_ibuf_I_O)         0.447  9990.447 r  clk_pi_IBUF_inst/O
                         net (fo=1, routed)           0.683  9991.130    u_clk_rst/u_clk_gen/clk_pi
    BUFGCTRL_X0Y17       BUFG (Prop_bufg_I_O)         0.029  9991.159 r  u_clk_rst/u_clk_gen/u_bufg_clk_in/O
                         net (fo=1, routed)           0.809  9991.968    u_clk_rst/u_clk_gen/clk_in_bufg
    MMCME2_ADV_X0Y1      MMCME2_ADV (Prop_mmcme2_adv_CLKIN1_CLKOUT0)
                                                     -1.366  9990.602 r  u_clk_rst/u_clk_gen/u_mmcm1/CLKOUT0
                         net (fo=1, routed)           0.528  9991.130    u_clk_rst/u_clk_gen/mmcm1_clkout0
    BUFGCTRL_X0Y16       BUFG (Prop_bufg_I_O)         0.029  9991.159 r  u_clk_rst/u_clk_gen/u_bufg_clk_sys/O
                         net (fo=633, routed)         0.858  9992.018    u_ap_user_top/u_audio_ram/clk_sys_po
    RAMB36_X0Y15         RAMB36E1                                     r  u_ap_user_top/u_audio_ram/ram_reg_1_11/CLKBWRCLK
                         clock pessimism             -0.500  9991.518    
    RAMB36_X0Y15         RAMB36E1 (Hold_ramb36e1_CLKBWRCLK_ADDRBWRADDR[3])
                                                      0.183  9991.700    u_ap_user_top/u_audio_ram/ram_reg_1_11
  -------------------------------------------------------------------
                         required time                      -9991.700    
                         arrival time                        9991.797    
  -------------------------------------------------------------------
                         slack                                  0.097    





Pulse Width Checks
--------------------------------------------------------------------------------------
Clock Name:         mmcm1_clkout0
Waveform(ns):       { 0.000 5.000 }
Period(ns):         10.000
Sources:            { u_clk_rst/u_clk_gen/u_mmcm1/CLKOUT0 }

Check Type        Corner  Lib Pin             Reference Pin  Required(ns)  Actual(ns)  Slack(ns)  Location         Pin
Min Period        n/a     DSP48E1/CLK         n/a            3.884         10.000      6.116      DSP48_X1Y30      u_ap_user_top/u_fir_bank/u_fir_hp9_l/stage_reg[2]/CLK
Min Period        n/a     DSP48E1/CLK         n/a            3.884         10.000      6.116      DSP48_X1Y27      u_ap_user_top/u_fir_bank/u_fir_hp9_l/stage_reg[5]/CLK
Min Period        n/a     DSP48E1/CLK         n/a            3.884         10.000      6.116      DSP48_X1Y24      u_ap_user_top/u_fir_bank/u_fir_hp9_l/stage_reg[8]/CLK
Min Period        n/a     DSP48E1/CLK         n/a            3.884         10.000      6.116      DSP48_X1Y21      u_ap_user_top/u_fir_bank/u_fir_hp9_r/stage_reg[2]/CLK
Min Period        n/a     DSP48E1/CLK         n/a            3.884         10.000      6.116      DSP48_X1Y18      u_ap_user_top/u_fir_bank/u_fir_hp9_r/stage_reg[5]/CLK
Min Period        n/a     DSP48E1/CLK         n/a            3.884         10.000      6.116      DSP48_X1Y15      u_ap_user_top/u_fir_bank/u_fir_hp9_r/stage_reg[8]/CLK
Min Period        n/a     DSP48E1/CLK         n/a            3.884         10.000      6.116      DSP48_X0Y31      u_ap_user_top/u_fir_bank/u_fir_lp9_l/stage_reg[2]/CLK
Min Period        n/a     DSP48E1/CLK         n/a            3.884         10.000      6.116      DSP48_X0Y28      u_ap_user_top/u_fir_bank/u_fir_lp9_l/stage_reg[5]/CLK
Min Period        n/a     DSP48E1/CLK         n/a            3.884         10.000      6.116      DSP48_X0Y25      u_ap_user_top/u_fir_bank/u_fir_lp9_l/stage_reg[8]/CLK
Min Period        n/a     DSP48E1/CLK         n/a            3.884         10.000      6.116      DSP48_X0Y21      u_ap_user_top/u_fir_bank/u_fir_lp9_r/stage_reg[2]/CLK
Max Period        n/a     MMCME2_ADV/CLKIN1   n/a            100.000       10.000      90.000     MMCME2_ADV_X0Y0  u_clk_rst/u_clk_gen/u_mmcm2/CLKIN1
Max Period        n/a     MMCME2_ADV/CLKOUT0  n/a            213.360       10.000      203.360    MMCME2_ADV_X0Y1  u_clk_rst/u_clk_gen/u_mmcm1/CLKOUT0
Low Pulse Width   Slow    MMCME2_ADV/CLKIN1   n/a            2.000         5.000       3.000      MMCME2_ADV_X0Y0  u_clk_rst/u_clk_gen/u_mmcm2/CLKIN1
Low Pulse Width   Fast    MMCME2_ADV/CLKIN1   n/a            2.000         5.000       3.000      MMCME2_ADV_X0Y0  u_clk_rst/u_clk_gen/u_mmcm2/CLKIN1
Low Pulse Width   Slow    FDCE/C              n/a            0.500         5.000       4.500      SLICE_X40Y53     u_ap_codec_if/u_ac_i2c_if/counter_q_reg[10]/C
Low Pulse Width   Slow    FDCE/C              n/a            0.500         5.000       4.500      SLICE_X40Y53     u_ap_codec_if/u_ac_i2c_if/counter_q_reg[11]/C
Low Pulse Width   Slow    FDCE/C              n/a            0.500         5.000       4.500      SLICE_X42Y53     u_ap_codec_if/u_ac_i2c_if/counter_q_reg[12]/C
Low Pulse Width   Slow    FDCE/C              n/a            0.500         5.000       4.500      SLICE_X40Y54     u_ap_codec_if/u_ac_i2c_if/counter_q_reg[13]/C
Low Pulse Width   Slow    FDCE/C              n/a            0.500         5.000       4.500      SLICE_X40Y54     u_ap_codec_if/u_ac_i2c_if/counter_q_reg[14]/C
Low Pulse Width   Slow    FDCE/C              n/a            0.500         5.000       4.500      SLICE_X40Y54     u_ap_codec_if/u_ac_i2c_if/counter_q_reg[15]/C
Low Pulse Width   Slow    FDCE/C              n/a            0.500         5.000       4.500      SLICE_X40Y54     u_ap_codec_if/u_ac_i2c_if/counter_q_reg[16]/C
Low Pulse Width   Slow    FDCE/C              n/a            0.500         5.000       4.500      SLICE_X42Y55     u_ap_codec_if/u_ac_i2c_if/counter_q_reg[17]/C
High Pulse Width  Fast    MMCME2_ADV/CLKIN1   n/a            2.000         5.000       3.000      MMCME2_ADV_X0Y0  u_clk_rst/u_clk_gen/u_mmcm2/CLKIN1
High Pulse Width  Slow    MMCME2_ADV/CLKIN1   n/a            2.000         5.000       3.000      MMCME2_ADV_X0Y0  u_clk_rst/u_clk_gen/u_mmcm2/CLKIN1
High Pulse Width  Fast    FDPE/C              n/a            0.500         5.000       4.500      SLICE_X43Y57     u_ap_codec_if/u_ac_i2c_if/FSM_onehot_state_q_reg[0]/C
High Pulse Width  Fast    FDCE/C              n/a            0.500         5.000       4.500      SLICE_X41Y58     u_ap_codec_if/u_ac_i2c_if/FSM_onehot_state_q_reg[1]/C
High Pulse Width  Fast    FDCE/C              n/a            0.500         5.000       4.500      SLICE_X43Y57     u_ap_codec_if/u_ac_i2c_if/FSM_onehot_state_q_reg[2]/C
High Pulse Width  Fast    FDCE/C              n/a            0.500         5.000       4.500      SLICE_X43Y57     u_ap_codec_if/u_ac_i2c_if/FSM_onehot_state_q_reg[3]/C
High Pulse Width  Fast    FDCE/C              n/a            0.500         5.000       4.500      SLICE_X42Y57     u_ap_codec_if/u_ac_i2c_if/FSM_onehot_state_q_reg[4]/C
High Pulse Width  Fast    FDCE/C              n/a            0.500         5.000       4.500      SLICE_X41Y58     u_ap_codec_if/u_ac_i2c_if/FSM_onehot_state_q_reg[5]/C
High Pulse Width  Fast    FDCE/C              n/a            0.500         5.000       4.500      SLICE_X42Y57     u_ap_codec_if/u_ac_i2c_if/FSM_onehot_state_q_reg[6]/C
High Pulse Width  Fast    FDCE/C              n/a            0.500         5.000       4.500      SLICE_X42Y57     u_ap_codec_if/u_ac_i2c_if/FSM_onehot_state_q_reg[7]/C



---------------------------------------------------------------------------------------------------
From Clock:  mmcm2_clkfbout
  To Clock:  mmcm2_clkfbout

Setup :           NA  Failing Endpoints,  Worst Slack           NA  ,  Total Violation           NA
Hold  :           NA  Failing Endpoints,  Worst Slack           NA  ,  Total Violation           NA
PW    :            0  Failing Endpoints,  Worst Slack       47.845ns,  Total Violation        0.000ns
---------------------------------------------------------------------------------------------------


Pulse Width Checks
--------------------------------------------------------------------------------------
Clock Name:         mmcm2_clkfbout
Waveform(ns):       { 0.000 25.000 }
Period(ns):         50.000
Sources:            { u_clk_rst/u_clk_gen/u_mmcm2/CLKFBOUT }

Check Type  Corner  Lib Pin              Reference Pin  Required(ns)  Actual(ns)  Slack(ns)  Location         Pin
Min Period  n/a     BUFG/I               n/a            2.155         50.000      47.845     BUFGCTRL_X0Y1    u_clk_rst/u_clk_gen/u_mmcm2_fb_bufg/I
Min Period  n/a     MMCME2_ADV/CLKFBOUT  n/a            1.249         50.000      48.751     MMCME2_ADV_X0Y0  u_clk_rst/u_clk_gen/u_mmcm2/CLKFBOUT
Min Period  n/a     MMCME2_ADV/CLKFBIN   n/a            1.249         50.000      48.751     MMCME2_ADV_X0Y0  u_clk_rst/u_clk_gen/u_mmcm2/CLKFBIN
Max Period  n/a     MMCME2_ADV/CLKFBIN   n/a            100.000       50.000      50.000     MMCME2_ADV_X0Y0  u_clk_rst/u_clk_gen/u_mmcm2/CLKFBIN
Max Period  n/a     MMCME2_ADV/CLKFBOUT  n/a            213.360       50.000      163.360    MMCME2_ADV_X0Y0  u_clk_rst/u_clk_gen/u_mmcm2/CLKFBOUT



---------------------------------------------------------------------------------------------------
From Clock:  mmcm2_clkout0
  To Clock:  mmcm2_clkout0

Setup :            0  Failing Endpoints,  Worst Slack       36.073ns,  Total Violation        0.000ns
Hold  :            0  Failing Endpoints,  Worst Slack        0.182ns,  Total Violation        0.000ns
PW    :            0  Failing Endpoints,  Worst Slack       40.190ns,  Total Violation        0.000ns
---------------------------------------------------------------------------------------------------


Max Delay Paths
--------------------------------------------------------------------------------------
Slack (MET) :             36.073ns  (required time - arrival time)
  Source:                 u_ap_codec_if/u_ac_i2s_if/bcnt_regb_reg[2]/C
                            (falling edge-triggered cell FDRE clocked by mmcm2_clkout0  {rise@0.000ns fall@40.690ns period=81.380ns})
  Destination:            u_ap_codec_if/u_ac_i2s_if/adc_shft_regb_reg[11]/CE
                            (rising edge-triggered cell FDRE clocked by mmcm2_clkout0  {rise@0.000ns fall@40.690ns period=81.380ns})
  Path Group:             mmcm2_clkout0
  Path Type:              Setup (Max at Slow Process Corner)
  Requirement:            40.690ns  (mmcm2_clkout0 rise@81.380ns - mmcm2_clkout0 fall@40.690ns)
  Data Path Delay:        4.083ns  (logic 0.707ns (17.315%)  route 3.376ns (82.685%))
  Logic Levels:           2  (LUT4=2)
  Clock Path Skew:        -0.056ns (DCD - SCD + CPR)
    Destination Clock Delay (DCD):    4.876ns = ( 86.257 - 81.380 ) 
    Source Clock Delay      (SCD):    5.323ns = ( 46.013 - 40.690 ) 
    Clock Pessimism Removal (CPR):    0.391ns
  Clock Uncertainty:      0.273ns  ((TSJ^2 + DJ^2)^1/2) / 2 + PE
    Total System Jitter     (TSJ):    0.071ns
    Discrete Jitter          (DJ):    0.542ns
    Phase Error              (PE):    0.000ns

    Location             Delay type                Incr(ns)  Path(ns)    Netlist Resource(s)
  -------------------------------------------------------------------    -------------------
                         (clock mmcm2_clkout0 fall edge)
                                                     40.690    40.690 f  
    L16                                               0.000    40.690 f  clk_pi (IN)
                         net (fo=0)                   0.000    40.690    clk_pi
    L16                  IBUF (Prop_ibuf_I_O)         1.491    42.181 f  clk_pi_IBUF_inst/O
                         net (fo=1, routed)           2.076    44.257    u_clk_rst/u_clk_gen/clk_pi
    BUFGCTRL_X0Y17       BUFG (Prop_bufg_I_O)         0.101    44.358 f  u_clk_rst/u_clk_gen/u_bufg_clk_in/O
                         net (fo=1, routed)           1.663    46.021    u_clk_rst/u_clk_gen/clk_in_bufg
    MMCME2_ADV_X0Y1      MMCME2_ADV (Prop_mmcme2_adv_CLKIN1_CLKOUT0)
                                                     -3.524    42.497 f  u_clk_rst/u_clk_gen/u_mmcm1/CLKOUT0
                         net (fo=1, routed)           1.760    44.257    u_clk_rst/u_clk_gen/mmcm1_clkout0
    BUFGCTRL_X0Y16       BUFG (Prop_bufg_I_O)         0.101    44.358 f  u_clk_rst/u_clk_gen/u_bufg_clk_sys/O
                         net (fo=633, routed)         1.680    46.038    u_clk_rst/u_clk_gen/clk_sys_po
    MMCME2_ADV_X0Y0      MMCME2_ADV (Prop_mmcme2_adv_CLKIN1_CLKOUT0)
                                                     -3.538    42.500 f  u_clk_rst/u_clk_gen/u_mmcm2/CLKOUT0
                         net (fo=1, routed)           1.760    44.260    u_clk_rst/u_clk_gen/mmcm2_clkout0
    BUFGCTRL_X0Y0        BUFG (Prop_bufg_I_O)         0.101    44.361 f  u_clk_rst/u_clk_gen/u_bufg_ac_mclk/O
                         net (fo=109, routed)         1.652    46.013    u_ap_codec_if/u_ac_i2s_if/ac_mclk_po
    SLICE_X33Y68         FDRE                                         r  u_ap_codec_if/u_ac_i2s_if/bcnt_regb_reg[2]/C  (IS_INVERTED)
  -------------------------------------------------------------------    -------------------
    SLICE_X33Y68         FDRE (Prop_fdre_C_Q)         0.459    46.472 r  u_ap_codec_if/u_ac_i2s_if/bcnt_regb_reg[2]/Q
                         net (fo=7, routed)           1.089    47.561    u_ap_codec_if/u_ac_i2s_if/bcnt_regb_reg[2]
    SLICE_X33Y68         LUT4 (Prop_lut4_I3_O)        0.124    47.685 r  u_ap_codec_if/u_ac_i2s_if/adc_shft_regb[15]_i_2/O
                         net (fo=2, routed)           0.638    48.323    u_ap_codec_if/u_ac_i2s_if/adc_shft_regb[15]_i_2_n_0
    SLICE_X32Y68         LUT4 (Prop_lut4_I3_O)        0.124    48.447 r  u_ap_codec_if/u_ac_i2s_if/adc_shft_regb[15]_i_1/O
                         net (fo=16, routed)          1.650    50.097    u_ap_codec_if/u_ac_i2s_if/adc_shft_regb[15]_i_1_n_0
    SLICE_X25Y61         FDRE                                         r  u_ap_codec_if/u_ac_i2s_if/adc_shft_regb_reg[11]/CE
  -------------------------------------------------------------------    -------------------

                         (clock mmcm2_clkout0 rise edge)
                                                     81.380    81.380 r  
    L16                                               0.000    81.380 r  clk_pi (IN)
                         net (fo=0)                   0.000    81.380    clk_pi
    L16                  IBUF (Prop_ibuf_I_O)         1.421    82.801 r  clk_pi_IBUF_inst/O
                         net (fo=1, routed)           1.880    84.681    u_clk_rst/u_clk_gen/clk_pi
    BUFGCTRL_X0Y17       BUFG (Prop_bufg_I_O)         0.091    84.772 r  u_clk_rst/u_clk_gen/u_bufg_clk_in/O
                         net (fo=1, routed)           1.474    86.246    u_clk_rst/u_clk_gen/clk_in_bufg
    MMCME2_ADV_X0Y1      MMCME2_ADV (Prop_mmcme2_adv_CLKIN1_CLKOUT0)
                                                     -3.164    83.082 r  u_clk_rst/u_clk_gen/u_mmcm1/CLKOUT0
                         net (fo=1, routed)           1.599    84.681    u_clk_rst/u_clk_gen/mmcm1_clkout0
    BUFGCTRL_X0Y16       BUFG (Prop_bufg_I_O)         0.091    84.772 r  u_clk_rst/u_clk_gen/u_bufg_clk_sys/O
                         net (fo=633, routed)         1.490    86.262    u_clk_rst/u_clk_gen/clk_sys_po
    MMCME2_ADV_X0Y0      MMCME2_ADV (Prop_mmcme2_adv_CLKIN1_CLKOUT0)
                                                     -3.177    83.085 r  u_clk_rst/u_clk_gen/u_mmcm2/CLKOUT0
                         net (fo=1, routed)           1.599    84.684    u_clk_rst/u_clk_gen/mmcm2_clkout0
    BUFGCTRL_X0Y0        BUFG (Prop_bufg_I_O)         0.091    84.775 r  u_clk_rst/u_clk_gen/u_bufg_ac_mclk/O
                         net (fo=109, routed)         1.482    86.257    u_ap_codec_if/u_ac_i2s_if/ac_mclk_po
    SLICE_X25Y61         FDRE                                         r  u_ap_codec_if/u_ac_i2s_if/adc_shft_regb_reg[11]/C
                         clock pessimism              0.391    86.648    
                         clock uncertainty           -0.273    86.374    
    SLICE_X25Y61         FDRE (Setup_fdre_C_CE)      -0.205    86.169    u_ap_codec_if/u_ac_i2s_if/adc_shft_regb_reg[11]
  -------------------------------------------------------------------
                         required time                         86.169    
                         arrival time                         -50.097    
  -------------------------------------------------------------------
                         slack                                 36.073    

Slack (MET) :             36.073ns  (required time - arrival time)
  Source:                 u_ap_codec_if/u_ac_i2s_if/bcnt_regb_reg[2]/C
                            (falling edge-triggered cell FDRE clocked by mmcm2_clkout0  {rise@0.000ns fall@40.690ns period=81.380ns})
  Destination:            u_ap_codec_if/u_ac_i2s_if/adc_shft_regb_reg[15]/CE
                            (rising edge-triggered cell FDRE clocked by mmcm2_clkout0  {rise@0.000ns fall@40.690ns period=81.380ns})
  Path Group:             mmcm2_clkout0
  Path Type:              Setup (Max at Slow Process Corner)
  Requirement:            40.690ns  (mmcm2_clkout0 rise@81.380ns - mmcm2_clkout0 fall@40.690ns)
  Data Path Delay:        4.083ns  (logic 0.707ns (17.315%)  route 3.376ns (82.685%))
  Logic Levels:           2  (LUT4=2)
  Clock Path Skew:        -0.056ns (DCD - SCD + CPR)
    Destination Clock Delay (DCD):    4.876ns = ( 86.257 - 81.380 ) 
    Source Clock Delay      (SCD):    5.323ns = ( 46.013 - 40.690 ) 
    Clock Pessimism Removal (CPR):    0.391ns
  Clock Uncertainty:      0.273ns  ((TSJ^2 + DJ^2)^1/2) / 2 + PE
    Total System Jitter     (TSJ):    0.071ns
    Discrete Jitter          (DJ):    0.542ns
    Phase Error              (PE):    0.000ns

    Location             Delay type                Incr(ns)  Path(ns)    Netlist Resource(s)
  -------------------------------------------------------------------    -------------------
                         (clock mmcm2_clkout0 fall edge)
                                                     40.690    40.690 f  
    L16                                               0.000    40.690 f  clk_pi (IN)
                         net (fo=0)                   0.000    40.690    clk_pi
    L16                  IBUF (Prop_ibuf_I_O)         1.491    42.181 f  clk_pi_IBUF_inst/O
                         net (fo=1, routed)           2.076    44.257    u_clk_rst/u_clk_gen/clk_pi
    BUFGCTRL_X0Y17       BUFG (Prop_bufg_I_O)         0.101    44.358 f  u_clk_rst/u_clk_gen/u_bufg_clk_in/O
                         net (fo=1, routed)           1.663    46.021    u_clk_rst/u_clk_gen/clk_in_bufg
    MMCME2_ADV_X0Y1      MMCME2_ADV (Prop_mmcme2_adv_CLKIN1_CLKOUT0)
                                                     -3.524    42.497 f  u_clk_rst/u_clk_gen/u_mmcm1/CLKOUT0
                         net (fo=1, routed)           1.760    44.257    u_clk_rst/u_clk_gen/mmcm1_clkout0
    BUFGCTRL_X0Y16       BUFG (Prop_bufg_I_O)         0.101    44.358 f  u_clk_rst/u_clk_gen/u_bufg_clk_sys/O
                         net (fo=633, routed)         1.680    46.038    u_clk_rst/u_clk_gen/clk_sys_po
    MMCME2_ADV_X0Y0      MMCME2_ADV (Prop_mmcme2_adv_CLKIN1_CLKOUT0)
                                                     -3.538    42.500 f  u_clk_rst/u_clk_gen/u_mmcm2/CLKOUT0
                         net (fo=1, routed)           1.760    44.260    u_clk_rst/u_clk_gen/mmcm2_clkout0
    BUFGCTRL_X0Y0        BUFG (Prop_bufg_I_O)         0.101    44.361 f  u_clk_rst/u_clk_gen/u_bufg_ac_mclk/O
                         net (fo=109, routed)         1.652    46.013    u_ap_codec_if/u_ac_i2s_if/ac_mclk_po
    SLICE_X33Y68         FDRE                                         r  u_ap_codec_if/u_ac_i2s_if/bcnt_regb_reg[2]/C  (IS_INVERTED)
  -------------------------------------------------------------------    -------------------
    SLICE_X33Y68         FDRE (Prop_fdre_C_Q)         0.459    46.472 r  u_ap_codec_if/u_ac_i2s_if/bcnt_regb_reg[2]/Q
                         net (fo=7, routed)           1.089    47.561    u_ap_codec_if/u_ac_i2s_if/bcnt_regb_reg[2]
    SLICE_X33Y68         LUT4 (Prop_lut4_I3_O)        0.124    47.685 r  u_ap_codec_if/u_ac_i2s_if/adc_shft_regb[15]_i_2/O
                         net (fo=2, routed)           0.638    48.323    u_ap_codec_if/u_ac_i2s_if/adc_shft_regb[15]_i_2_n_0
    SLICE_X32Y68         LUT4 (Prop_lut4_I3_O)        0.124    48.447 r  u_ap_codec_if/u_ac_i2s_if/adc_shft_regb[15]_i_1/O
                         net (fo=16, routed)          1.650    50.097    u_ap_codec_if/u_ac_i2s_if/adc_shft_regb[15]_i_1_n_0
    SLICE_X25Y61         FDRE                                         r  u_ap_codec_if/u_ac_i2s_if/adc_shft_regb_reg[15]/CE
  -------------------------------------------------------------------    -------------------

                         (clock mmcm2_clkout0 rise edge)
                                                     81.380    81.380 r  
    L16                                               0.000    81.380 r  clk_pi (IN)
                         net (fo=0)                   0.000    81.380    clk_pi
    L16                  IBUF (Prop_ibuf_I_O)         1.421    82.801 r  clk_pi_IBUF_inst/O
                         net (fo=1, routed)           1.880    84.681    u_clk_rst/u_clk_gen/clk_pi
    BUFGCTRL_X0Y17       BUFG (Prop_bufg_I_O)         0.091    84.772 r  u_clk_rst/u_clk_gen/u_bufg_clk_in/O
                         net (fo=1, routed)           1.474    86.246    u_clk_rst/u_clk_gen/clk_in_bufg
    MMCME2_ADV_X0Y1      MMCME2_ADV (Prop_mmcme2_adv_CLKIN1_CLKOUT0)
                                                     -3.164    83.082 r  u_clk_rst/u_clk_gen/u_mmcm1/CLKOUT0
                         net (fo=1, routed)           1.599    84.681    u_clk_rst/u_clk_gen/mmcm1_clkout0
    BUFGCTRL_X0Y16       BUFG (Prop_bufg_I_O)         0.091    84.772 r  u_clk_rst/u_clk_gen/u_bufg_clk_sys/O
                         net (fo=633, routed)         1.490    86.262    u_clk_rst/u_clk_gen/clk_sys_po
    MMCME2_ADV_X0Y0      MMCME2_ADV (Prop_mmcme2_adv_CLKIN1_CLKOUT0)
                                                     -3.177    83.085 r  u_clk_rst/u_clk_gen/u_mmcm2/CLKOUT0
                         net (fo=1, routed)           1.599    84.684    u_clk_rst/u_clk_gen/mmcm2_clkout0
    BUFGCTRL_X0Y0        BUFG (Prop_bufg_I_O)         0.091    84.775 r  u_clk_rst/u_clk_gen/u_bufg_ac_mclk/O
                         net (fo=109, routed)         1.482    86.257    u_ap_codec_if/u_ac_i2s_if/ac_mclk_po
    SLICE_X25Y61         FDRE                                         r  u_ap_codec_if/u_ac_i2s_if/adc_shft_regb_reg[15]/C
                         clock pessimism              0.391    86.648    
                         clock uncertainty           -0.273    86.374    
    SLICE_X25Y61         FDRE (Setup_fdre_C_CE)      -0.205    86.169    u_ap_codec_if/u_ac_i2s_if/adc_shft_regb_reg[15]
  -------------------------------------------------------------------
                         required time                         86.169    
                         arrival time                         -50.097    
  -------------------------------------------------------------------
                         slack                                 36.073    

Slack (MET) :             36.073ns  (required time - arrival time)
  Source:                 u_ap_codec_if/u_ac_i2s_if/bcnt_regb_reg[2]/C
                            (falling edge-triggered cell FDRE clocked by mmcm2_clkout0  {rise@0.000ns fall@40.690ns period=81.380ns})
  Destination:            u_ap_codec_if/u_ac_i2s_if/adc_shft_regb_reg[2]/CE
                            (rising edge-triggered cell FDRE clocked by mmcm2_clkout0  {rise@0.000ns fall@40.690ns period=81.380ns})
  Path Group:             mmcm2_clkout0
  Path Type:              Setup (Max at Slow Process Corner)
  Requirement:            40.690ns  (mmcm2_clkout0 rise@81.380ns - mmcm2_clkout0 fall@40.690ns)
  Data Path Delay:        4.083ns  (logic 0.707ns (17.315%)  route 3.376ns (82.685%))
  Logic Levels:           2  (LUT4=2)
  Clock Path Skew:        -0.056ns (DCD - SCD + CPR)
    Destination Clock Delay (DCD):    4.876ns = ( 86.257 - 81.380 ) 
    Source Clock Delay      (SCD):    5.323ns = ( 46.013 - 40.690 ) 
    Clock Pessimism Removal (CPR):    0.391ns
  Clock Uncertainty:      0.273ns  ((TSJ^2 + DJ^2)^1/2) / 2 + PE
    Total System Jitter     (TSJ):    0.071ns
    Discrete Jitter          (DJ):    0.542ns
    Phase Error              (PE):    0.000ns

    Location             Delay type                Incr(ns)  Path(ns)    Netlist Resource(s)
  -------------------------------------------------------------------    -------------------
                         (clock mmcm2_clkout0 fall edge)
                                                     40.690    40.690 f  
    L16                                               0.000    40.690 f  clk_pi (IN)
                         net (fo=0)                   0.000    40.690    clk_pi
    L16                  IBUF (Prop_ibuf_I_O)         1.491    42.181 f  clk_pi_IBUF_inst/O
                         net (fo=1, routed)           2.076    44.257    u_clk_rst/u_clk_gen/clk_pi
    BUFGCTRL_X0Y17       BUFG (Prop_bufg_I_O)         0.101    44.358 f  u_clk_rst/u_clk_gen/u_bufg_clk_in/O
                         net (fo=1, routed)           1.663    46.021    u_clk_rst/u_clk_gen/clk_in_bufg
    MMCME2_ADV_X0Y1      MMCME2_ADV (Prop_mmcme2_adv_CLKIN1_CLKOUT0)
                                                     -3.524    42.497 f  u_clk_rst/u_clk_gen/u_mmcm1/CLKOUT0
                         net (fo=1, routed)           1.760    44.257    u_clk_rst/u_clk_gen/mmcm1_clkout0
    BUFGCTRL_X0Y16       BUFG (Prop_bufg_I_O)         0.101    44.358 f  u_clk_rst/u_clk_gen/u_bufg_clk_sys/O
                         net (fo=633, routed)         1.680    46.038    u_clk_rst/u_clk_gen/clk_sys_po
    MMCME2_ADV_X0Y0      MMCME2_ADV (Prop_mmcme2_adv_CLKIN1_CLKOUT0)
                                                     -3.538    42.500 f  u_clk_rst/u_clk_gen/u_mmcm2/CLKOUT0
                         net (fo=1, routed)           1.760    44.260    u_clk_rst/u_clk_gen/mmcm2_clkout0
    BUFGCTRL_X0Y0        BUFG (Prop_bufg_I_O)         0.101    44.361 f  u_clk_rst/u_clk_gen/u_bufg_ac_mclk/O
                         net (fo=109, routed)         1.652    46.013    u_ap_codec_if/u_ac_i2s_if/ac_mclk_po
    SLICE_X33Y68         FDRE                                         r  u_ap_codec_if/u_ac_i2s_if/bcnt_regb_reg[2]/C  (IS_INVERTED)
  -------------------------------------------------------------------    -------------------
    SLICE_X33Y68         FDRE (Prop_fdre_C_Q)         0.459    46.472 r  u_ap_codec_if/u_ac_i2s_if/bcnt_regb_reg[2]/Q
                         net (fo=7, routed)           1.089    47.561    u_ap_codec_if/u_ac_i2s_if/bcnt_regb_reg[2]
    SLICE_X33Y68         LUT4 (Prop_lut4_I3_O)        0.124    47.685 r  u_ap_codec_if/u_ac_i2s_if/adc_shft_regb[15]_i_2/O
                         net (fo=2, routed)           0.638    48.323    u_ap_codec_if/u_ac_i2s_if/adc_shft_regb[15]_i_2_n_0
    SLICE_X32Y68         LUT4 (Prop_lut4_I3_O)        0.124    48.447 r  u_ap_codec_if/u_ac_i2s_if/adc_shft_regb[15]_i_1/O
                         net (fo=16, routed)          1.650    50.097    u_ap_codec_if/u_ac_i2s_if/adc_shft_regb[15]_i_1_n_0
    SLICE_X25Y61         FDRE                                         r  u_ap_codec_if/u_ac_i2s_if/adc_shft_regb_reg[2]/CE
  -------------------------------------------------------------------    -------------------

                         (clock mmcm2_clkout0 rise edge)
                                                     81.380    81.380 r  
    L16                                               0.000    81.380 r  clk_pi (IN)
                         net (fo=0)                   0.000    81.380    clk_pi
    L16                  IBUF (Prop_ibuf_I_O)         1.421    82.801 r  clk_pi_IBUF_inst/O
                         net (fo=1, routed)           1.880    84.681    u_clk_rst/u_clk_gen/clk_pi
    BUFGCTRL_X0Y17       BUFG (Prop_bufg_I_O)         0.091    84.772 r  u_clk_rst/u_clk_gen/u_bufg_clk_in/O
                         net (fo=1, routed)           1.474    86.246    u_clk_rst/u_clk_gen/clk_in_bufg
    MMCME2_ADV_X0Y1      MMCME2_ADV (Prop_mmcme2_adv_CLKIN1_CLKOUT0)
                                                     -3.164    83.082 r  u_clk_rst/u_clk_gen/u_mmcm1/CLKOUT0
                         net (fo=1, routed)           1.599    84.681    u_clk_rst/u_clk_gen/mmcm1_clkout0
    BUFGCTRL_X0Y16       BUFG (Prop_bufg_I_O)         0.091    84.772 r  u_clk_rst/u_clk_gen/u_bufg_clk_sys/O
                         net (fo=633, routed)         1.490    86.262    u_clk_rst/u_clk_gen/clk_sys_po
    MMCME2_ADV_X0Y0      MMCME2_ADV (Prop_mmcme2_adv_CLKIN1_CLKOUT0)
                                                     -3.177    83.085 r  u_clk_rst/u_clk_gen/u_mmcm2/CLKOUT0
                         net (fo=1, routed)           1.599    84.684    u_clk_rst/u_clk_gen/mmcm2_clkout0
    BUFGCTRL_X0Y0        BUFG (Prop_bufg_I_O)         0.091    84.775 r  u_clk_rst/u_clk_gen/u_bufg_ac_mclk/O
                         net (fo=109, routed)         1.482    86.257    u_ap_codec_if/u_ac_i2s_if/ac_mclk_po
    SLICE_X25Y61         FDRE                                         r  u_ap_codec_if/u_ac_i2s_if/adc_shft_regb_reg[2]/C
                         clock pessimism              0.391    86.648    
                         clock uncertainty           -0.273    86.374    
    SLICE_X25Y61         FDRE (Setup_fdre_C_CE)      -0.205    86.169    u_ap_codec_if/u_ac_i2s_if/adc_shft_regb_reg[2]
  -------------------------------------------------------------------
                         required time                         86.169    
                         arrival time                         -50.097    
  -------------------------------------------------------------------
                         slack                                 36.073    

Slack (MET) :             36.073ns  (required time - arrival time)
  Source:                 u_ap_codec_if/u_ac_i2s_if/bcnt_regb_reg[2]/C
                            (falling edge-triggered cell FDRE clocked by mmcm2_clkout0  {rise@0.000ns fall@40.690ns period=81.380ns})
  Destination:            u_ap_codec_if/u_ac_i2s_if/adc_shft_regb_reg[3]/CE
                            (rising edge-triggered cell FDRE clocked by mmcm2_clkout0  {rise@0.000ns fall@40.690ns period=81.380ns})
  Path Group:             mmcm2_clkout0
  Path Type:              Setup (Max at Slow Process Corner)
  Requirement:            40.690ns  (mmcm2_clkout0 rise@81.380ns - mmcm2_clkout0 fall@40.690ns)
  Data Path Delay:        4.083ns  (logic 0.707ns (17.315%)  route 3.376ns (82.685%))
  Logic Levels:           2  (LUT4=2)
  Clock Path Skew:        -0.056ns (DCD - SCD + CPR)
    Destination Clock Delay (DCD):    4.876ns = ( 86.257 - 81.380 ) 
    Source Clock Delay      (SCD):    5.323ns = ( 46.013 - 40.690 ) 
    Clock Pessimism Removal (CPR):    0.391ns
  Clock Uncertainty:      0.273ns  ((TSJ^2 + DJ^2)^1/2) / 2 + PE
    Total System Jitter     (TSJ):    0.071ns
    Discrete Jitter          (DJ):    0.542ns
    Phase Error              (PE):    0.000ns

    Location             Delay type                Incr(ns)  Path(ns)    Netlist Resource(s)
  -------------------------------------------------------------------    -------------------
                         (clock mmcm2_clkout0 fall edge)
                                                     40.690    40.690 f  
    L16                                               0.000    40.690 f  clk_pi (IN)
                         net (fo=0)                   0.000    40.690    clk_pi
    L16                  IBUF (Prop_ibuf_I_O)         1.491    42.181 f  clk_pi_IBUF_inst/O
                         net (fo=1, routed)           2.076    44.257    u_clk_rst/u_clk_gen/clk_pi
    BUFGCTRL_X0Y17       BUFG (Prop_bufg_I_O)         0.101    44.358 f  u_clk_rst/u_clk_gen/u_bufg_clk_in/O
                         net (fo=1, routed)           1.663    46.021    u_clk_rst/u_clk_gen/clk_in_bufg
    MMCME2_ADV_X0Y1      MMCME2_ADV (Prop_mmcme2_adv_CLKIN1_CLKOUT0)
                                                     -3.524    42.497 f  u_clk_rst/u_clk_gen/u_mmcm1/CLKOUT0
                         net (fo=1, routed)           1.760    44.257    u_clk_rst/u_clk_gen/mmcm1_clkout0
    BUFGCTRL_X0Y16       BUFG (Prop_bufg_I_O)         0.101    44.358 f  u_clk_rst/u_clk_gen/u_bufg_clk_sys/O
                         net (fo=633, routed)         1.680    46.038    u_clk_rst/u_clk_gen/clk_sys_po
    MMCME2_ADV_X0Y0      MMCME2_ADV (Prop_mmcme2_adv_CLKIN1_CLKOUT0)
                                                     -3.538    42.500 f  u_clk_rst/u_clk_gen/u_mmcm2/CLKOUT0
                         net (fo=1, routed)           1.760    44.260    u_clk_rst/u_clk_gen/mmcm2_clkout0
    BUFGCTRL_X0Y0        BUFG (Prop_bufg_I_O)         0.101    44.361 f  u_clk_rst/u_clk_gen/u_bufg_ac_mclk/O
                         net (fo=109, routed)         1.652    46.013    u_ap_codec_if/u_ac_i2s_if/ac_mclk_po
    SLICE_X33Y68         FDRE                                         r  u_ap_codec_if/u_ac_i2s_if/bcnt_regb_reg[2]/C  (IS_INVERTED)
  -------------------------------------------------------------------    -------------------
    SLICE_X33Y68         FDRE (Prop_fdre_C_Q)         0.459    46.472 r  u_ap_codec_if/u_ac_i2s_if/bcnt_regb_reg[2]/Q
                         net (fo=7, routed)           1.089    47.561    u_ap_codec_if/u_ac_i2s_if/bcnt_regb_reg[2]
    SLICE_X33Y68         LUT4 (Prop_lut4_I3_O)        0.124    47.685 r  u_ap_codec_if/u_ac_i2s_if/adc_shft_regb[15]_i_2/O
                         net (fo=2, routed)           0.638    48.323    u_ap_codec_if/u_ac_i2s_if/adc_shft_regb[15]_i_2_n_0
    SLICE_X32Y68         LUT4 (Prop_lut4_I3_O)        0.124    48.447 r  u_ap_codec_if/u_ac_i2s_if/adc_shft_regb[15]_i_1/O
                         net (fo=16, routed)          1.650    50.097    u_ap_codec_if/u_ac_i2s_if/adc_shft_regb[15]_i_1_n_0
    SLICE_X25Y61         FDRE                                         r  u_ap_codec_if/u_ac_i2s_if/adc_shft_regb_reg[3]/CE
  -------------------------------------------------------------------    -------------------

                         (clock mmcm2_clkout0 rise edge)
                                                     81.380    81.380 r  
    L16                                               0.000    81.380 r  clk_pi (IN)
                         net (fo=0)                   0.000    81.380    clk_pi
    L16                  IBUF (Prop_ibuf_I_O)         1.421    82.801 r  clk_pi_IBUF_inst/O
                         net (fo=1, routed)           1.880    84.681    u_clk_rst/u_clk_gen/clk_pi
    BUFGCTRL_X0Y17       BUFG (Prop_bufg_I_O)         0.091    84.772 r  u_clk_rst/u_clk_gen/u_bufg_clk_in/O
                         net (fo=1, routed)           1.474    86.246    u_clk_rst/u_clk_gen/clk_in_bufg
    MMCME2_ADV_X0Y1      MMCME2_ADV (Prop_mmcme2_adv_CLKIN1_CLKOUT0)
                                                     -3.164    83.082 r  u_clk_rst/u_clk_gen/u_mmcm1/CLKOUT0
                         net (fo=1, routed)           1.599    84.681    u_clk_rst/u_clk_gen/mmcm1_clkout0
    BUFGCTRL_X0Y16       BUFG (Prop_bufg_I_O)         0.091    84.772 r  u_clk_rst/u_clk_gen/u_bufg_clk_sys/O
                         net (fo=633, routed)         1.490    86.262    u_clk_rst/u_clk_gen/clk_sys_po
    MMCME2_ADV_X0Y0      MMCME2_ADV (Prop_mmcme2_adv_CLKIN1_CLKOUT0)
                                                     -3.177    83.085 r  u_clk_rst/u_clk_gen/u_mmcm2/CLKOUT0
                         net (fo=1, routed)           1.599    84.684    u_clk_rst/u_clk_gen/mmcm2_clkout0
    BUFGCTRL_X0Y0        BUFG (Prop_bufg_I_O)         0.091    84.775 r  u_clk_rst/u_clk_gen/u_bufg_ac_mclk/O
                         net (fo=109, routed)         1.482    86.257    u_ap_codec_if/u_ac_i2s_if/ac_mclk_po
    SLICE_X25Y61         FDRE                                         r  u_ap_codec_if/u_ac_i2s_if/adc_shft_regb_reg[3]/C
                         clock pessimism              0.391    86.648    
                         clock uncertainty           -0.273    86.374    
    SLICE_X25Y61         FDRE (Setup_fdre_C_CE)      -0.205    86.169    u_ap_codec_if/u_ac_i2s_if/adc_shft_regb_reg[3]
  -------------------------------------------------------------------
                         required time                         86.169    
                         arrival time                         -50.097    
  -------------------------------------------------------------------
                         slack                                 36.073    

Slack (MET) :             36.298ns  (required time - arrival time)
  Source:                 u_ap_codec_if/u_ac_i2s_if/bcnt_regb_reg[2]/C
                            (falling edge-triggered cell FDRE clocked by mmcm2_clkout0  {rise@0.000ns fall@40.690ns period=81.380ns})
  Destination:            u_ap_codec_if/u_ac_i2s_if/adc_shft_regb_reg[6]/CE
                            (rising edge-triggered cell FDRE clocked by mmcm2_clkout0  {rise@0.000ns fall@40.690ns period=81.380ns})
  Path Group:             mmcm2_clkout0
  Path Type:              Setup (Max at Slow Process Corner)
  Requirement:            40.690ns  (mmcm2_clkout0 rise@81.380ns - mmcm2_clkout0 fall@40.690ns)
  Data Path Delay:        3.894ns  (logic 0.707ns (18.156%)  route 3.187ns (81.844%))
  Logic Levels:           2  (LUT4=2)
  Clock Path Skew:        -0.056ns (DCD - SCD + CPR)
    Destination Clock Delay (DCD):    4.876ns = ( 86.257 - 81.380 ) 
    Source Clock Delay      (SCD):    5.323ns = ( 46.013 - 40.690 ) 
    Clock Pessimism Removal (CPR):    0.391ns
  Clock Uncertainty:      0.273ns  ((TSJ^2 + DJ^2)^1/2) / 2 + PE
    Total System Jitter     (TSJ):    0.071ns
    Discrete Jitter          (DJ):    0.542ns
    Phase Error              (PE):    0.000ns

    Location             Delay type                Incr(ns)  Path(ns)    Netlist Resource(s)
  -------------------------------------------------------------------    -------------------
                         (clock mmcm2_clkout0 fall edge)
                                                     40.690    40.690 f  
    L16                                               0.000    40.690 f  clk_pi (IN)
                         net (fo=0)                   0.000    40.690    clk_pi
    L16                  IBUF (Prop_ibuf_I_O)         1.491    42.181 f  clk_pi_IBUF_inst/O
                         net (fo=1, routed)           2.076    44.257    u_clk_rst/u_clk_gen/clk_pi
    BUFGCTRL_X0Y17       BUFG (Prop_bufg_I_O)         0.101    44.358 f  u_clk_rst/u_clk_gen/u_bufg_clk_in/O
                         net (fo=1, routed)           1.663    46.021    u_clk_rst/u_clk_gen/clk_in_bufg
    MMCME2_ADV_X0Y1      MMCME2_ADV (Prop_mmcme2_adv_CLKIN1_CLKOUT0)
                                                     -3.524    42.497 f  u_clk_rst/u_clk_gen/u_mmcm1/CLKOUT0
                         net (fo=1, routed)           1.760    44.257    u_clk_rst/u_clk_gen/mmcm1_clkout0
    BUFGCTRL_X0Y16       BUFG (Prop_bufg_I_O)         0.101    44.358 f  u_clk_rst/u_clk_gen/u_bufg_clk_sys/O
                         net (fo=633, routed)         1.680    46.038    u_clk_rst/u_clk_gen/clk_sys_po
    MMCME2_ADV_X0Y0      MMCME2_ADV (Prop_mmcme2_adv_CLKIN1_CLKOUT0)
                                                     -3.538    42.500 f  u_clk_rst/u_clk_gen/u_mmcm2/CLKOUT0
                         net (fo=1, routed)           1.760    44.260    u_clk_rst/u_clk_gen/mmcm2_clkout0
    BUFGCTRL_X0Y0        BUFG (Prop_bufg_I_O)         0.101    44.361 f  u_clk_rst/u_clk_gen/u_bufg_ac_mclk/O
                         net (fo=109, routed)         1.652    46.013    u_ap_codec_if/u_ac_i2s_if/ac_mclk_po
    SLICE_X33Y68         FDRE                                         r  u_ap_codec_if/u_ac_i2s_if/bcnt_regb_reg[2]/C  (IS_INVERTED)
  -------------------------------------------------------------------    -------------------
    SLICE_X33Y68         FDRE (Prop_fdre_C_Q)         0.459    46.472 r  u_ap_codec_if/u_ac_i2s_if/bcnt_regb_reg[2]/Q
                         net (fo=7, routed)           1.089    47.561    u_ap_codec_if/u_ac_i2s_if/bcnt_regb_reg[2]
    SLICE_X33Y68         LUT4 (Prop_lut4_I3_O)        0.124    47.685 r  u_ap_codec_if/u_ac_i2s_if/adc_shft_regb[15]_i_2/O
                         net (fo=2, routed)           0.638    48.323    u_ap_codec_if/u_ac_i2s_if/adc_shft_regb[15]_i_2_n_0
    SLICE_X32Y68         LUT4 (Prop_lut4_I3_O)        0.124    48.447 r  u_ap_codec_if/u_ac_i2s_if/adc_shft_regb[15]_i_1/O
                         net (fo=16, routed)          1.461    49.907    u_ap_codec_if/u_ac_i2s_if/adc_shft_regb[15]_i_1_n_0
    SLICE_X24Y61         FDRE                                         r  u_ap_codec_if/u_ac_i2s_if/adc_shft_regb_reg[6]/CE
  -------------------------------------------------------------------    -------------------

                         (clock mmcm2_clkout0 rise edge)
                                                     81.380    81.380 r  
    L16                                               0.000    81.380 r  clk_pi (IN)
                         net (fo=0)                   0.000    81.380    clk_pi
    L16                  IBUF (Prop_ibuf_I_O)         1.421    82.801 r  clk_pi_IBUF_inst/O
                         net (fo=1, routed)           1.880    84.681    u_clk_rst/u_clk_gen/clk_pi
    BUFGCTRL_X0Y17       BUFG (Prop_bufg_I_O)         0.091    84.772 r  u_clk_rst/u_clk_gen/u_bufg_clk_in/O
                         net (fo=1, routed)           1.474    86.246    u_clk_rst/u_clk_gen/clk_in_bufg
    MMCME2_ADV_X0Y1      MMCME2_ADV (Prop_mmcme2_adv_CLKIN1_CLKOUT0)
                                                     -3.164    83.082 r  u_clk_rst/u_clk_gen/u_mmcm1/CLKOUT0
                         net (fo=1, routed)           1.599    84.681    u_clk_rst/u_clk_gen/mmcm1_clkout0
    BUFGCTRL_X0Y16       BUFG (Prop_bufg_I_O)         0.091    84.772 r  u_clk_rst/u_clk_gen/u_bufg_clk_sys/O
                         net (fo=633, routed)         1.490    86.262    u_clk_rst/u_clk_gen/clk_sys_po
    MMCME2_ADV_X0Y0      MMCME2_ADV (Prop_mmcme2_adv_CLKIN1_CLKOUT0)
                                                     -3.177    83.085 r  u_clk_rst/u_clk_gen/u_mmcm2/CLKOUT0
                         net (fo=1, routed)           1.599    84.684    u_clk_rst/u_clk_gen/mmcm2_clkout0
    BUFGCTRL_X0Y0        BUFG (Prop_bufg_I_O)         0.091    84.775 r  u_clk_rst/u_clk_gen/u_bufg_ac_mclk/O
                         net (fo=109, routed)         1.482    86.257    u_ap_codec_if/u_ac_i2s_if/ac_mclk_po
    SLICE_X24Y61         FDRE                                         r  u_ap_codec_if/u_ac_i2s_if/adc_shft_regb_reg[6]/C
                         clock pessimism              0.391    86.648    
                         clock uncertainty           -0.273    86.374    
    SLICE_X24Y61         FDRE (Setup_fdre_C_CE)      -0.169    86.205    u_ap_codec_if/u_ac_i2s_if/adc_shft_regb_reg[6]
  -------------------------------------------------------------------
                         required time                         86.205    
                         arrival time                         -49.907    
  -------------------------------------------------------------------
                         slack                                 36.298    

Slack (MET) :             36.298ns  (required time - arrival time)
  Source:                 u_ap_codec_if/u_ac_i2s_if/bcnt_regb_reg[2]/C
                            (falling edge-triggered cell FDRE clocked by mmcm2_clkout0  {rise@0.000ns fall@40.690ns period=81.380ns})
  Destination:            u_ap_codec_if/u_ac_i2s_if/adc_shft_regb_reg[7]/CE
                            (rising edge-triggered cell FDRE clocked by mmcm2_clkout0  {rise@0.000ns fall@40.690ns period=81.380ns})
  Path Group:             mmcm2_clkout0
  Path Type:              Setup (Max at Slow Process Corner)
  Requirement:            40.690ns  (mmcm2_clkout0 rise@81.380ns - mmcm2_clkout0 fall@40.690ns)
  Data Path Delay:        3.894ns  (logic 0.707ns (18.156%)  route 3.187ns (81.844%))
  Logic Levels:           2  (LUT4=2)
  Clock Path Skew:        -0.056ns (DCD - SCD + CPR)
    Destination Clock Delay (DCD):    4.876ns = ( 86.257 - 81.380 ) 
    Source Clock Delay      (SCD):    5.323ns = ( 46.013 - 40.690 ) 
    Clock Pessimism Removal (CPR):    0.391ns
  Clock Uncertainty:      0.273ns  ((TSJ^2 + DJ^2)^1/2) / 2 + PE
    Total System Jitter     (TSJ):    0.071ns
    Discrete Jitter          (DJ):    0.542ns
    Phase Error              (PE):    0.000ns

    Location             Delay type                Incr(ns)  Path(ns)    Netlist Resource(s)
  -------------------------------------------------------------------    -------------------
                         (clock mmcm2_clkout0 fall edge)
                                                     40.690    40.690 f  
    L16                                               0.000    40.690 f  clk_pi (IN)
                         net (fo=0)                   0.000    40.690    clk_pi
    L16                  IBUF (Prop_ibuf_I_O)         1.491    42.181 f  clk_pi_IBUF_inst/O
                         net (fo=1, routed)           2.076    44.257    u_clk_rst/u_clk_gen/clk_pi
    BUFGCTRL_X0Y17       BUFG (Prop_bufg_I_O)         0.101    44.358 f  u_clk_rst/u_clk_gen/u_bufg_clk_in/O
                         net (fo=1, routed)           1.663    46.021    u_clk_rst/u_clk_gen/clk_in_bufg
    MMCME2_ADV_X0Y1      MMCME2_ADV (Prop_mmcme2_adv_CLKIN1_CLKOUT0)
                                                     -3.524    42.497 f  u_clk_rst/u_clk_gen/u_mmcm1/CLKOUT0
                         net (fo=1, routed)           1.760    44.257    u_clk_rst/u_clk_gen/mmcm1_clkout0
    BUFGCTRL_X0Y16       BUFG (Prop_bufg_I_O)         0.101    44.358 f  u_clk_rst/u_clk_gen/u_bufg_clk_sys/O
                         net (fo=633, routed)         1.680    46.038    u_clk_rst/u_clk_gen/clk_sys_po
    MMCME2_ADV_X0Y0      MMCME2_ADV (Prop_mmcme2_adv_CLKIN1_CLKOUT0)
                                                     -3.538    42.500 f  u_clk_rst/u_clk_gen/u_mmcm2/CLKOUT0
                         net (fo=1, routed)           1.760    44.260    u_clk_rst/u_clk_gen/mmcm2_clkout0
    BUFGCTRL_X0Y0        BUFG (Prop_bufg_I_O)         0.101    44.361 f  u_clk_rst/u_clk_gen/u_bufg_ac_mclk/O
                         net (fo=109, routed)         1.652    46.013    u_ap_codec_if/u_ac_i2s_if/ac_mclk_po
    SLICE_X33Y68         FDRE                                         r  u_ap_codec_if/u_ac_i2s_if/bcnt_regb_reg[2]/C  (IS_INVERTED)
  -------------------------------------------------------------------    -------------------
    SLICE_X33Y68         FDRE (Prop_fdre_C_Q)         0.459    46.472 r  u_ap_codec_if/u_ac_i2s_if/bcnt_regb_reg[2]/Q
                         net (fo=7, routed)           1.089    47.561    u_ap_codec_if/u_ac_i2s_if/bcnt_regb_reg[2]
    SLICE_X33Y68         LUT4 (Prop_lut4_I3_O)        0.124    47.685 r  u_ap_codec_if/u_ac_i2s_if/adc_shft_regb[15]_i_2/O
                         net (fo=2, routed)           0.638    48.323    u_ap_codec_if/u_ac_i2s_if/adc_shft_regb[15]_i_2_n_0
    SLICE_X32Y68         LUT4 (Prop_lut4_I3_O)        0.124    48.447 r  u_ap_codec_if/u_ac_i2s_if/adc_shft_regb[15]_i_1/O
                         net (fo=16, routed)          1.461    49.907    u_ap_codec_if/u_ac_i2s_if/adc_shft_regb[15]_i_1_n_0
    SLICE_X24Y61         FDRE                                         r  u_ap_codec_if/u_ac_i2s_if/adc_shft_regb_reg[7]/CE
  -------------------------------------------------------------------    -------------------

                         (clock mmcm2_clkout0 rise edge)
                                                     81.380    81.380 r  
    L16                                               0.000    81.380 r  clk_pi (IN)
                         net (fo=0)                   0.000    81.380    clk_pi
    L16                  IBUF (Prop_ibuf_I_O)         1.421    82.801 r  clk_pi_IBUF_inst/O
                         net (fo=1, routed)           1.880    84.681    u_clk_rst/u_clk_gen/clk_pi
    BUFGCTRL_X0Y17       BUFG (Prop_bufg_I_O)         0.091    84.772 r  u_clk_rst/u_clk_gen/u_bufg_clk_in/O
                         net (fo=1, routed)           1.474    86.246    u_clk_rst/u_clk_gen/clk_in_bufg
    MMCME2_ADV_X0Y1      MMCME2_ADV (Prop_mmcme2_adv_CLKIN1_CLKOUT0)
                                                     -3.164    83.082 r  u_clk_rst/u_clk_gen/u_mmcm1/CLKOUT0
                         net (fo=1, routed)           1.599    84.681    u_clk_rst/u_clk_gen/mmcm1_clkout0
    BUFGCTRL_X0Y16       BUFG (Prop_bufg_I_O)         0.091    84.772 r  u_clk_rst/u_clk_gen/u_bufg_clk_sys/O
                         net (fo=633, routed)         1.490    86.262    u_clk_rst/u_clk_gen/clk_sys_po
    MMCME2_ADV_X0Y0      MMCME2_ADV (Prop_mmcme2_adv_CLKIN1_CLKOUT0)
                                                     -3.177    83.085 r  u_clk_rst/u_clk_gen/u_mmcm2/CLKOUT0
                         net (fo=1, routed)           1.599    84.684    u_clk_rst/u_clk_gen/mmcm2_clkout0
    BUFGCTRL_X0Y0        BUFG (Prop_bufg_I_O)         0.091    84.775 r  u_clk_rst/u_clk_gen/u_bufg_ac_mclk/O
                         net (fo=109, routed)         1.482    86.257    u_ap_codec_if/u_ac_i2s_if/ac_mclk_po
    SLICE_X24Y61         FDRE                                         r  u_ap_codec_if/u_ac_i2s_if/adc_shft_regb_reg[7]/C
                         clock pessimism              0.391    86.648    
                         clock uncertainty           -0.273    86.374    
    SLICE_X24Y61         FDRE (Setup_fdre_C_CE)      -0.169    86.205    u_ap_codec_if/u_ac_i2s_if/adc_shft_regb_reg[7]
  -------------------------------------------------------------------
                         required time                         86.205    
                         arrival time                         -49.907    
  -------------------------------------------------------------------
                         slack                                 36.298    

Slack (MET) :             36.298ns  (required time - arrival time)
  Source:                 u_ap_codec_if/u_ac_i2s_if/bcnt_regb_reg[2]/C
                            (falling edge-triggered cell FDRE clocked by mmcm2_clkout0  {rise@0.000ns fall@40.690ns period=81.380ns})
  Destination:            u_ap_codec_if/u_ac_i2s_if/adc_shft_regb_reg[8]/CE
                            (rising edge-triggered cell FDRE clocked by mmcm2_clkout0  {rise@0.000ns fall@40.690ns period=81.380ns})
  Path Group:             mmcm2_clkout0
  Path Type:              Setup (Max at Slow Process Corner)
  Requirement:            40.690ns  (mmcm2_clkout0 rise@81.380ns - mmcm2_clkout0 fall@40.690ns)
  Data Path Delay:        3.894ns  (logic 0.707ns (18.156%)  route 3.187ns (81.844%))
  Logic Levels:           2  (LUT4=2)
  Clock Path Skew:        -0.056ns (DCD - SCD + CPR)
    Destination Clock Delay (DCD):    4.876ns = ( 86.257 - 81.380 ) 
    Source Clock Delay      (SCD):    5.323ns = ( 46.013 - 40.690 ) 
    Clock Pessimism Removal (CPR):    0.391ns
  Clock Uncertainty:      0.273ns  ((TSJ^2 + DJ^2)^1/2) / 2 + PE
    Total System Jitter     (TSJ):    0.071ns
    Discrete Jitter          (DJ):    0.542ns
    Phase Error              (PE):    0.000ns

    Location             Delay type                Incr(ns)  Path(ns)    Netlist Resource(s)
  -------------------------------------------------------------------    -------------------
                         (clock mmcm2_clkout0 fall edge)
                                                     40.690    40.690 f  
    L16                                               0.000    40.690 f  clk_pi (IN)
                         net (fo=0)                   0.000    40.690    clk_pi
    L16                  IBUF (Prop_ibuf_I_O)         1.491    42.181 f  clk_pi_IBUF_inst/O
                         net (fo=1, routed)           2.076    44.257    u_clk_rst/u_clk_gen/clk_pi
    BUFGCTRL_X0Y17       BUFG (Prop_bufg_I_O)         0.101    44.358 f  u_clk_rst/u_clk_gen/u_bufg_clk_in/O
                         net (fo=1, routed)           1.663    46.021    u_clk_rst/u_clk_gen/clk_in_bufg
    MMCME2_ADV_X0Y1      MMCME2_ADV (Prop_mmcme2_adv_CLKIN1_CLKOUT0)
                                                     -3.524    42.497 f  u_clk_rst/u_clk_gen/u_mmcm1/CLKOUT0
                         net (fo=1, routed)           1.760    44.257    u_clk_rst/u_clk_gen/mmcm1_clkout0
    BUFGCTRL_X0Y16       BUFG (Prop_bufg_I_O)         0.101    44.358 f  u_clk_rst/u_clk_gen/u_bufg_clk_sys/O
                         net (fo=633, routed)         1.680    46.038    u_clk_rst/u_clk_gen/clk_sys_po
    MMCME2_ADV_X0Y0      MMCME2_ADV (Prop_mmcme2_adv_CLKIN1_CLKOUT0)
                                                     -3.538    42.500 f  u_clk_rst/u_clk_gen/u_mmcm2/CLKOUT0
                         net (fo=1, routed)           1.760    44.260    u_clk_rst/u_clk_gen/mmcm2_clkout0
    BUFGCTRL_X0Y0        BUFG (Prop_bufg_I_O)         0.101    44.361 f  u_clk_rst/u_clk_gen/u_bufg_ac_mclk/O
                         net (fo=109, routed)         1.652    46.013    u_ap_codec_if/u_ac_i2s_if/ac_mclk_po
    SLICE_X33Y68         FDRE                                         r  u_ap_codec_if/u_ac_i2s_if/bcnt_regb_reg[2]/C  (IS_INVERTED)
  -------------------------------------------------------------------    -------------------
    SLICE_X33Y68         FDRE (Prop_fdre_C_Q)         0.459    46.472 r  u_ap_codec_if/u_ac_i2s_if/bcnt_regb_reg[2]/Q
                         net (fo=7, routed)           1.089    47.561    u_ap_codec_if/u_ac_i2s_if/bcnt_regb_reg[2]
    SLICE_X33Y68         LUT4 (Prop_lut4_I3_O)        0.124    47.685 r  u_ap_codec_if/u_ac_i2s_if/adc_shft_regb[15]_i_2/O
                         net (fo=2, routed)           0.638    48.323    u_ap_codec_if/u_ac_i2s_if/adc_shft_regb[15]_i_2_n_0
    SLICE_X32Y68         LUT4 (Prop_lut4_I3_O)        0.124    48.447 r  u_ap_codec_if/u_ac_i2s_if/adc_shft_regb[15]_i_1/O
                         net (fo=16, routed)          1.461    49.907    u_ap_codec_if/u_ac_i2s_if/adc_shft_regb[15]_i_1_n_0
    SLICE_X24Y61         FDRE                                         r  u_ap_codec_if/u_ac_i2s_if/adc_shft_regb_reg[8]/CE
  -------------------------------------------------------------------    -------------------

                         (clock mmcm2_clkout0 rise edge)
                                                     81.380    81.380 r  
    L16                                               0.000    81.380 r  clk_pi (IN)
                         net (fo=0)                   0.000    81.380    clk_pi
    L16                  IBUF (Prop_ibuf_I_O)         1.421    82.801 r  clk_pi_IBUF_inst/O
                         net (fo=1, routed)           1.880    84.681    u_clk_rst/u_clk_gen/clk_pi
    BUFGCTRL_X0Y17       BUFG (Prop_bufg_I_O)         0.091    84.772 r  u_clk_rst/u_clk_gen/u_bufg_clk_in/O
                         net (fo=1, routed)           1.474    86.246    u_clk_rst/u_clk_gen/clk_in_bufg
    MMCME2_ADV_X0Y1      MMCME2_ADV (Prop_mmcme2_adv_CLKIN1_CLKOUT0)
                                                     -3.164    83.082 r  u_clk_rst/u_clk_gen/u_mmcm1/CLKOUT0
                         net (fo=1, routed)           1.599    84.681    u_clk_rst/u_clk_gen/mmcm1_clkout0
    BUFGCTRL_X0Y16       BUFG (Prop_bufg_I_O)         0.091    84.772 r  u_clk_rst/u_clk_gen/u_bufg_clk_sys/O
                         net (fo=633, routed)         1.490    86.262    u_clk_rst/u_clk_gen/clk_sys_po
    MMCME2_ADV_X0Y0      MMCME2_ADV (Prop_mmcme2_adv_CLKIN1_CLKOUT0)
                                                     -3.177    83.085 r  u_clk_rst/u_clk_gen/u_mmcm2/CLKOUT0
                         net (fo=1, routed)           1.599    84.684    u_clk_rst/u_clk_gen/mmcm2_clkout0
    BUFGCTRL_X0Y0        BUFG (Prop_bufg_I_O)         0.091    84.775 r  u_clk_rst/u_clk_gen/u_bufg_ac_mclk/O
                         net (fo=109, routed)         1.482    86.257    u_ap_codec_if/u_ac_i2s_if/ac_mclk_po
    SLICE_X24Y61         FDRE                                         r  u_ap_codec_if/u_ac_i2s_if/adc_shft_regb_reg[8]/C
                         clock pessimism              0.391    86.648    
                         clock uncertainty           -0.273    86.374    
    SLICE_X24Y61         FDRE (Setup_fdre_C_CE)      -0.169    86.205    u_ap_codec_if/u_ac_i2s_if/adc_shft_regb_reg[8]
  -------------------------------------------------------------------
                         required time                         86.205    
                         arrival time                         -49.907    
  -------------------------------------------------------------------
                         slack                                 36.298    

Slack (MET) :             36.298ns  (required time - arrival time)
  Source:                 u_ap_codec_if/u_ac_i2s_if/bcnt_regb_reg[2]/C
                            (falling edge-triggered cell FDRE clocked by mmcm2_clkout0  {rise@0.000ns fall@40.690ns period=81.380ns})
  Destination:            u_ap_codec_if/u_ac_i2s_if/adc_shft_regb_reg[9]/CE
                            (rising edge-triggered cell FDRE clocked by mmcm2_clkout0  {rise@0.000ns fall@40.690ns period=81.380ns})
  Path Group:             mmcm2_clkout0
  Path Type:              Setup (Max at Slow Process Corner)
  Requirement:            40.690ns  (mmcm2_clkout0 rise@81.380ns - mmcm2_clkout0 fall@40.690ns)
  Data Path Delay:        3.894ns  (logic 0.707ns (18.156%)  route 3.187ns (81.844%))
  Logic Levels:           2  (LUT4=2)
  Clock Path Skew:        -0.056ns (DCD - SCD + CPR)
    Destination Clock Delay (DCD):    4.876ns = ( 86.257 - 81.380 ) 
    Source Clock Delay      (SCD):    5.323ns = ( 46.013 - 40.690 ) 
    Clock Pessimism Removal (CPR):    0.391ns
  Clock Uncertainty:      0.273ns  ((TSJ^2 + DJ^2)^1/2) / 2 + PE
    Total System Jitter     (TSJ):    0.071ns
    Discrete Jitter          (DJ):    0.542ns
    Phase Error              (PE):    0.000ns

    Location             Delay type                Incr(ns)  Path(ns)    Netlist Resource(s)
  -------------------------------------------------------------------    -------------------
                         (clock mmcm2_clkout0 fall edge)
                                                     40.690    40.690 f  
    L16                                               0.000    40.690 f  clk_pi (IN)
                         net (fo=0)                   0.000    40.690    clk_pi
    L16                  IBUF (Prop_ibuf_I_O)         1.491    42.181 f  clk_pi_IBUF_inst/O
                         net (fo=1, routed)           2.076    44.257    u_clk_rst/u_clk_gen/clk_pi
    BUFGCTRL_X0Y17       BUFG (Prop_bufg_I_O)         0.101    44.358 f  u_clk_rst/u_clk_gen/u_bufg_clk_in/O
                         net (fo=1, routed)           1.663    46.021    u_clk_rst/u_clk_gen/clk_in_bufg
    MMCME2_ADV_X0Y1      MMCME2_ADV (Prop_mmcme2_adv_CLKIN1_CLKOUT0)
                                                     -3.524    42.497 f  u_clk_rst/u_clk_gen/u_mmcm1/CLKOUT0
                         net (fo=1, routed)           1.760    44.257    u_clk_rst/u_clk_gen/mmcm1_clkout0
    BUFGCTRL_X0Y16       BUFG (Prop_bufg_I_O)         0.101    44.358 f  u_clk_rst/u_clk_gen/u_bufg_clk_sys/O
                         net (fo=633, routed)         1.680    46.038    u_clk_rst/u_clk_gen/clk_sys_po
    MMCME2_ADV_X0Y0      MMCME2_ADV (Prop_mmcme2_adv_CLKIN1_CLKOUT0)
                                                     -3.538    42.500 f  u_clk_rst/u_clk_gen/u_mmcm2/CLKOUT0
                         net (fo=1, routed)           1.760    44.260    u_clk_rst/u_clk_gen/mmcm2_clkout0
    BUFGCTRL_X0Y0        BUFG (Prop_bufg_I_O)         0.101    44.361 f  u_clk_rst/u_clk_gen/u_bufg_ac_mclk/O
                         net (fo=109, routed)         1.652    46.013    u_ap_codec_if/u_ac_i2s_if/ac_mclk_po
    SLICE_X33Y68         FDRE                                         r  u_ap_codec_if/u_ac_i2s_if/bcnt_regb_reg[2]/C  (IS_INVERTED)
  -------------------------------------------------------------------    -------------------
    SLICE_X33Y68         FDRE (Prop_fdre_C_Q)         0.459    46.472 r  u_ap_codec_if/u_ac_i2s_if/bcnt_regb_reg[2]/Q
                         net (fo=7, routed)           1.089    47.561    u_ap_codec_if/u_ac_i2s_if/bcnt_regb_reg[2]
    SLICE_X33Y68         LUT4 (Prop_lut4_I3_O)        0.124    47.685 r  u_ap_codec_if/u_ac_i2s_if/adc_shft_regb[15]_i_2/O
                         net (fo=2, routed)           0.638    48.323    u_ap_codec_if/u_ac_i2s_if/adc_shft_regb[15]_i_2_n_0
    SLICE_X32Y68         LUT4 (Prop_lut4_I3_O)        0.124    48.447 r  u_ap_codec_if/u_ac_i2s_if/adc_shft_regb[15]_i_1/O
                         net (fo=16, routed)          1.461    49.907    u_ap_codec_if/u_ac_i2s_if/adc_shft_regb[15]_i_1_n_0
    SLICE_X24Y61         FDRE                                         r  u_ap_codec_if/u_ac_i2s_if/adc_shft_regb_reg[9]/CE
  -------------------------------------------------------------------    -------------------

                         (clock mmcm2_clkout0 rise edge)
                                                     81.380    81.380 r  
    L16                                               0.000    81.380 r  clk_pi (IN)
                         net (fo=0)                   0.000    81.380    clk_pi
    L16                  IBUF (Prop_ibuf_I_O)         1.421    82.801 r  clk_pi_IBUF_inst/O
                         net (fo=1, routed)           1.880    84.681    u_clk_rst/u_clk_gen/clk_pi
    BUFGCTRL_X0Y17       BUFG (Prop_bufg_I_O)         0.091    84.772 r  u_clk_rst/u_clk_gen/u_bufg_clk_in/O
                         net (fo=1, routed)           1.474    86.246    u_clk_rst/u_clk_gen/clk_in_bufg
    MMCME2_ADV_X0Y1      MMCME2_ADV (Prop_mmcme2_adv_CLKIN1_CLKOUT0)
                                                     -3.164    83.082 r  u_clk_rst/u_clk_gen/u_mmcm1/CLKOUT0
                         net (fo=1, routed)           1.599    84.681    u_clk_rst/u_clk_gen/mmcm1_clkout0
    BUFGCTRL_X0Y16       BUFG (Prop_bufg_I_O)         0.091    84.772 r  u_clk_rst/u_clk_gen/u_bufg_clk_sys/O
                         net (fo=633, routed)         1.490    86.262    u_clk_rst/u_clk_gen/clk_sys_po
    MMCME2_ADV_X0Y0      MMCME2_ADV (Prop_mmcme2_adv_CLKIN1_CLKOUT0)
                                                     -3.177    83.085 r  u_clk_rst/u_clk_gen/u_mmcm2/CLKOUT0
                         net (fo=1, routed)           1.599    84.684    u_clk_rst/u_clk_gen/mmcm2_clkout0
    BUFGCTRL_X0Y0        BUFG (Prop_bufg_I_O)         0.091    84.775 r  u_clk_rst/u_clk_gen/u_bufg_ac_mclk/O
                         net (fo=109, routed)         1.482    86.257    u_ap_codec_if/u_ac_i2s_if/ac_mclk_po
    SLICE_X24Y61         FDRE                                         r  u_ap_codec_if/u_ac_i2s_if/adc_shft_regb_reg[9]/C
                         clock pessimism              0.391    86.648    
                         clock uncertainty           -0.273    86.374    
    SLICE_X24Y61         FDRE (Setup_fdre_C_CE)      -0.169    86.205    u_ap_codec_if/u_ac_i2s_if/adc_shft_regb_reg[9]
  -------------------------------------------------------------------
                         required time                         86.205    
                         arrival time                         -49.907    
  -------------------------------------------------------------------
                         slack                                 36.298    

Slack (MET) :             36.582ns  (required time - arrival time)
  Source:                 u_ap_codec_if/u_ac_i2s_if/bcnt_regb_reg[2]/C
                            (falling edge-triggered cell FDRE clocked by mmcm2_clkout0  {rise@0.000ns fall@40.690ns period=81.380ns})
  Destination:            u_ap_codec_if/u_ac_i2s_if/adc_shft_regb_reg[12]/CE
                            (rising edge-triggered cell FDRE clocked by mmcm2_clkout0  {rise@0.000ns fall@40.690ns period=81.380ns})
  Path Group:             mmcm2_clkout0
  Path Type:              Setup (Max at Slow Process Corner)
  Requirement:            40.690ns  (mmcm2_clkout0 rise@81.380ns - mmcm2_clkout0 fall@40.690ns)
  Data Path Delay:        3.574ns  (logic 0.707ns (19.783%)  route 2.867ns (80.217%))
  Logic Levels:           2  (LUT4=2)
  Clock Path Skew:        -0.056ns (DCD - SCD + CPR)
    Destination Clock Delay (DCD):    4.876ns = ( 86.257 - 81.380 ) 
    Source Clock Delay      (SCD):    5.323ns = ( 46.013 - 40.690 ) 
    Clock Pessimism Removal (CPR):    0.391ns
  Clock Uncertainty:      0.273ns  ((TSJ^2 + DJ^2)^1/2) / 2 + PE
    Total System Jitter     (TSJ):    0.071ns
    Discrete Jitter          (DJ):    0.542ns
    Phase Error              (PE):    0.000ns

    Location             Delay type                Incr(ns)  Path(ns)    Netlist Resource(s)
  -------------------------------------------------------------------    -------------------
                         (clock mmcm2_clkout0 fall edge)
                                                     40.690    40.690 f  
    L16                                               0.000    40.690 f  clk_pi (IN)
                         net (fo=0)                   0.000    40.690    clk_pi
    L16                  IBUF (Prop_ibuf_I_O)         1.491    42.181 f  clk_pi_IBUF_inst/O
                         net (fo=1, routed)           2.076    44.257    u_clk_rst/u_clk_gen/clk_pi
    BUFGCTRL_X0Y17       BUFG (Prop_bufg_I_O)         0.101    44.358 f  u_clk_rst/u_clk_gen/u_bufg_clk_in/O
                         net (fo=1, routed)           1.663    46.021    u_clk_rst/u_clk_gen/clk_in_bufg
    MMCME2_ADV_X0Y1      MMCME2_ADV (Prop_mmcme2_adv_CLKIN1_CLKOUT0)
                                                     -3.524    42.497 f  u_clk_rst/u_clk_gen/u_mmcm1/CLKOUT0
                         net (fo=1, routed)           1.760    44.257    u_clk_rst/u_clk_gen/mmcm1_clkout0
    BUFGCTRL_X0Y16       BUFG (Prop_bufg_I_O)         0.101    44.358 f  u_clk_rst/u_clk_gen/u_bufg_clk_sys/O
                         net (fo=633, routed)         1.680    46.038    u_clk_rst/u_clk_gen/clk_sys_po
    MMCME2_ADV_X0Y0      MMCME2_ADV (Prop_mmcme2_adv_CLKIN1_CLKOUT0)
                                                     -3.538    42.500 f  u_clk_rst/u_clk_gen/u_mmcm2/CLKOUT0
                         net (fo=1, routed)           1.760    44.260    u_clk_rst/u_clk_gen/mmcm2_clkout0
    BUFGCTRL_X0Y0        BUFG (Prop_bufg_I_O)         0.101    44.361 f  u_clk_rst/u_clk_gen/u_bufg_ac_mclk/O
                         net (fo=109, routed)         1.652    46.013    u_ap_codec_if/u_ac_i2s_if/ac_mclk_po
    SLICE_X33Y68         FDRE                                         r  u_ap_codec_if/u_ac_i2s_if/bcnt_regb_reg[2]/C  (IS_INVERTED)
  -------------------------------------------------------------------    -------------------
    SLICE_X33Y68         FDRE (Prop_fdre_C_Q)         0.459    46.472 r  u_ap_codec_if/u_ac_i2s_if/bcnt_regb_reg[2]/Q
                         net (fo=7, routed)           1.089    47.561    u_ap_codec_if/u_ac_i2s_if/bcnt_regb_reg[2]
    SLICE_X33Y68         LUT4 (Prop_lut4_I3_O)        0.124    47.685 r  u_ap_codec_if/u_ac_i2s_if/adc_shft_regb[15]_i_2/O
                         net (fo=2, routed)           0.638    48.323    u_ap_codec_if/u_ac_i2s_if/adc_shft_regb[15]_i_2_n_0
    SLICE_X32Y68         LUT4 (Prop_lut4_I3_O)        0.124    48.447 r  u_ap_codec_if/u_ac_i2s_if/adc_shft_regb[15]_i_1/O
                         net (fo=16, routed)          1.140    49.587    u_ap_codec_if/u_ac_i2s_if/adc_shft_regb[15]_i_1_n_0
    SLICE_X22Y61         FDRE                                         r  u_ap_codec_if/u_ac_i2s_if/adc_shft_regb_reg[12]/CE
  -------------------------------------------------------------------    -------------------

                         (clock mmcm2_clkout0 rise edge)
                                                     81.380    81.380 r  
    L16                                               0.000    81.380 r  clk_pi (IN)
                         net (fo=0)                   0.000    81.380    clk_pi
    L16                  IBUF (Prop_ibuf_I_O)         1.421    82.801 r  clk_pi_IBUF_inst/O
                         net (fo=1, routed)           1.880    84.681    u_clk_rst/u_clk_gen/clk_pi
    BUFGCTRL_X0Y17       BUFG (Prop_bufg_I_O)         0.091    84.772 r  u_clk_rst/u_clk_gen/u_bufg_clk_in/O
                         net (fo=1, routed)           1.474    86.246    u_clk_rst/u_clk_gen/clk_in_bufg
    MMCME2_ADV_X0Y1      MMCME2_ADV (Prop_mmcme2_adv_CLKIN1_CLKOUT0)
                                                     -3.164    83.082 r  u_clk_rst/u_clk_gen/u_mmcm1/CLKOUT0
                         net (fo=1, routed)           1.599    84.681    u_clk_rst/u_clk_gen/mmcm1_clkout0
    BUFGCTRL_X0Y16       BUFG (Prop_bufg_I_O)         0.091    84.772 r  u_clk_rst/u_clk_gen/u_bufg_clk_sys/O
                         net (fo=633, routed)         1.490    86.262    u_clk_rst/u_clk_gen/clk_sys_po
    MMCME2_ADV_X0Y0      MMCME2_ADV (Prop_mmcme2_adv_CLKIN1_CLKOUT0)
                                                     -3.177    83.085 r  u_clk_rst/u_clk_gen/u_mmcm2/CLKOUT0
                         net (fo=1, routed)           1.599    84.684    u_clk_rst/u_clk_gen/mmcm2_clkout0
    BUFGCTRL_X0Y0        BUFG (Prop_bufg_I_O)         0.091    84.775 r  u_clk_rst/u_clk_gen/u_bufg_ac_mclk/O
                         net (fo=109, routed)         1.482    86.257    u_ap_codec_if/u_ac_i2s_if/ac_mclk_po
    SLICE_X22Y61         FDRE                                         r  u_ap_codec_if/u_ac_i2s_if/adc_shft_regb_reg[12]/C
                         clock pessimism              0.391    86.648    
                         clock uncertainty           -0.273    86.374    
    SLICE_X22Y61         FDRE (Setup_fdre_C_CE)      -0.205    86.169    u_ap_codec_if/u_ac_i2s_if/adc_shft_regb_reg[12]
  -------------------------------------------------------------------
                         required time                         86.169    
                         arrival time                         -49.587    
  -------------------------------------------------------------------
                         slack                                 36.582    

Slack (MET) :             36.582ns  (required time - arrival time)
  Source:                 u_ap_codec_if/u_ac_i2s_if/bcnt_regb_reg[2]/C
                            (falling edge-triggered cell FDRE clocked by mmcm2_clkout0  {rise@0.000ns fall@40.690ns period=81.380ns})
  Destination:            u_ap_codec_if/u_ac_i2s_if/adc_shft_regb_reg[13]/CE
                            (rising edge-triggered cell FDRE clocked by mmcm2_clkout0  {rise@0.000ns fall@40.690ns period=81.380ns})
  Path Group:             mmcm2_clkout0
  Path Type:              Setup (Max at Slow Process Corner)
  Requirement:            40.690ns  (mmcm2_clkout0 rise@81.380ns - mmcm2_clkout0 fall@40.690ns)
  Data Path Delay:        3.574ns  (logic 0.707ns (19.783%)  route 2.867ns (80.217%))
  Logic Levels:           2  (LUT4=2)
  Clock Path Skew:        -0.056ns (DCD - SCD + CPR)
    Destination Clock Delay (DCD):    4.876ns = ( 86.257 - 81.380 ) 
    Source Clock Delay      (SCD):    5.323ns = ( 46.013 - 40.690 ) 
    Clock Pessimism Removal (CPR):    0.391ns
  Clock Uncertainty:      0.273ns  ((TSJ^2 + DJ^2)^1/2) / 2 + PE
    Total System Jitter     (TSJ):    0.071ns
    Discrete Jitter          (DJ):    0.542ns
    Phase Error              (PE):    0.000ns

    Location             Delay type                Incr(ns)  Path(ns)    Netlist Resource(s)
  -------------------------------------------------------------------    -------------------
                         (clock mmcm2_clkout0 fall edge)
                                                     40.690    40.690 f  
    L16                                               0.000    40.690 f  clk_pi (IN)
                         net (fo=0)                   0.000    40.690    clk_pi
    L16                  IBUF (Prop_ibuf_I_O)         1.491    42.181 f  clk_pi_IBUF_inst/O
                         net (fo=1, routed)           2.076    44.257    u_clk_rst/u_clk_gen/clk_pi
    BUFGCTRL_X0Y17       BUFG (Prop_bufg_I_O)         0.101    44.358 f  u_clk_rst/u_clk_gen/u_bufg_clk_in/O
                         net (fo=1, routed)           1.663    46.021    u_clk_rst/u_clk_gen/clk_in_bufg
    MMCME2_ADV_X0Y1      MMCME2_ADV (Prop_mmcme2_adv_CLKIN1_CLKOUT0)
                                                     -3.524    42.497 f  u_clk_rst/u_clk_gen/u_mmcm1/CLKOUT0
                         net (fo=1, routed)           1.760    44.257    u_clk_rst/u_clk_gen/mmcm1_clkout0
    BUFGCTRL_X0Y16       BUFG (Prop_bufg_I_O)         0.101    44.358 f  u_clk_rst/u_clk_gen/u_bufg_clk_sys/O
                         net (fo=633, routed)         1.680    46.038    u_clk_rst/u_clk_gen/clk_sys_po
    MMCME2_ADV_X0Y0      MMCME2_ADV (Prop_mmcme2_adv_CLKIN1_CLKOUT0)
                                                     -3.538    42.500 f  u_clk_rst/u_clk_gen/u_mmcm2/CLKOUT0
                         net (fo=1, routed)           1.760    44.260    u_clk_rst/u_clk_gen/mmcm2_clkout0
    BUFGCTRL_X0Y0        BUFG (Prop_bufg_I_O)         0.101    44.361 f  u_clk_rst/u_clk_gen/u_bufg_ac_mclk/O
                         net (fo=109, routed)         1.652    46.013    u_ap_codec_if/u_ac_i2s_if/ac_mclk_po
    SLICE_X33Y68         FDRE                                         r  u_ap_codec_if/u_ac_i2s_if/bcnt_regb_reg[2]/C  (IS_INVERTED)
  -------------------------------------------------------------------    -------------------
    SLICE_X33Y68         FDRE (Prop_fdre_C_Q)         0.459    46.472 r  u_ap_codec_if/u_ac_i2s_if/bcnt_regb_reg[2]/Q
                         net (fo=7, routed)           1.089    47.561    u_ap_codec_if/u_ac_i2s_if/bcnt_regb_reg[2]
    SLICE_X33Y68         LUT4 (Prop_lut4_I3_O)        0.124    47.685 r  u_ap_codec_if/u_ac_i2s_if/adc_shft_regb[15]_i_2/O
                         net (fo=2, routed)           0.638    48.323    u_ap_codec_if/u_ac_i2s_if/adc_shft_regb[15]_i_2_n_0
    SLICE_X32Y68         LUT4 (Prop_lut4_I3_O)        0.124    48.447 r  u_ap_codec_if/u_ac_i2s_if/adc_shft_regb[15]_i_1/O
                         net (fo=16, routed)          1.140    49.587    u_ap_codec_if/u_ac_i2s_if/adc_shft_regb[15]_i_1_n_0
    SLICE_X22Y61         FDRE                                         r  u_ap_codec_if/u_ac_i2s_if/adc_shft_regb_reg[13]/CE
  -------------------------------------------------------------------    -------------------

                         (clock mmcm2_clkout0 rise edge)
                                                     81.380    81.380 r  
    L16                                               0.000    81.380 r  clk_pi (IN)
                         net (fo=0)                   0.000    81.380    clk_pi
    L16                  IBUF (Prop_ibuf_I_O)         1.421    82.801 r  clk_pi_IBUF_inst/O
                         net (fo=1, routed)           1.880    84.681    u_clk_rst/u_clk_gen/clk_pi
    BUFGCTRL_X0Y17       BUFG (Prop_bufg_I_O)         0.091    84.772 r  u_clk_rst/u_clk_gen/u_bufg_clk_in/O
                         net (fo=1, routed)           1.474    86.246    u_clk_rst/u_clk_gen/clk_in_bufg
    MMCME2_ADV_X0Y1      MMCME2_ADV (Prop_mmcme2_adv_CLKIN1_CLKOUT0)
                                                     -3.164    83.082 r  u_clk_rst/u_clk_gen/u_mmcm1/CLKOUT0
                         net (fo=1, routed)           1.599    84.681    u_clk_rst/u_clk_gen/mmcm1_clkout0
    BUFGCTRL_X0Y16       BUFG (Prop_bufg_I_O)         0.091    84.772 r  u_clk_rst/u_clk_gen/u_bufg_clk_sys/O
                         net (fo=633, routed)         1.490    86.262    u_clk_rst/u_clk_gen/clk_sys_po
    MMCME2_ADV_X0Y0      MMCME2_ADV (Prop_mmcme2_adv_CLKIN1_CLKOUT0)
                                                     -3.177    83.085 r  u_clk_rst/u_clk_gen/u_mmcm2/CLKOUT0
                         net (fo=1, routed)           1.599    84.684    u_clk_rst/u_clk_gen/mmcm2_clkout0
    BUFGCTRL_X0Y0        BUFG (Prop_bufg_I_O)         0.091    84.775 r  u_clk_rst/u_clk_gen/u_bufg_ac_mclk/O
                         net (fo=109, routed)         1.482    86.257    u_ap_codec_if/u_ac_i2s_if/ac_mclk_po
    SLICE_X22Y61         FDRE                                         r  u_ap_codec_if/u_ac_i2s_if/adc_shft_regb_reg[13]/C
                         clock pessimism              0.391    86.648    
                         clock uncertainty           -0.273    86.374    
    SLICE_X22Y61         FDRE (Setup_fdre_C_CE)      -0.205    86.169    u_ap_codec_if/u_ac_i2s_if/adc_shft_regb_reg[13]
  -------------------------------------------------------------------
                         required time                         86.169    
                         arrival time                         -49.587    
  -------------------------------------------------------------------
                         slack                                 36.582    





Min Delay Paths
--------------------------------------------------------------------------------------
Slack (MET) :             0.182ns  (arrival time - required time)
  Source:                 u_ap_codec_if/u_ac_i2s_if/dac_smpl_regb_reg[l][14]/C
                            (falling edge-triggered cell FDRE clocked by mmcm2_clkout0  {rise@0.000ns fall@40.690ns period=81.380ns})
  Destination:            u_ap_codec_if/u_ac_i2s_if/dac_shft_regb_reg[14]/D
                            (falling edge-triggered cell FDRE clocked by mmcm2_clkout0  {rise@0.000ns fall@40.690ns period=81.380ns})
  Path Group:             mmcm2_clkout0
  Path Type:              Hold (Min at Fast Process Corner)
  Requirement:            0.000ns  (mmcm2_clkout0 fall@40.690ns - mmcm2_clkout0 fall@40.690ns)
  Data Path Delay:        0.294ns  (logic 0.212ns (72.084%)  route 0.082ns (27.917%))
  Logic Levels:           1  (LUT5=1)
  Clock Path Skew:        0.013ns (DCD - SCD - CPR)
    Destination Clock Delay (DCD):    1.979ns = ( 42.669 - 40.690 ) 
    Source Clock Delay      (SCD):    1.465ns = ( 42.155 - 40.690 ) 
    Clock Pessimism Removal (CPR):    0.501ns

    Location             Delay type                Incr(ns)  Path(ns)    Netlist Resource(s)
  -------------------------------------------------------------------    -------------------
                         (clock mmcm2_clkout0 fall edge)
                                                     40.690    40.690 f  
    L16                                               0.000    40.690 f  clk_pi (IN)
                         net (fo=0)                   0.000    40.690    clk_pi
    L16                  IBUF (Prop_ibuf_I_O)         0.259    40.949 f  clk_pi_IBUF_inst/O
                         net (fo=1, routed)           0.627    41.576    u_clk_rst/u_clk_gen/clk_pi
    BUFGCTRL_X0Y17       BUFG (Prop_bufg_I_O)         0.026    41.602 f  u_clk_rst/u_clk_gen/u_bufg_clk_in/O
                         net (fo=1, routed)           0.542    42.144    u_clk_rst/u_clk_gen/clk_in_bufg
    MMCME2_ADV_X0Y1      MMCME2_ADV (Prop_mmcme2_adv_CLKIN1_CLKOUT0)
                                                     -1.050    41.094 f  u_clk_rst/u_clk_gen/u_mmcm1/CLKOUT0
                         net (fo=1, routed)           0.482    41.576    u_clk_rst/u_clk_gen/mmcm1_clkout0
    BUFGCTRL_X0Y16       BUFG (Prop_bufg_I_O)         0.026    41.602 f  u_clk_rst/u_clk_gen/u_bufg_clk_sys/O
                         net (fo=633, routed)         0.548    42.150    u_clk_rst/u_clk_gen/clk_sys_po
    MMCME2_ADV_X0Y0      MMCME2_ADV (Prop_mmcme2_adv_CLKIN1_CLKOUT0)
                                                     -1.053    41.096 f  u_clk_rst/u_clk_gen/u_mmcm2/CLKOUT0
                         net (fo=1, routed)           0.482    41.578    u_clk_rst/u_clk_gen/mmcm2_clkout0
    BUFGCTRL_X0Y0        BUFG (Prop_bufg_I_O)         0.026    41.604 f  u_clk_rst/u_clk_gen/u_bufg_ac_mclk/O
                         net (fo=109, routed)         0.551    42.155    u_ap_codec_if/u_ac_i2s_if/ac_mclk_po
    SLICE_X24Y68         FDRE                                         r  u_ap_codec_if/u_ac_i2s_if/dac_smpl_regb_reg[l][14]/C  (IS_INVERTED)
  -------------------------------------------------------------------    -------------------
    SLICE_X24Y68         FDRE (Prop_fdre_C_Q)         0.167    42.322 r  u_ap_codec_if/u_ac_i2s_if/dac_smpl_regb_reg[l][14]/Q
                         net (fo=1, routed)           0.082    42.404    u_ap_codec_if/u_ac_i2s_if/dac_smpl_regb_reg[l][14]
    SLICE_X25Y68         LUT5 (Prop_lut5_I0_O)        0.045    42.449 r  u_ap_codec_if/u_ac_i2s_if/dac_shft_regb[14]_i_1/O
                         net (fo=1, routed)           0.000    42.449    u_ap_codec_if/u_ac_i2s_if/dac_shft_regb[14]_i_1_n_0
    SLICE_X25Y68         FDRE                                         r  u_ap_codec_if/u_ac_i2s_if/dac_shft_regb_reg[14]/D
  -------------------------------------------------------------------    -------------------

                         (clock mmcm2_clkout0 fall edge)
                                                     40.690    40.690 f  
    L16                                               0.000    40.690 f  clk_pi (IN)
                         net (fo=0)                   0.000    40.690    clk_pi
    L16                  IBUF (Prop_ibuf_I_O)         0.447    41.137 f  clk_pi_IBUF_inst/O
                         net (fo=1, routed)           0.683    41.820    u_clk_rst/u_clk_gen/clk_pi
    BUFGCTRL_X0Y17       BUFG (Prop_bufg_I_O)         0.029    41.849 f  u_clk_rst/u_clk_gen/u_bufg_clk_in/O
                         net (fo=1, routed)           0.809    42.658    u_clk_rst/u_clk_gen/clk_in_bufg
    MMCME2_ADV_X0Y1      MMCME2_ADV (Prop_mmcme2_adv_CLKIN1_CLKOUT0)
                                                     -1.366    41.292 f  u_clk_rst/u_clk_gen/u_mmcm1/CLKOUT0
                         net (fo=1, routed)           0.528    41.820    u_clk_rst/u_clk_gen/mmcm1_clkout0
    BUFGCTRL_X0Y16       BUFG (Prop_bufg_I_O)         0.029    41.849 f  u_clk_rst/u_clk_gen/u_bufg_clk_sys/O
                         net (fo=633, routed)         0.814    42.663    u_clk_rst/u_clk_gen/clk_sys_po
    MMCME2_ADV_X0Y0      MMCME2_ADV (Prop_mmcme2_adv_CLKIN1_CLKOUT0)
                                                     -1.369    41.294 f  u_clk_rst/u_clk_gen/u_mmcm2/CLKOUT0
                         net (fo=1, routed)           0.528    41.822    u_clk_rst/u_clk_gen/mmcm2_clkout0
    BUFGCTRL_X0Y0        BUFG (Prop_bufg_I_O)         0.029    41.851 f  u_clk_rst/u_clk_gen/u_bufg_ac_mclk/O
                         net (fo=109, routed)         0.818    42.669    u_ap_codec_if/u_ac_i2s_if/ac_mclk_po
    SLICE_X25Y68         FDRE                                         r  u_ap_codec_if/u_ac_i2s_if/dac_shft_regb_reg[14]/C  (IS_INVERTED)
                         clock pessimism             -0.501    42.168    
    SLICE_X25Y68         FDRE (Hold_fdre_C_D)         0.099    42.267    u_ap_codec_if/u_ac_i2s_if/dac_shft_regb_reg[14]
  -------------------------------------------------------------------
                         required time                        -42.267    
                         arrival time                          42.449    
  -------------------------------------------------------------------
                         slack                                  0.182    

Slack (MET) :             0.183ns  (arrival time - required time)
  Source:                 u_ap_codec_if/u_ac_i2s_if/dac_smpl_regb_reg[l][11]/C
                            (falling edge-triggered cell FDRE clocked by mmcm2_clkout0  {rise@0.000ns fall@40.690ns period=81.380ns})
  Destination:            u_ap_codec_if/u_ac_i2s_if/dac_shft_regb_reg[11]/D
                            (falling edge-triggered cell FDRE clocked by mmcm2_clkout0  {rise@0.000ns fall@40.690ns period=81.380ns})
  Path Group:             mmcm2_clkout0
  Path Type:              Hold (Min at Fast Process Corner)
  Requirement:            0.000ns  (mmcm2_clkout0 fall@40.690ns - mmcm2_clkout0 fall@40.690ns)
  Data Path Delay:        0.294ns  (logic 0.212ns (72.084%)  route 0.082ns (27.917%))
  Logic Levels:           1  (LUT5=1)
  Clock Path Skew:        0.013ns (DCD - SCD - CPR)
    Destination Clock Delay (DCD):    1.979ns = ( 42.669 - 40.690 ) 
    Source Clock Delay      (SCD):    1.465ns = ( 42.155 - 40.690 ) 
    Clock Pessimism Removal (CPR):    0.501ns

    Location             Delay type                Incr(ns)  Path(ns)    Netlist Resource(s)
  -------------------------------------------------------------------    -------------------
                         (clock mmcm2_clkout0 fall edge)
                                                     40.690    40.690 f  
    L16                                               0.000    40.690 f  clk_pi (IN)
                         net (fo=0)                   0.000    40.690    clk_pi
    L16                  IBUF (Prop_ibuf_I_O)         0.259    40.949 f  clk_pi_IBUF_inst/O
                         net (fo=1, routed)           0.627    41.576    u_clk_rst/u_clk_gen/clk_pi
    BUFGCTRL_X0Y17       BUFG (Prop_bufg_I_O)         0.026    41.602 f  u_clk_rst/u_clk_gen/u_bufg_clk_in/O
                         net (fo=1, routed)           0.542    42.144    u_clk_rst/u_clk_gen/clk_in_bufg
    MMCME2_ADV_X0Y1      MMCME2_ADV (Prop_mmcme2_adv_CLKIN1_CLKOUT0)
                                                     -1.050    41.094 f  u_clk_rst/u_clk_gen/u_mmcm1/CLKOUT0
                         net (fo=1, routed)           0.482    41.576    u_clk_rst/u_clk_gen/mmcm1_clkout0
    BUFGCTRL_X0Y16       BUFG (Prop_bufg_I_O)         0.026    41.602 f  u_clk_rst/u_clk_gen/u_bufg_clk_sys/O
                         net (fo=633, routed)         0.548    42.150    u_clk_rst/u_clk_gen/clk_sys_po
    MMCME2_ADV_X0Y0      MMCME2_ADV (Prop_mmcme2_adv_CLKIN1_CLKOUT0)
                                                     -1.053    41.096 f  u_clk_rst/u_clk_gen/u_mmcm2/CLKOUT0
                         net (fo=1, routed)           0.482    41.578    u_clk_rst/u_clk_gen/mmcm2_clkout0
    BUFGCTRL_X0Y0        BUFG (Prop_bufg_I_O)         0.026    41.604 f  u_clk_rst/u_clk_gen/u_bufg_ac_mclk/O
                         net (fo=109, routed)         0.551    42.155    u_ap_codec_if/u_ac_i2s_if/ac_mclk_po
    SLICE_X24Y68         FDRE                                         r  u_ap_codec_if/u_ac_i2s_if/dac_smpl_regb_reg[l][11]/C  (IS_INVERTED)
  -------------------------------------------------------------------    -------------------
    SLICE_X24Y68         FDRE (Prop_fdre_C_Q)         0.167    42.322 r  u_ap_codec_if/u_ac_i2s_if/dac_smpl_regb_reg[l][11]/Q
                         net (fo=1, routed)           0.082    42.404    u_ap_codec_if/u_ac_i2s_if/dac_smpl_regb_reg[l][11]
    SLICE_X25Y68         LUT5 (Prop_lut5_I0_O)        0.045    42.449 r  u_ap_codec_if/u_ac_i2s_if/dac_shft_regb[11]_i_1/O
                         net (fo=1, routed)           0.000    42.449    u_ap_codec_if/u_ac_i2s_if/dac_shft_regb[11]_i_1_n_0
    SLICE_X25Y68         FDRE                                         r  u_ap_codec_if/u_ac_i2s_if/dac_shft_regb_reg[11]/D
  -------------------------------------------------------------------    -------------------

                         (clock mmcm2_clkout0 fall edge)
                                                     40.690    40.690 f  
    L16                                               0.000    40.690 f  clk_pi (IN)
                         net (fo=0)                   0.000    40.690    clk_pi
    L16                  IBUF (Prop_ibuf_I_O)         0.447    41.137 f  clk_pi_IBUF_inst/O
                         net (fo=1, routed)           0.683    41.820    u_clk_rst/u_clk_gen/clk_pi
    BUFGCTRL_X0Y17       BUFG (Prop_bufg_I_O)         0.029    41.849 f  u_clk_rst/u_clk_gen/u_bufg_clk_in/O
                         net (fo=1, routed)           0.809    42.658    u_clk_rst/u_clk_gen/clk_in_bufg
    MMCME2_ADV_X0Y1      MMCME2_ADV (Prop_mmcme2_adv_CLKIN1_CLKOUT0)
                                                     -1.366    41.292 f  u_clk_rst/u_clk_gen/u_mmcm1/CLKOUT0
                         net (fo=1, routed)           0.528    41.820    u_clk_rst/u_clk_gen/mmcm1_clkout0
    BUFGCTRL_X0Y16       BUFG (Prop_bufg_I_O)         0.029    41.849 f  u_clk_rst/u_clk_gen/u_bufg_clk_sys/O
                         net (fo=633, routed)         0.814    42.663    u_clk_rst/u_clk_gen/clk_sys_po
    MMCME2_ADV_X0Y0      MMCME2_ADV (Prop_mmcme2_adv_CLKIN1_CLKOUT0)
                                                     -1.369    41.294 f  u_clk_rst/u_clk_gen/u_mmcm2/CLKOUT0
                         net (fo=1, routed)           0.528    41.822    u_clk_rst/u_clk_gen/mmcm2_clkout0
    BUFGCTRL_X0Y0        BUFG (Prop_bufg_I_O)         0.029    41.851 f  u_clk_rst/u_clk_gen/u_bufg_ac_mclk/O
                         net (fo=109, routed)         0.818    42.669    u_ap_codec_if/u_ac_i2s_if/ac_mclk_po
    SLICE_X25Y68         FDRE                                         r  u_ap_codec_if/u_ac_i2s_if/dac_shft_regb_reg[11]/C  (IS_INVERTED)
                         clock pessimism             -0.501    42.168    
    SLICE_X25Y68         FDRE (Hold_fdre_C_D)         0.098    42.266    u_ap_codec_if/u_ac_i2s_if/dac_shft_regb_reg[11]
  -------------------------------------------------------------------
                         required time                        -42.266    
                         arrival time                          42.449    
  -------------------------------------------------------------------
                         slack                                  0.183    

Slack (MET) :             0.184ns  (arrival time - required time)
  Source:                 u_ap_codec_if/u_ac_i2s_if/dac_shft_regb_reg[5]/C
                            (falling edge-triggered cell FDRE clocked by mmcm2_clkout0  {rise@0.000ns fall@40.690ns period=81.380ns})
  Destination:            u_ap_codec_if/u_ac_i2s_if/dac_shft_regb_reg[6]/D
                            (falling edge-triggered cell FDRE clocked by mmcm2_clkout0  {rise@0.000ns fall@40.690ns period=81.380ns})
  Path Group:             mmcm2_clkout0
  Path Type:              Hold (Min at Fast Process Corner)
  Requirement:            0.000ns  (mmcm2_clkout0 fall@40.690ns - mmcm2_clkout0 fall@40.690ns)
  Data Path Delay:        0.321ns  (logic 0.191ns (59.426%)  route 0.130ns (40.575%))
  Logic Levels:           1  (LUT5=1)
  Clock Path Skew:        0.013ns (DCD - SCD - CPR)
    Destination Clock Delay (DCD):    1.984ns = ( 42.674 - 40.690 ) 
    Source Clock Delay      (SCD):    1.471ns = ( 42.161 - 40.690 ) 
    Clock Pessimism Removal (CPR):    0.500ns

    Location             Delay type                Incr(ns)  Path(ns)    Netlist Resource(s)
  -------------------------------------------------------------------    -------------------
                         (clock mmcm2_clkout0 fall edge)
                                                     40.690    40.690 f  
    L16                                               0.000    40.690 f  clk_pi (IN)
                         net (fo=0)                   0.000    40.690    clk_pi
    L16                  IBUF (Prop_ibuf_I_O)         0.259    40.949 f  clk_pi_IBUF_inst/O
                         net (fo=1, routed)           0.627    41.576    u_clk_rst/u_clk_gen/clk_pi
    BUFGCTRL_X0Y17       BUFG (Prop_bufg_I_O)         0.026    41.602 f  u_clk_rst/u_clk_gen/u_bufg_clk_in/O
                         net (fo=1, routed)           0.542    42.144    u_clk_rst/u_clk_gen/clk_in_bufg
    MMCME2_ADV_X0Y1      MMCME2_ADV (Prop_mmcme2_adv_CLKIN1_CLKOUT0)
                                                     -1.050    41.094 f  u_clk_rst/u_clk_gen/u_mmcm1/CLKOUT0
                         net (fo=1, routed)           0.482    41.576    u_clk_rst/u_clk_gen/mmcm1_clkout0
    BUFGCTRL_X0Y16       BUFG (Prop_bufg_I_O)         0.026    41.602 f  u_clk_rst/u_clk_gen/u_bufg_clk_sys/O
                         net (fo=633, routed)         0.548    42.150    u_clk_rst/u_clk_gen/clk_sys_po
    MMCME2_ADV_X0Y0      MMCME2_ADV (Prop_mmcme2_adv_CLKIN1_CLKOUT0)
                                                     -1.053    41.096 f  u_clk_rst/u_clk_gen/u_mmcm2/CLKOUT0
                         net (fo=1, routed)           0.482    41.578    u_clk_rst/u_clk_gen/mmcm2_clkout0
    BUFGCTRL_X0Y0        BUFG (Prop_bufg_I_O)         0.026    41.604 f  u_clk_rst/u_clk_gen/u_bufg_ac_mclk/O
                         net (fo=109, routed)         0.557    42.161    u_ap_codec_if/u_ac_i2s_if/ac_mclk_po
    SLICE_X29Y65         FDRE                                         r  u_ap_codec_if/u_ac_i2s_if/dac_shft_regb_reg[5]/C  (IS_INVERTED)
  -------------------------------------------------------------------    -------------------
    SLICE_X29Y65         FDRE (Prop_fdre_C_Q)         0.146    42.307 r  u_ap_codec_if/u_ac_i2s_if/dac_shft_regb_reg[5]/Q
                         net (fo=1, routed)           0.130    42.437    u_ap_codec_if/u_ac_i2s_if/dac_shft_regb_reg_n_0_[5]
    SLICE_X30Y66         LUT5 (Prop_lut5_I3_O)        0.045    42.482 r  u_ap_codec_if/u_ac_i2s_if/dac_shft_regb[6]_i_1/O
                         net (fo=1, routed)           0.000    42.482    u_ap_codec_if/u_ac_i2s_if/dac_shft_regb[6]_i_1_n_0
    SLICE_X30Y66         FDRE                                         r  u_ap_codec_if/u_ac_i2s_if/dac_shft_regb_reg[6]/D
  -------------------------------------------------------------------    -------------------

                         (clock mmcm2_clkout0 fall edge)
                                                     40.690    40.690 f  
    L16                                               0.000    40.690 f  clk_pi (IN)
                         net (fo=0)                   0.000    40.690    clk_pi
    L16                  IBUF (Prop_ibuf_I_O)         0.447    41.137 f  clk_pi_IBUF_inst/O
                         net (fo=1, routed)           0.683    41.820    u_clk_rst/u_clk_gen/clk_pi
    BUFGCTRL_X0Y17       BUFG (Prop_bufg_I_O)         0.029    41.849 f  u_clk_rst/u_clk_gen/u_bufg_clk_in/O
                         net (fo=1, routed)           0.809    42.658    u_clk_rst/u_clk_gen/clk_in_bufg
    MMCME2_ADV_X0Y1      MMCME2_ADV (Prop_mmcme2_adv_CLKIN1_CLKOUT0)
                                                     -1.366    41.292 f  u_clk_rst/u_clk_gen/u_mmcm1/CLKOUT0
                         net (fo=1, routed)           0.528    41.820    u_clk_rst/u_clk_gen/mmcm1_clkout0
    BUFGCTRL_X0Y16       BUFG (Prop_bufg_I_O)         0.029    41.849 f  u_clk_rst/u_clk_gen/u_bufg_clk_sys/O
                         net (fo=633, routed)         0.814    42.663    u_clk_rst/u_clk_gen/clk_sys_po
    MMCME2_ADV_X0Y0      MMCME2_ADV (Prop_mmcme2_adv_CLKIN1_CLKOUT0)
                                                     -1.369    41.294 f  u_clk_rst/u_clk_gen/u_mmcm2/CLKOUT0
                         net (fo=1, routed)           0.528    41.822    u_clk_rst/u_clk_gen/mmcm2_clkout0
    BUFGCTRL_X0Y0        BUFG (Prop_bufg_I_O)         0.029    41.851 f  u_clk_rst/u_clk_gen/u_bufg_ac_mclk/O
                         net (fo=109, routed)         0.823    42.674    u_ap_codec_if/u_ac_i2s_if/ac_mclk_po
    SLICE_X30Y66         FDRE                                         r  u_ap_codec_if/u_ac_i2s_if/dac_shft_regb_reg[6]/C  (IS_INVERTED)
                         clock pessimism             -0.500    42.174    
    SLICE_X30Y66         FDRE (Hold_fdre_C_D)         0.124    42.298    u_ap_codec_if/u_ac_i2s_if/dac_shft_regb_reg[6]
  -------------------------------------------------------------------
                         required time                        -42.298    
                         arrival time                          42.482    
  -------------------------------------------------------------------
                         slack                                  0.184    

Slack (MET) :             0.191ns  (arrival time - required time)
  Source:                 u_ap_codec_if/u_ac_i2s_if/dac_smpl_regb_reg[r][0]/C
                            (falling edge-triggered cell FDRE clocked by mmcm2_clkout0  {rise@0.000ns fall@40.690ns period=81.380ns})
  Destination:            u_ap_codec_if/u_ac_i2s_if/dac_shft_regb_reg[0]/D
                            (falling edge-triggered cell FDRE clocked by mmcm2_clkout0  {rise@0.000ns fall@40.690ns period=81.380ns})
  Path Group:             mmcm2_clkout0
  Path Type:              Hold (Min at Fast Process Corner)
  Requirement:            0.000ns  (mmcm2_clkout0 fall@40.690ns - mmcm2_clkout0 fall@40.690ns)
  Data Path Delay:        0.329ns  (logic 0.191ns (58.037%)  route 0.138ns (41.964%))
  Logic Levels:           1  (LUT5=1)
  Clock Path Skew:        0.013ns (DCD - SCD - CPR)
    Destination Clock Delay (DCD):    1.981ns = ( 42.671 - 40.690 ) 
    Source Clock Delay      (SCD):    1.467ns = ( 42.157 - 40.690 ) 
    Clock Pessimism Removal (CPR):    0.501ns

    Location             Delay type                Incr(ns)  Path(ns)    Netlist Resource(s)
  -------------------------------------------------------------------    -------------------
                         (clock mmcm2_clkout0 fall edge)
                                                     40.690    40.690 f  
    L16                                               0.000    40.690 f  clk_pi (IN)
                         net (fo=0)                   0.000    40.690    clk_pi
    L16                  IBUF (Prop_ibuf_I_O)         0.259    40.949 f  clk_pi_IBUF_inst/O
                         net (fo=1, routed)           0.627    41.576    u_clk_rst/u_clk_gen/clk_pi
    BUFGCTRL_X0Y17       BUFG (Prop_bufg_I_O)         0.026    41.602 f  u_clk_rst/u_clk_gen/u_bufg_clk_in/O
                         net (fo=1, routed)           0.542    42.144    u_clk_rst/u_clk_gen/clk_in_bufg
    MMCME2_ADV_X0Y1      MMCME2_ADV (Prop_mmcme2_adv_CLKIN1_CLKOUT0)
                                                     -1.050    41.094 f  u_clk_rst/u_clk_gen/u_mmcm1/CLKOUT0
                         net (fo=1, routed)           0.482    41.576    u_clk_rst/u_clk_gen/mmcm1_clkout0
    BUFGCTRL_X0Y16       BUFG (Prop_bufg_I_O)         0.026    41.602 f  u_clk_rst/u_clk_gen/u_bufg_clk_sys/O
                         net (fo=633, routed)         0.548    42.150    u_clk_rst/u_clk_gen/clk_sys_po
    MMCME2_ADV_X0Y0      MMCME2_ADV (Prop_mmcme2_adv_CLKIN1_CLKOUT0)
                                                     -1.053    41.096 f  u_clk_rst/u_clk_gen/u_mmcm2/CLKOUT0
                         net (fo=1, routed)           0.482    41.578    u_clk_rst/u_clk_gen/mmcm2_clkout0
    BUFGCTRL_X0Y0        BUFG (Prop_bufg_I_O)         0.026    41.604 f  u_clk_rst/u_clk_gen/u_bufg_ac_mclk/O
                         net (fo=109, routed)         0.553    42.157    u_ap_codec_if/u_ac_i2s_if/ac_mclk_po
    SLICE_X25Y66         FDRE                                         r  u_ap_codec_if/u_ac_i2s_if/dac_smpl_regb_reg[r][0]/C  (IS_INVERTED)
  -------------------------------------------------------------------    -------------------
    SLICE_X25Y66         FDRE (Prop_fdre_C_Q)         0.146    42.303 r  u_ap_codec_if/u_ac_i2s_if/dac_smpl_regb_reg[r][0]/Q
                         net (fo=1, routed)           0.138    42.441    u_ap_codec_if/u_ac_i2s_if/dac_smpl_regb_reg[r][0]
    SLICE_X24Y66         LUT5 (Prop_lut5_I2_O)        0.045    42.486 r  u_ap_codec_if/u_ac_i2s_if/dac_shft_regb[0]_i_1/O
                         net (fo=1, routed)           0.000    42.486    u_ap_codec_if/u_ac_i2s_if/dac_shft_regb[0]_i_1_n_0
    SLICE_X24Y66         FDRE                                         r  u_ap_codec_if/u_ac_i2s_if/dac_shft_regb_reg[0]/D
  -------------------------------------------------------------------    -------------------

                         (clock mmcm2_clkout0 fall edge)
                                                     40.690    40.690 f  
    L16                                               0.000    40.690 f  clk_pi (IN)
                         net (fo=0)                   0.000    40.690    clk_pi
    L16                  IBUF (Prop_ibuf_I_O)         0.447    41.137 f  clk_pi_IBUF_inst/O
                         net (fo=1, routed)           0.683    41.820    u_clk_rst/u_clk_gen/clk_pi
    BUFGCTRL_X0Y17       BUFG (Prop_bufg_I_O)         0.029    41.849 f  u_clk_rst/u_clk_gen/u_bufg_clk_in/O
                         net (fo=1, routed)           0.809    42.658    u_clk_rst/u_clk_gen/clk_in_bufg
    MMCME2_ADV_X0Y1      MMCME2_ADV (Prop_mmcme2_adv_CLKIN1_CLKOUT0)
                                                     -1.366    41.292 f  u_clk_rst/u_clk_gen/u_mmcm1/CLKOUT0
                         net (fo=1, routed)           0.528    41.820    u_clk_rst/u_clk_gen/mmcm1_clkout0
    BUFGCTRL_X0Y16       BUFG (Prop_bufg_I_O)         0.029    41.849 f  u_clk_rst/u_clk_gen/u_bufg_clk_sys/O
                         net (fo=633, routed)         0.814    42.663    u_clk_rst/u_clk_gen/clk_sys_po
    MMCME2_ADV_X0Y0      MMCME2_ADV (Prop_mmcme2_adv_CLKIN1_CLKOUT0)
                                                     -1.369    41.294 f  u_clk_rst/u_clk_gen/u_mmcm2/CLKOUT0
                         net (fo=1, routed)           0.528    41.822    u_clk_rst/u_clk_gen/mmcm2_clkout0
    BUFGCTRL_X0Y0        BUFG (Prop_bufg_I_O)         0.029    41.851 f  u_clk_rst/u_clk_gen/u_bufg_ac_mclk/O
                         net (fo=109, routed)         0.820    42.671    u_ap_codec_if/u_ac_i2s_if/ac_mclk_po
    SLICE_X24Y66         FDRE                                         r  u_ap_codec_if/u_ac_i2s_if/dac_shft_regb_reg[0]/C  (IS_INVERTED)
                         clock pessimism             -0.501    42.170    
    SLICE_X24Y66         FDRE (Hold_fdre_C_D)         0.125    42.295    u_ap_codec_if/u_ac_i2s_if/dac_shft_regb_reg[0]
  -------------------------------------------------------------------
                         required time                        -42.295    
                         arrival time                          42.486    
  -------------------------------------------------------------------
                         slack                                  0.191    

Slack (MET) :             0.192ns  (arrival time - required time)
  Source:                 u_ap_codec_if/u_ac_i2s_if/dac_smpl_regb_reg[r][4]/C
                            (falling edge-triggered cell FDRE clocked by mmcm2_clkout0  {rise@0.000ns fall@40.690ns period=81.380ns})
  Destination:            u_ap_codec_if/u_ac_i2s_if/dac_shft_regb_reg[4]/D
                            (falling edge-triggered cell FDRE clocked by mmcm2_clkout0  {rise@0.000ns fall@40.690ns period=81.380ns})
  Path Group:             mmcm2_clkout0
  Path Type:              Hold (Min at Fast Process Corner)
  Requirement:            0.000ns  (mmcm2_clkout0 fall@40.690ns - mmcm2_clkout0 fall@40.690ns)
  Data Path Delay:        0.305ns  (logic 0.191ns (62.546%)  route 0.114ns (37.455%))
  Logic Levels:           1  (LUT5=1)
  Clock Path Skew:        0.014ns (DCD - SCD - CPR)
    Destination Clock Delay (DCD):    1.985ns = ( 42.675 - 40.690 ) 
    Source Clock Delay      (SCD):    1.471ns = ( 42.161 - 40.690 ) 
    Clock Pessimism Removal (CPR):    0.500ns

    Location             Delay type                Incr(ns)  Path(ns)    Netlist Resource(s)
  -------------------------------------------------------------------    -------------------
                         (clock mmcm2_clkout0 fall edge)
                                                     40.690    40.690 f  
    L16                                               0.000    40.690 f  clk_pi (IN)
                         net (fo=0)                   0.000    40.690    clk_pi
    L16                  IBUF (Prop_ibuf_I_O)         0.259    40.949 f  clk_pi_IBUF_inst/O
                         net (fo=1, routed)           0.627    41.576    u_clk_rst/u_clk_gen/clk_pi
    BUFGCTRL_X0Y17       BUFG (Prop_bufg_I_O)         0.026    41.602 f  u_clk_rst/u_clk_gen/u_bufg_clk_in/O
                         net (fo=1, routed)           0.542    42.144    u_clk_rst/u_clk_gen/clk_in_bufg
    MMCME2_ADV_X0Y1      MMCME2_ADV (Prop_mmcme2_adv_CLKIN1_CLKOUT0)
                                                     -1.050    41.094 f  u_clk_rst/u_clk_gen/u_mmcm1/CLKOUT0
                         net (fo=1, routed)           0.482    41.576    u_clk_rst/u_clk_gen/mmcm1_clkout0
    BUFGCTRL_X0Y16       BUFG (Prop_bufg_I_O)         0.026    41.602 f  u_clk_rst/u_clk_gen/u_bufg_clk_sys/O
                         net (fo=633, routed)         0.548    42.150    u_clk_rst/u_clk_gen/clk_sys_po
    MMCME2_ADV_X0Y0      MMCME2_ADV (Prop_mmcme2_adv_CLKIN1_CLKOUT0)
                                                     -1.053    41.096 f  u_clk_rst/u_clk_gen/u_mmcm2/CLKOUT0
                         net (fo=1, routed)           0.482    41.578    u_clk_rst/u_clk_gen/mmcm2_clkout0
    BUFGCTRL_X0Y0        BUFG (Prop_bufg_I_O)         0.026    41.604 f  u_clk_rst/u_clk_gen/u_bufg_ac_mclk/O
                         net (fo=109, routed)         0.557    42.161    u_ap_codec_if/u_ac_i2s_if/ac_mclk_po
    SLICE_X26Y64         FDRE                                         r  u_ap_codec_if/u_ac_i2s_if/dac_smpl_regb_reg[r][4]/C  (IS_INVERTED)
  -------------------------------------------------------------------    -------------------
    SLICE_X26Y64         FDRE (Prop_fdre_C_Q)         0.146    42.307 r  u_ap_codec_if/u_ac_i2s_if/dac_smpl_regb_reg[r][4]/Q
                         net (fo=1, routed)           0.114    42.421    u_ap_codec_if/u_ac_i2s_if/dac_smpl_regb_reg[r][4]
    SLICE_X26Y65         LUT5 (Prop_lut5_I2_O)        0.045    42.466 r  u_ap_codec_if/u_ac_i2s_if/dac_shft_regb[4]_i_1/O
                         net (fo=1, routed)           0.000    42.466    u_ap_codec_if/u_ac_i2s_if/dac_shft_regb[4]_i_1_n_0
    SLICE_X26Y65         FDRE                                         r  u_ap_codec_if/u_ac_i2s_if/dac_shft_regb_reg[4]/D
  -------------------------------------------------------------------    -------------------

                         (clock mmcm2_clkout0 fall edge)
                                                     40.690    40.690 f  
    L16                                               0.000    40.690 f  clk_pi (IN)
                         net (fo=0)                   0.000    40.690    clk_pi
    L16                  IBUF (Prop_ibuf_I_O)         0.447    41.137 f  clk_pi_IBUF_inst/O
                         net (fo=1, routed)           0.683    41.820    u_clk_rst/u_clk_gen/clk_pi
    BUFGCTRL_X0Y17       BUFG (Prop_bufg_I_O)         0.029    41.849 f  u_clk_rst/u_clk_gen/u_bufg_clk_in/O
                         net (fo=1, routed)           0.809    42.658    u_clk_rst/u_clk_gen/clk_in_bufg
    MMCME2_ADV_X0Y1      MMCME2_ADV (Prop_mmcme2_adv_CLKIN1_CLKOUT0)
                                                     -1.366    41.292 f  u_clk_rst/u_clk_gen/u_mmcm1/CLKOUT0
                         net (fo=1, routed)           0.528    41.820    u_clk_rst/u_clk_gen/mmcm1_clkout0
    BUFGCTRL_X0Y16       BUFG (Prop_bufg_I_O)         0.029    41.849 f  u_clk_rst/u_clk_gen/u_bufg_clk_sys/O
                         net (fo=633, routed)         0.814    42.663    u_clk_rst/u_clk_gen/clk_sys_po
    MMCME2_ADV_X0Y0      MMCME2_ADV (Prop_mmcme2_adv_CLKIN1_CLKOUT0)
                                                     -1.369    41.294 f  u_clk_rst/u_clk_gen/u_mmcm2/CLKOUT0
                         net (fo=1, routed)           0.528    41.822    u_clk_rst/u_clk_gen/mmcm2_clkout0
    BUFGCTRL_X0Y0        BUFG (Prop_bufg_I_O)         0.029    41.851 f  u_clk_rst/u_clk_gen/u_bufg_ac_mclk/O
                         net (fo=109, routed)         0.824    42.675    u_ap_codec_if/u_ac_i2s_if/ac_mclk_po
    SLICE_X26Y65         FDRE                                         r  u_ap_codec_if/u_ac_i2s_if/dac_shft_regb_reg[4]/C  (IS_INVERTED)
                         clock pessimism             -0.500    42.175    
    SLICE_X26Y65         FDRE (Hold_fdre_C_D)         0.099    42.274    u_ap_codec_if/u_ac_i2s_if/dac_shft_regb_reg[4]
  -------------------------------------------------------------------
                         required time                        -42.274    
                         arrival time                          42.466    
  -------------------------------------------------------------------
                         slack                                  0.192    

Slack (MET) :             0.194ns  (arrival time - required time)
  Source:                 u_ap_codec_if/u_ac_i2s_if/dac_smpl_regb_reg[l][1]/C
                            (falling edge-triggered cell FDRE clocked by mmcm2_clkout0  {rise@0.000ns fall@40.690ns period=81.380ns})
  Destination:            u_ap_codec_if/u_ac_i2s_if/dac_shft_regb_reg[1]/D
                            (falling edge-triggered cell FDRE clocked by mmcm2_clkout0  {rise@0.000ns fall@40.690ns period=81.380ns})
  Path Group:             mmcm2_clkout0
  Path Type:              Hold (Min at Fast Process Corner)
  Requirement:            0.000ns  (mmcm2_clkout0 fall@40.690ns - mmcm2_clkout0 fall@40.690ns)
  Data Path Delay:        0.331ns  (logic 0.191ns (57.686%)  route 0.140ns (42.314%))
  Logic Levels:           1  (LUT5=1)
  Clock Path Skew:        0.013ns (DCD - SCD - CPR)
    Destination Clock Delay (DCD):    1.981ns = ( 42.671 - 40.690 ) 
    Source Clock Delay      (SCD):    1.467ns = ( 42.157 - 40.690 ) 
    Clock Pessimism Removal (CPR):    0.501ns

    Location             Delay type                Incr(ns)  Path(ns)    Netlist Resource(s)
  -------------------------------------------------------------------    -------------------
                         (clock mmcm2_clkout0 fall edge)
                                                     40.690    40.690 f  
    L16                                               0.000    40.690 f  clk_pi (IN)
                         net (fo=0)                   0.000    40.690    clk_pi
    L16                  IBUF (Prop_ibuf_I_O)         0.259    40.949 f  clk_pi_IBUF_inst/O
                         net (fo=1, routed)           0.627    41.576    u_clk_rst/u_clk_gen/clk_pi
    BUFGCTRL_X0Y17       BUFG (Prop_bufg_I_O)         0.026    41.602 f  u_clk_rst/u_clk_gen/u_bufg_clk_in/O
                         net (fo=1, routed)           0.542    42.144    u_clk_rst/u_clk_gen/clk_in_bufg
    MMCME2_ADV_X0Y1      MMCME2_ADV (Prop_mmcme2_adv_CLKIN1_CLKOUT0)
                                                     -1.050    41.094 f  u_clk_rst/u_clk_gen/u_mmcm1/CLKOUT0
                         net (fo=1, routed)           0.482    41.576    u_clk_rst/u_clk_gen/mmcm1_clkout0
    BUFGCTRL_X0Y16       BUFG (Prop_bufg_I_O)         0.026    41.602 f  u_clk_rst/u_clk_gen/u_bufg_clk_sys/O
                         net (fo=633, routed)         0.548    42.150    u_clk_rst/u_clk_gen/clk_sys_po
    MMCME2_ADV_X0Y0      MMCME2_ADV (Prop_mmcme2_adv_CLKIN1_CLKOUT0)
                                                     -1.053    41.096 f  u_clk_rst/u_clk_gen/u_mmcm2/CLKOUT0
                         net (fo=1, routed)           0.482    41.578    u_clk_rst/u_clk_gen/mmcm2_clkout0
    BUFGCTRL_X0Y0        BUFG (Prop_bufg_I_O)         0.026    41.604 f  u_clk_rst/u_clk_gen/u_bufg_ac_mclk/O
                         net (fo=109, routed)         0.553    42.157    u_ap_codec_if/u_ac_i2s_if/ac_mclk_po
    SLICE_X25Y66         FDRE                                         r  u_ap_codec_if/u_ac_i2s_if/dac_smpl_regb_reg[l][1]/C  (IS_INVERTED)
  -------------------------------------------------------------------    -------------------
    SLICE_X25Y66         FDRE (Prop_fdre_C_Q)         0.146    42.303 r  u_ap_codec_if/u_ac_i2s_if/dac_smpl_regb_reg[l][1]/Q
                         net (fo=1, routed)           0.140    42.443    u_ap_codec_if/u_ac_i2s_if/dac_smpl_regb_reg[l][1]
    SLICE_X24Y66         LUT5 (Prop_lut5_I0_O)        0.045    42.488 r  u_ap_codec_if/u_ac_i2s_if/dac_shft_regb[1]_i_1/O
                         net (fo=1, routed)           0.000    42.488    u_ap_codec_if/u_ac_i2s_if/dac_shft_regb[1]_i_1_n_0
    SLICE_X24Y66         FDRE                                         r  u_ap_codec_if/u_ac_i2s_if/dac_shft_regb_reg[1]/D
  -------------------------------------------------------------------    -------------------

                         (clock mmcm2_clkout0 fall edge)
                                                     40.690    40.690 f  
    L16                                               0.000    40.690 f  clk_pi (IN)
                         net (fo=0)                   0.000    40.690    clk_pi
    L16                  IBUF (Prop_ibuf_I_O)         0.447    41.137 f  clk_pi_IBUF_inst/O
                         net (fo=1, routed)           0.683    41.820    u_clk_rst/u_clk_gen/clk_pi
    BUFGCTRL_X0Y17       BUFG (Prop_bufg_I_O)         0.029    41.849 f  u_clk_rst/u_clk_gen/u_bufg_clk_in/O
                         net (fo=1, routed)           0.809    42.658    u_clk_rst/u_clk_gen/clk_in_bufg
    MMCME2_ADV_X0Y1      MMCME2_ADV (Prop_mmcme2_adv_CLKIN1_CLKOUT0)
                                                     -1.366    41.292 f  u_clk_rst/u_clk_gen/u_mmcm1/CLKOUT0
                         net (fo=1, routed)           0.528    41.820    u_clk_rst/u_clk_gen/mmcm1_clkout0
    BUFGCTRL_X0Y16       BUFG (Prop_bufg_I_O)         0.029    41.849 f  u_clk_rst/u_clk_gen/u_bufg_clk_sys/O
                         net (fo=633, routed)         0.814    42.663    u_clk_rst/u_clk_gen/clk_sys_po
    MMCME2_ADV_X0Y0      MMCME2_ADV (Prop_mmcme2_adv_CLKIN1_CLKOUT0)
                                                     -1.369    41.294 f  u_clk_rst/u_clk_gen/u_mmcm2/CLKOUT0
                         net (fo=1, routed)           0.528    41.822    u_clk_rst/u_clk_gen/mmcm2_clkout0
    BUFGCTRL_X0Y0        BUFG (Prop_bufg_I_O)         0.029    41.851 f  u_clk_rst/u_clk_gen/u_bufg_ac_mclk/O
                         net (fo=109, routed)         0.820    42.671    u_ap_codec_if/u_ac_i2s_if/ac_mclk_po
    SLICE_X24Y66         FDRE                                         r  u_ap_codec_if/u_ac_i2s_if/dac_shft_regb_reg[1]/C  (IS_INVERTED)
                         clock pessimism             -0.501    42.170    
    SLICE_X24Y66         FDRE (Hold_fdre_C_D)         0.124    42.294    u_ap_codec_if/u_ac_i2s_if/dac_shft_regb_reg[1]
  -------------------------------------------------------------------
                         required time                        -42.294    
                         arrival time                          42.488    
  -------------------------------------------------------------------
                         slack                                  0.194    

Slack (MET) :             0.199ns  (arrival time - required time)
  Source:                 u_ap_codec_if/u_ac_i2s_if/adc_shft_regb_reg[4]/C
                            (rising edge-triggered cell FDRE clocked by mmcm2_clkout0  {rise@0.000ns fall@40.690ns period=81.380ns})
  Destination:            u_ap_codec_if/u_ac_i2s_if/adc_shft_regb_reg[5]/D
                            (rising edge-triggered cell FDRE clocked by mmcm2_clkout0  {rise@0.000ns fall@40.690ns period=81.380ns})
  Path Group:             mmcm2_clkout0
  Path Type:              Hold (Min at Fast Process Corner)
  Requirement:            0.000ns  (mmcm2_clkout0 rise@0.000ns - mmcm2_clkout0 rise@0.000ns)
  Data Path Delay:        0.274ns  (logic 0.141ns (51.493%)  route 0.133ns (48.507%))
  Logic Levels:           0  
  Clock Path Skew:        0.000ns (DCD - SCD - CPR)
    Destination Clock Delay (DCD):    1.986ns
    Source Clock Delay      (SCD):    1.470ns
    Clock Pessimism Removal (CPR):    0.516ns

    Location             Delay type                Incr(ns)  Path(ns)    Netlist Resource(s)
  -------------------------------------------------------------------    -------------------
                         (clock mmcm2_clkout0 rise edge)
                                                      0.000     0.000 r  
    L16                                               0.000     0.000 r  clk_pi (IN)
                         net (fo=0)                   0.000     0.000    clk_pi
    L16                  IBUF (Prop_ibuf_I_O)         0.259     0.259 r  clk_pi_IBUF_inst/O
                         net (fo=1, routed)           0.627     0.886    u_clk_rst/u_clk_gen/clk_pi
    BUFGCTRL_X0Y17       BUFG (Prop_bufg_I_O)         0.026     0.912 r  u_clk_rst/u_clk_gen/u_bufg_clk_in/O
                         net (fo=1, routed)           0.542     1.454    u_clk_rst/u_clk_gen/clk_in_bufg
    MMCME2_ADV_X0Y1      MMCME2_ADV (Prop_mmcme2_adv_CLKIN1_CLKOUT0)
                                                     -1.050     0.404 r  u_clk_rst/u_clk_gen/u_mmcm1/CLKOUT0
                         net (fo=1, routed)           0.482     0.886    u_clk_rst/u_clk_gen/mmcm1_clkout0
    BUFGCTRL_X0Y16       BUFG (Prop_bufg_I_O)         0.026     0.912 r  u_clk_rst/u_clk_gen/u_bufg_clk_sys/O
                         net (fo=633, routed)         0.548     1.460    u_clk_rst/u_clk_gen/clk_sys_po
    MMCME2_ADV_X0Y0      MMCME2_ADV (Prop_mmcme2_adv_CLKIN1_CLKOUT0)
                                                     -1.053     0.406 r  u_clk_rst/u_clk_gen/u_mmcm2/CLKOUT0
                         net (fo=1, routed)           0.482     0.888    u_clk_rst/u_clk_gen/mmcm2_clkout0
    BUFGCTRL_X0Y0        BUFG (Prop_bufg_I_O)         0.026     0.914 r  u_clk_rst/u_clk_gen/u_bufg_ac_mclk/O
                         net (fo=109, routed)         0.556     1.470    u_ap_codec_if/u_ac_i2s_if/ac_mclk_po
    SLICE_X22Y61         FDRE                                         r  u_ap_codec_if/u_ac_i2s_if/adc_shft_regb_reg[4]/C
  -------------------------------------------------------------------    -------------------
    SLICE_X22Y61         FDRE (Prop_fdre_C_Q)         0.141     1.611 r  u_ap_codec_if/u_ac_i2s_if/adc_shft_regb_reg[4]/Q
                         net (fo=3, routed)           0.133     1.744    u_ap_codec_if/u_ac_i2s_if/adc_shft_regb[4]
    SLICE_X22Y61         FDRE                                         r  u_ap_codec_if/u_ac_i2s_if/adc_shft_regb_reg[5]/D
  -------------------------------------------------------------------    -------------------

                         (clock mmcm2_clkout0 rise edge)
                                                      0.000     0.000 r  
    L16                                               0.000     0.000 r  clk_pi (IN)
                         net (fo=0)                   0.000     0.000    clk_pi
    L16                  IBUF (Prop_ibuf_I_O)         0.447     0.447 r  clk_pi_IBUF_inst/O
                         net (fo=1, routed)           0.683     1.130    u_clk_rst/u_clk_gen/clk_pi
    BUFGCTRL_X0Y17       BUFG (Prop_bufg_I_O)         0.029     1.159 r  u_clk_rst/u_clk_gen/u_bufg_clk_in/O
                         net (fo=1, routed)           0.809     1.968    u_clk_rst/u_clk_gen/clk_in_bufg
    MMCME2_ADV_X0Y1      MMCME2_ADV (Prop_mmcme2_adv_CLKIN1_CLKOUT0)
                                                     -1.366     0.602 r  u_clk_rst/u_clk_gen/u_mmcm1/CLKOUT0
                         net (fo=1, routed)           0.528     1.130    u_clk_rst/u_clk_gen/mmcm1_clkout0
    BUFGCTRL_X0Y16       BUFG (Prop_bufg_I_O)         0.029     1.159 r  u_clk_rst/u_clk_gen/u_bufg_clk_sys/O
                         net (fo=633, routed)         0.814     1.973    u_clk_rst/u_clk_gen/clk_sys_po
    MMCME2_ADV_X0Y0      MMCME2_ADV (Prop_mmcme2_adv_CLKIN1_CLKOUT0)
                                                     -1.369     0.604 r  u_clk_rst/u_clk_gen/u_mmcm2/CLKOUT0
                         net (fo=1, routed)           0.528     1.132    u_clk_rst/u_clk_gen/mmcm2_clkout0
    BUFGCTRL_X0Y0        BUFG (Prop_bufg_I_O)         0.029     1.161 r  u_clk_rst/u_clk_gen/u_bufg_ac_mclk/O
                         net (fo=109, routed)         0.825     1.986    u_ap_codec_if/u_ac_i2s_if/ac_mclk_po
    SLICE_X22Y61         FDRE                                         r  u_ap_codec_if/u_ac_i2s_if/adc_shft_regb_reg[5]/C
                         clock pessimism             -0.516     1.470    
    SLICE_X22Y61         FDRE (Hold_fdre_C_D)         0.075     1.545    u_ap_codec_if/u_ac_i2s_if/adc_shft_regb_reg[5]
  -------------------------------------------------------------------
                         required time                         -1.545    
                         arrival time                           1.744    
  -------------------------------------------------------------------
                         slack                                  0.199    

Slack (MET) :             0.201ns  (arrival time - required time)
  Source:                 u_ap_codec_if/u_ac_i2s_if/dac_shft_regb_reg[4]/C
                            (falling edge-triggered cell FDRE clocked by mmcm2_clkout0  {rise@0.000ns fall@40.690ns period=81.380ns})
  Destination:            u_ap_codec_if/u_ac_i2s_if/dac_shft_regb_reg[5]/D
                            (falling edge-triggered cell FDRE clocked by mmcm2_clkout0  {rise@0.000ns fall@40.690ns period=81.380ns})
  Path Group:             mmcm2_clkout0
  Path Type:              Hold (Min at Fast Process Corner)
  Requirement:            0.000ns  (mmcm2_clkout0 fall@40.690ns - mmcm2_clkout0 fall@40.690ns)
  Data Path Delay:        0.332ns  (logic 0.191ns (57.550%)  route 0.141ns (42.451%))
  Logic Levels:           1  (LUT5=1)
  Clock Path Skew:        0.033ns (DCD - SCD - CPR)
    Destination Clock Delay (DCD):    1.985ns = ( 42.675 - 40.690 ) 
    Source Clock Delay      (SCD):    1.471ns = ( 42.161 - 40.690 ) 
    Clock Pessimism Removal (CPR):    0.481ns

    Location             Delay type                Incr(ns)  Path(ns)    Netlist Resource(s)
  -------------------------------------------------------------------    -------------------
                         (clock mmcm2_clkout0 fall edge)
                                                     40.690    40.690 f  
    L16                                               0.000    40.690 f  clk_pi (IN)
                         net (fo=0)                   0.000    40.690    clk_pi
    L16                  IBUF (Prop_ibuf_I_O)         0.259    40.949 f  clk_pi_IBUF_inst/O
                         net (fo=1, routed)           0.627    41.576    u_clk_rst/u_clk_gen/clk_pi
    BUFGCTRL_X0Y17       BUFG (Prop_bufg_I_O)         0.026    41.602 f  u_clk_rst/u_clk_gen/u_bufg_clk_in/O
                         net (fo=1, routed)           0.542    42.144    u_clk_rst/u_clk_gen/clk_in_bufg
    MMCME2_ADV_X0Y1      MMCME2_ADV (Prop_mmcme2_adv_CLKIN1_CLKOUT0)
                                                     -1.050    41.094 f  u_clk_rst/u_clk_gen/u_mmcm1/CLKOUT0
                         net (fo=1, routed)           0.482    41.576    u_clk_rst/u_clk_gen/mmcm1_clkout0
    BUFGCTRL_X0Y16       BUFG (Prop_bufg_I_O)         0.026    41.602 f  u_clk_rst/u_clk_gen/u_bufg_clk_sys/O
                         net (fo=633, routed)         0.548    42.150    u_clk_rst/u_clk_gen/clk_sys_po
    MMCME2_ADV_X0Y0      MMCME2_ADV (Prop_mmcme2_adv_CLKIN1_CLKOUT0)
                                                     -1.053    41.096 f  u_clk_rst/u_clk_gen/u_mmcm2/CLKOUT0
                         net (fo=1, routed)           0.482    41.578    u_clk_rst/u_clk_gen/mmcm2_clkout0
    BUFGCTRL_X0Y0        BUFG (Prop_bufg_I_O)         0.026    41.604 f  u_clk_rst/u_clk_gen/u_bufg_ac_mclk/O
                         net (fo=109, routed)         0.557    42.161    u_ap_codec_if/u_ac_i2s_if/ac_mclk_po
    SLICE_X26Y65         FDRE                                         r  u_ap_codec_if/u_ac_i2s_if/dac_shft_regb_reg[4]/C  (IS_INVERTED)
  -------------------------------------------------------------------    -------------------
    SLICE_X26Y65         FDRE (Prop_fdre_C_Q)         0.146    42.307 r  u_ap_codec_if/u_ac_i2s_if/dac_shft_regb_reg[4]/Q
                         net (fo=1, routed)           0.141    42.448    u_ap_codec_if/u_ac_i2s_if/dac_shft_regb_reg_n_0_[4]
    SLICE_X29Y65         LUT5 (Prop_lut5_I3_O)        0.045    42.493 r  u_ap_codec_if/u_ac_i2s_if/dac_shft_regb[5]_i_1/O
                         net (fo=1, routed)           0.000    42.493    u_ap_codec_if/u_ac_i2s_if/dac_shft_regb[5]_i_1_n_0
    SLICE_X29Y65         FDRE                                         r  u_ap_codec_if/u_ac_i2s_if/dac_shft_regb_reg[5]/D
  -------------------------------------------------------------------    -------------------

                         (clock mmcm2_clkout0 fall edge)
                                                     40.690    40.690 f  
    L16                                               0.000    40.690 f  clk_pi (IN)
                         net (fo=0)                   0.000    40.690    clk_pi
    L16                  IBUF (Prop_ibuf_I_O)         0.447    41.137 f  clk_pi_IBUF_inst/O
                         net (fo=1, routed)           0.683    41.820    u_clk_rst/u_clk_gen/clk_pi
    BUFGCTRL_X0Y17       BUFG (Prop_bufg_I_O)         0.029    41.849 f  u_clk_rst/u_clk_gen/u_bufg_clk_in/O
                         net (fo=1, routed)           0.809    42.658    u_clk_rst/u_clk_gen/clk_in_bufg
    MMCME2_ADV_X0Y1      MMCME2_ADV (Prop_mmcme2_adv_CLKIN1_CLKOUT0)
                                                     -1.366    41.292 f  u_clk_rst/u_clk_gen/u_mmcm1/CLKOUT0
                         net (fo=1, routed)           0.528    41.820    u_clk_rst/u_clk_gen/mmcm1_clkout0
    BUFGCTRL_X0Y16       BUFG (Prop_bufg_I_O)         0.029    41.849 f  u_clk_rst/u_clk_gen/u_bufg_clk_sys/O
                         net (fo=633, routed)         0.814    42.663    u_clk_rst/u_clk_gen/clk_sys_po
    MMCME2_ADV_X0Y0      MMCME2_ADV (Prop_mmcme2_adv_CLKIN1_CLKOUT0)
                                                     -1.369    41.294 f  u_clk_rst/u_clk_gen/u_mmcm2/CLKOUT0
                         net (fo=1, routed)           0.528    41.822    u_clk_rst/u_clk_gen/mmcm2_clkout0
    BUFGCTRL_X0Y0        BUFG (Prop_bufg_I_O)         0.029    41.851 f  u_clk_rst/u_clk_gen/u_bufg_ac_mclk/O
                         net (fo=109, routed)         0.824    42.675    u_ap_codec_if/u_ac_i2s_if/ac_mclk_po
    SLICE_X29Y65         FDRE                                         r  u_ap_codec_if/u_ac_i2s_if/dac_shft_regb_reg[5]/C  (IS_INVERTED)
                         clock pessimism             -0.481    42.194    
    SLICE_X29Y65         FDRE (Hold_fdre_C_D)         0.098    42.292    u_ap_codec_if/u_ac_i2s_if/dac_shft_regb_reg[5]
  -------------------------------------------------------------------
                         required time                        -42.292    
                         arrival time                          42.493    
  -------------------------------------------------------------------
                         slack                                  0.201    

Slack (MET) :             0.217ns  (arrival time - required time)
  Source:                 u_ap_codec_if/u_ac_i2s_if/dac_smpl_regb_reg[r][15]/C
                            (falling edge-triggered cell FDRE clocked by mmcm2_clkout0  {rise@0.000ns fall@40.690ns period=81.380ns})
  Destination:            u_ap_codec_if/u_ac_i2s_if/dac_shft_regb_reg[15]/D
                            (falling edge-triggered cell FDRE clocked by mmcm2_clkout0  {rise@0.000ns fall@40.690ns period=81.380ns})
  Path Group:             mmcm2_clkout0
  Path Type:              Hold (Min at Fast Process Corner)
  Requirement:            0.000ns  (mmcm2_clkout0 fall@40.690ns - mmcm2_clkout0 fall@40.690ns)
  Data Path Delay:        0.347ns  (logic 0.191ns (55.040%)  route 0.156ns (44.960%))
  Logic Levels:           1  (LUT5=1)
  Clock Path Skew:        0.032ns (DCD - SCD - CPR)
    Destination Clock Delay (DCD):    1.981ns = ( 42.671 - 40.690 ) 
    Source Clock Delay      (SCD):    1.468ns = ( 42.158 - 40.690 ) 
    Clock Pessimism Removal (CPR):    0.481ns

    Location             Delay type                Incr(ns)  Path(ns)    Netlist Resource(s)
  -------------------------------------------------------------------    -------------------
                         (clock mmcm2_clkout0 fall edge)
                                                     40.690    40.690 f  
    L16                                               0.000    40.690 f  clk_pi (IN)
                         net (fo=0)                   0.000    40.690    clk_pi
    L16                  IBUF (Prop_ibuf_I_O)         0.259    40.949 f  clk_pi_IBUF_inst/O
                         net (fo=1, routed)           0.627    41.576    u_clk_rst/u_clk_gen/clk_pi
    BUFGCTRL_X0Y17       BUFG (Prop_bufg_I_O)         0.026    41.602 f  u_clk_rst/u_clk_gen/u_bufg_clk_in/O
                         net (fo=1, routed)           0.542    42.144    u_clk_rst/u_clk_gen/clk_in_bufg
    MMCME2_ADV_X0Y1      MMCME2_ADV (Prop_mmcme2_adv_CLKIN1_CLKOUT0)
                                                     -1.050    41.094 f  u_clk_rst/u_clk_gen/u_mmcm1/CLKOUT0
                         net (fo=1, routed)           0.482    41.576    u_clk_rst/u_clk_gen/mmcm1_clkout0
    BUFGCTRL_X0Y16       BUFG (Prop_bufg_I_O)         0.026    41.602 f  u_clk_rst/u_clk_gen/u_bufg_clk_sys/O
                         net (fo=633, routed)         0.548    42.150    u_clk_rst/u_clk_gen/clk_sys_po
    MMCME2_ADV_X0Y0      MMCME2_ADV (Prop_mmcme2_adv_CLKIN1_CLKOUT0)
                                                     -1.053    41.096 f  u_clk_rst/u_clk_gen/u_mmcm2/CLKOUT0
                         net (fo=1, routed)           0.482    41.578    u_clk_rst/u_clk_gen/mmcm2_clkout0
    BUFGCTRL_X0Y0        BUFG (Prop_bufg_I_O)         0.026    41.604 f  u_clk_rst/u_clk_gen/u_bufg_ac_mclk/O
                         net (fo=109, routed)         0.554    42.158    u_ap_codec_if/u_ac_i2s_if/ac_mclk_po
    SLICE_X29Y68         FDRE                                         r  u_ap_codec_if/u_ac_i2s_if/dac_smpl_regb_reg[r][15]/C  (IS_INVERTED)
  -------------------------------------------------------------------    -------------------
    SLICE_X29Y68         FDRE (Prop_fdre_C_Q)         0.146    42.304 r  u_ap_codec_if/u_ac_i2s_if/dac_smpl_regb_reg[r][15]/Q
                         net (fo=1, routed)           0.156    42.460    u_ap_codec_if/u_ac_i2s_if/dac_smpl_regb_reg[r][15]
    SLICE_X26Y69         LUT5 (Prop_lut5_I2_O)        0.045    42.505 r  u_ap_codec_if/u_ac_i2s_if/dac_shft_regb[15]_i_1/O
                         net (fo=1, routed)           0.000    42.505    u_ap_codec_if/u_ac_i2s_if/dac_shft_regb[15]_i_1_n_0
    SLICE_X26Y69         FDRE                                         r  u_ap_codec_if/u_ac_i2s_if/dac_shft_regb_reg[15]/D
  -------------------------------------------------------------------    -------------------

                         (clock mmcm2_clkout0 fall edge)
                                                     40.690    40.690 f  
    L16                                               0.000    40.690 f  clk_pi (IN)
                         net (fo=0)                   0.000    40.690    clk_pi
    L16                  IBUF (Prop_ibuf_I_O)         0.447    41.137 f  clk_pi_IBUF_inst/O
                         net (fo=1, routed)           0.683    41.820    u_clk_rst/u_clk_gen/clk_pi
    BUFGCTRL_X0Y17       BUFG (Prop_bufg_I_O)         0.029    41.849 f  u_clk_rst/u_clk_gen/u_bufg_clk_in/O
                         net (fo=1, routed)           0.809    42.658    u_clk_rst/u_clk_gen/clk_in_bufg
    MMCME2_ADV_X0Y1      MMCME2_ADV (Prop_mmcme2_adv_CLKIN1_CLKOUT0)
                                                     -1.366    41.292 f  u_clk_rst/u_clk_gen/u_mmcm1/CLKOUT0
                         net (fo=1, routed)           0.528    41.820    u_clk_rst/u_clk_gen/mmcm1_clkout0
    BUFGCTRL_X0Y16       BUFG (Prop_bufg_I_O)         0.029    41.849 f  u_clk_rst/u_clk_gen/u_bufg_clk_sys/O
                         net (fo=633, routed)         0.814    42.663    u_clk_rst/u_clk_gen/clk_sys_po
    MMCME2_ADV_X0Y0      MMCME2_ADV (Prop_mmcme2_adv_CLKIN1_CLKOUT0)
                                                     -1.369    41.294 f  u_clk_rst/u_clk_gen/u_mmcm2/CLKOUT0
                         net (fo=1, routed)           0.528    41.822    u_clk_rst/u_clk_gen/mmcm2_clkout0
    BUFGCTRL_X0Y0        BUFG (Prop_bufg_I_O)         0.029    41.851 f  u_clk_rst/u_clk_gen/u_bufg_ac_mclk/O
                         net (fo=109, routed)         0.820    42.671    u_ap_codec_if/u_ac_i2s_if/ac_mclk_po
    SLICE_X26Y69         FDRE                                         r  u_ap_codec_if/u_ac_i2s_if/dac_shft_regb_reg[15]/C  (IS_INVERTED)
                         clock pessimism             -0.481    42.190    
    SLICE_X26Y69         FDRE (Hold_fdre_C_D)         0.098    42.288    u_ap_codec_if/u_ac_i2s_if/dac_shft_regb_reg[15]
  -------------------------------------------------------------------
                         required time                        -42.288    
                         arrival time                          42.505    
  -------------------------------------------------------------------
                         slack                                  0.217    

Slack (MET) :             0.218ns  (arrival time - required time)
  Source:                 u_ap_codec_if/u_ac_i2s_if/dac_smpl_regb_reg[l][10]/C
                            (falling edge-triggered cell FDRE clocked by mmcm2_clkout0  {rise@0.000ns fall@40.690ns period=81.380ns})
  Destination:            u_ap_codec_if/u_ac_i2s_if/dac_shft_regb_reg[10]/D
                            (falling edge-triggered cell FDRE clocked by mmcm2_clkout0  {rise@0.000ns fall@40.690ns period=81.380ns})
  Path Group:             mmcm2_clkout0
  Path Type:              Hold (Min at Fast Process Corner)
  Requirement:            0.000ns  (mmcm2_clkout0 fall@40.690ns - mmcm2_clkout0 fall@40.690ns)
  Data Path Delay:        0.329ns  (logic 0.191ns (58.025%)  route 0.138ns (41.976%))
  Logic Levels:           1  (LUT5=1)
  Clock Path Skew:        0.013ns (DCD - SCD - CPR)
    Destination Clock Delay (DCD):    1.980ns = ( 42.670 - 40.690 ) 
    Source Clock Delay      (SCD):    1.467ns = ( 42.157 - 40.690 ) 
    Clock Pessimism Removal (CPR):    0.500ns

    Location             Delay type                Incr(ns)  Path(ns)    Netlist Resource(s)
  -------------------------------------------------------------------    -------------------
                         (clock mmcm2_clkout0 fall edge)
                                                     40.690    40.690 f  
    L16                                               0.000    40.690 f  clk_pi (IN)
                         net (fo=0)                   0.000    40.690    clk_pi
    L16                  IBUF (Prop_ibuf_I_O)         0.259    40.949 f  clk_pi_IBUF_inst/O
                         net (fo=1, routed)           0.627    41.576    u_clk_rst/u_clk_gen/clk_pi
    BUFGCTRL_X0Y17       BUFG (Prop_bufg_I_O)         0.026    41.602 f  u_clk_rst/u_clk_gen/u_bufg_clk_in/O
                         net (fo=1, routed)           0.542    42.144    u_clk_rst/u_clk_gen/clk_in_bufg
    MMCME2_ADV_X0Y1      MMCME2_ADV (Prop_mmcme2_adv_CLKIN1_CLKOUT0)
                                                     -1.050    41.094 f  u_clk_rst/u_clk_gen/u_mmcm1/CLKOUT0
                         net (fo=1, routed)           0.482    41.576    u_clk_rst/u_clk_gen/mmcm1_clkout0
    BUFGCTRL_X0Y16       BUFG (Prop_bufg_I_O)         0.026    41.602 f  u_clk_rst/u_clk_gen/u_bufg_clk_sys/O
                         net (fo=633, routed)         0.548    42.150    u_clk_rst/u_clk_gen/clk_sys_po
    MMCME2_ADV_X0Y0      MMCME2_ADV (Prop_mmcme2_adv_CLKIN1_CLKOUT0)
                                                     -1.053    41.096 f  u_clk_rst/u_clk_gen/u_mmcm2/CLKOUT0
                         net (fo=1, routed)           0.482    41.578    u_clk_rst/u_clk_gen/mmcm2_clkout0
    BUFGCTRL_X0Y0        BUFG (Prop_bufg_I_O)         0.026    41.604 f  u_clk_rst/u_clk_gen/u_bufg_ac_mclk/O
                         net (fo=109, routed)         0.553    42.157    u_ap_codec_if/u_ac_i2s_if/ac_mclk_po
    SLICE_X25Y66         FDRE                                         r  u_ap_codec_if/u_ac_i2s_if/dac_smpl_regb_reg[l][10]/C  (IS_INVERTED)
  -------------------------------------------------------------------    -------------------
    SLICE_X25Y66         FDRE (Prop_fdre_C_Q)         0.146    42.303 r  u_ap_codec_if/u_ac_i2s_if/dac_smpl_regb_reg[l][10]/Q
                         net (fo=1, routed)           0.138    42.441    u_ap_codec_if/u_ac_i2s_if/dac_smpl_regb_reg[l][10]
    SLICE_X25Y67         LUT5 (Prop_lut5_I0_O)        0.045    42.486 r  u_ap_codec_if/u_ac_i2s_if/dac_shft_regb[10]_i_1/O
                         net (fo=1, routed)           0.000    42.486    u_ap_codec_if/u_ac_i2s_if/dac_shft_regb[10]_i_1_n_0
    SLICE_X25Y67         FDRE                                         r  u_ap_codec_if/u_ac_i2s_if/dac_shft_regb_reg[10]/D
  -------------------------------------------------------------------    -------------------

                         (clock mmcm2_clkout0 fall edge)
                                                     40.690    40.690 f  
    L16                                               0.000    40.690 f  clk_pi (IN)
                         net (fo=0)                   0.000    40.690    clk_pi
    L16                  IBUF (Prop_ibuf_I_O)         0.447    41.137 f  clk_pi_IBUF_inst/O
                         net (fo=1, routed)           0.683    41.820    u_clk_rst/u_clk_gen/clk_pi
    BUFGCTRL_X0Y17       BUFG (Prop_bufg_I_O)         0.029    41.849 f  u_clk_rst/u_clk_gen/u_bufg_clk_in/O
                         net (fo=1, routed)           0.809    42.658    u_clk_rst/u_clk_gen/clk_in_bufg
    MMCME2_ADV_X0Y1      MMCME2_ADV (Prop_mmcme2_adv_CLKIN1_CLKOUT0)
                                                     -1.366    41.292 f  u_clk_rst/u_clk_gen/u_mmcm1/CLKOUT0
                         net (fo=1, routed)           0.528    41.820    u_clk_rst/u_clk_gen/mmcm1_clkout0
    BUFGCTRL_X0Y16       BUFG (Prop_bufg_I_O)         0.029    41.849 f  u_clk_rst/u_clk_gen/u_bufg_clk_sys/O
                         net (fo=633, routed)         0.814    42.663    u_clk_rst/u_clk_gen/clk_sys_po
    MMCME2_ADV_X0Y0      MMCME2_ADV (Prop_mmcme2_adv_CLKIN1_CLKOUT0)
                                                     -1.369    41.294 f  u_clk_rst/u_clk_gen/u_mmcm2/CLKOUT0
                         net (fo=1, routed)           0.528    41.822    u_clk_rst/u_clk_gen/mmcm2_clkout0
    BUFGCTRL_X0Y0        BUFG (Prop_bufg_I_O)         0.029    41.851 f  u_clk_rst/u_clk_gen/u_bufg_ac_mclk/O
                         net (fo=109, routed)         0.819    42.670    u_ap_codec_if/u_ac_i2s_if/ac_mclk_po
    SLICE_X25Y67         FDRE                                         r  u_ap_codec_if/u_ac_i2s_if/dac_shft_regb_reg[10]/C  (IS_INVERTED)
                         clock pessimism             -0.500    42.170    
    SLICE_X25Y67         FDRE (Hold_fdre_C_D)         0.098    42.268    u_ap_codec_if/u_ac_i2s_if/dac_shft_regb_reg[10]
  -------------------------------------------------------------------
                         required time                        -42.268    
                         arrival time                          42.486    
  -------------------------------------------------------------------
                         slack                                  0.218    





Pulse Width Checks
--------------------------------------------------------------------------------------
Clock Name:         mmcm2_clkout0
Waveform(ns):       { 0.000 40.690 }
Period(ns):         81.380
Sources:            { u_clk_rst/u_clk_gen/u_mmcm2/CLKOUT0 }

Check Type        Corner  Lib Pin             Reference Pin  Required(ns)  Actual(ns)  Slack(ns)  Location         Pin
Min Period        n/a     BUFG/I              n/a            2.155         81.380      79.225     BUFGCTRL_X0Y0    u_clk_rst/u_clk_gen/u_bufg_ac_mclk/I
Min Period        n/a     MMCME2_ADV/CLKOUT0  n/a            1.249         81.380      80.131     MMCME2_ADV_X0Y0  u_clk_rst/u_clk_gen/u_mmcm2/CLKOUT0
Min Period        n/a     FDRE/C              n/a            1.000         81.380      80.380     SLICE_X42Y76     u_ap_codec_if/u_ac_i2s_if/adc_shft_regb_reg[0]/C
Min Period        n/a     FDRE/C              n/a            1.000         81.380      80.380     SLICE_X28Y61     u_ap_codec_if/u_ac_i2s_if/adc_shft_regb_reg[10]/C
Min Period        n/a     FDRE/C              n/a            1.000         81.380      80.380     SLICE_X25Y61     u_ap_codec_if/u_ac_i2s_if/adc_shft_regb_reg[11]/C
Min Period        n/a     FDRE/C              n/a            1.000         81.380      80.380     SLICE_X22Y61     u_ap_codec_if/u_ac_i2s_if/adc_shft_regb_reg[12]/C
Min Period        n/a     FDRE/C              n/a            1.000         81.380      80.380     SLICE_X22Y61     u_ap_codec_if/u_ac_i2s_if/adc_shft_regb_reg[13]/C
Min Period        n/a     FDRE/C              n/a            1.000         81.380      80.380     SLICE_X22Y61     u_ap_codec_if/u_ac_i2s_if/adc_shft_regb_reg[14]/C
Min Period        n/a     FDRE/C              n/a            1.000         81.380      80.380     SLICE_X25Y61     u_ap_codec_if/u_ac_i2s_if/adc_shft_regb_reg[15]/C
Min Period        n/a     FDRE/C              n/a            1.000         81.380      80.380     SLICE_X26Y62     u_ap_codec_if/u_ac_i2s_if/adc_shft_regb_reg[1]/C
Max Period        n/a     MMCME2_ADV/CLKOUT0  n/a            213.360       81.380      131.980    MMCME2_ADV_X0Y0  u_clk_rst/u_clk_gen/u_mmcm2/CLKOUT0
Low Pulse Width   Slow    FDRE/C              n/a            0.500         40.690      40.190     SLICE_X26Y62     u_ap_codec_if/u_ac_i2s_if/adc_shft_regb_reg[1]/C
Low Pulse Width   Slow    FDRE/C              n/a            0.500         40.690      40.190     SLICE_X25Y61     u_ap_codec_if/u_ac_i2s_if/adc_shft_regb_reg[11]/C
Low Pulse Width   Slow    FDRE/C              n/a            0.500         40.690      40.190     SLICE_X22Y61     u_ap_codec_if/u_ac_i2s_if/adc_shft_regb_reg[12]/C
Low Pulse Width   Slow    FDRE/C              n/a            0.500         40.690      40.190     SLICE_X22Y61     u_ap_codec_if/u_ac_i2s_if/adc_shft_regb_reg[13]/C
Low Pulse Width   Slow    FDRE/C              n/a            0.500         40.690      40.190     SLICE_X22Y61     u_ap_codec_if/u_ac_i2s_if/adc_shft_regb_reg[14]/C
Low Pulse Width   Slow    FDRE/C              n/a            0.500         40.690      40.190     SLICE_X25Y61     u_ap_codec_if/u_ac_i2s_if/adc_shft_regb_reg[15]/C
Low Pulse Width   Fast    FDRE/C              n/a            0.500         40.690      40.190     SLICE_X26Y62     u_ap_codec_if/u_ac_i2s_if/adc_shft_regb_reg[1]/C
Low Pulse Width   Slow    FDRE/C              n/a            0.500         40.690      40.190     SLICE_X25Y61     u_ap_codec_if/u_ac_i2s_if/adc_shft_regb_reg[2]/C
Low Pulse Width   Slow    FDRE/C              n/a            0.500         40.690      40.190     SLICE_X25Y61     u_ap_codec_if/u_ac_i2s_if/adc_shft_regb_reg[3]/C
Low Pulse Width   Slow    FDRE/C              n/a            0.500         40.690      40.190     SLICE_X22Y61     u_ap_codec_if/u_ac_i2s_if/adc_shft_regb_reg[4]/C
High Pulse Width  Slow    FDRE/C              n/a            0.500         40.690      40.190     SLICE_X22Y62     u_ap_codec_if/u_ac_i2s_if/adc_smpl_regb_reg[l][11]/C
High Pulse Width  Slow    FDRE/C              n/a            0.500         40.690      40.190     SLICE_X22Y62     u_ap_codec_if/u_ac_i2s_if/adc_smpl_regb_reg[l][12]/C
High Pulse Width  Slow    FDRE/C              n/a            0.500         40.690      40.190     SLICE_X22Y62     u_ap_codec_if/u_ac_i2s_if/adc_smpl_regb_reg[l][13]/C
High Pulse Width  Slow    FDRE/C              n/a            0.500         40.690      40.190     SLICE_X24Y62     u_ap_codec_if/u_ac_i2s_if/adc_smpl_regb_reg[l][14]/C
High Pulse Width  Slow    FDRE/C              n/a            0.500         40.690      40.190     SLICE_X24Y62     u_ap_codec_if/u_ac_i2s_if/adc_smpl_regb_reg[l][15]/C
High Pulse Width  Slow    FDRE/C              n/a            0.500         40.690      40.190     SLICE_X24Y62     u_ap_codec_if/u_ac_i2s_if/adc_smpl_regb_reg[l][1]/C
High Pulse Width  Slow    FDRE/C              n/a            0.500         40.690      40.190     SLICE_X22Y62     u_ap_codec_if/u_ac_i2s_if/adc_smpl_regb_reg[l][4]/C
High Pulse Width  Slow    FDRE/C              n/a            0.500         40.690      40.190     SLICE_X24Y62     u_ap_codec_if/u_ac_i2s_if/adc_smpl_regb_reg[l][6]/C
High Pulse Width  Slow    FDRE/C              n/a            0.500         40.690      40.190     SLICE_X24Y62     u_ap_codec_if/u_ac_i2s_if/adc_smpl_regb_reg[l][8]/C
High Pulse Width  Slow    FDRE/C              n/a            0.500         40.690      40.190     SLICE_X26Y61     u_ap_codec_if/u_ac_i2s_if/adc_smpl_regb_reg[l][10]/C



---------------------------------------------------------------------------------------------------
From Clock:  mmcm2_clkout0
  To Clock:  mmcm1_clkout0

Setup :            0  Failing Endpoints,  Worst Slack        8.425ns,  Total Violation        0.000ns
Hold  :           NA  Failing Endpoints,  Worst Slack           NA  ,  Total Violation           NA
---------------------------------------------------------------------------------------------------


Max Delay Paths
--------------------------------------------------------------------------------------
Slack (MET) :             8.425ns  (required time - arrival time)
  Source:                 u_ap_codec_if/u_ac_i2s_if/smpl_enb_regb_reg/C
                            (rising edge-triggered cell FDRE clocked by mmcm2_clkout0'  {rise@0.000ns fall@40.690ns period=81.380ns})
  Destination:            u_ap_codec_if/u_ac_i2s_if/sync_regs_reg[0]/D
                            (rising edge-triggered cell FDCE clocked by mmcm1_clkout0  {rise@0.000ns fall@5.000ns period=10.000ns})
  Path Group:             mmcm1_clkout0
  Path Type:              Setup (Max at Slow Process Corner)
  Requirement:            10.000ns  (MaxDelay Path 10.000ns)
  Data Path Delay:        1.305ns  (logic 0.422ns (32.328%)  route 0.883ns (67.672%))
  Logic Levels:           0  
  Timing Exception:       MaxDelay Path 10.000ns -datapath_only

    Location             Delay type                Incr(ns)  Path(ns)    Netlist Resource(s)
  -------------------------------------------------------------------    -------------------
    SLICE_X26Y65                                      0.000     0.000 r  u_ap_codec_if/u_ac_i2s_if/smpl_enb_regb_reg/C
    SLICE_X26Y65         FDRE (Prop_fdre_C_Q)         0.422     0.422 r  u_ap_codec_if/u_ac_i2s_if/smpl_enb_regb_reg/Q
                         net (fo=33, routed)          0.883     1.305    u_ap_codec_if/u_ac_i2s_if/smpl_enb_regb
    SLICE_X22Y66         FDCE                                         r  u_ap_codec_if/u_ac_i2s_if/sync_regs_reg[0]/D
  -------------------------------------------------------------------    -------------------

                         max delay                   10.000    10.000    
    SLICE_X22Y66         FDCE (Setup_fdce_C_D)       -0.270     9.730    u_ap_codec_if/u_ac_i2s_if/sync_regs_reg[0]
  -------------------------------------------------------------------
                         required time                          9.730    
                         arrival time                          -1.305    
  -------------------------------------------------------------------
                         slack                                  8.425    

Slack (MET) :             16.485ns  (required time - arrival time)
  Source:                 u_ap_codec_if/u_ac_i2s_if/adc_smpl_regb_reg[l][15]/C
                            (rising edge-triggered cell FDRE clocked by mmcm2_clkout0'  {rise@0.000ns fall@40.690ns period=81.380ns})
  Destination:            u_ap_codec_if/u_ac_i2s_if/adc_smpl_regs_reg[l][15]/D
                            (rising edge-triggered cell FDCE clocked by mmcm1_clkout0  {rise@0.000ns fall@5.000ns period=10.000ns})
  Path Group:             mmcm1_clkout0
  Path Type:              Setup (Max at Slow Process Corner)
  Requirement:            20.000ns  (MaxDelay Path 20.000ns)
  Data Path Delay:        3.484ns  (logic 0.524ns (15.040%)  route 2.960ns (84.960%))
  Logic Levels:           0  
  Timing Exception:       MaxDelay Path 20.000ns -datapath_only

    Location             Delay type                Incr(ns)  Path(ns)    Netlist Resource(s)
  -------------------------------------------------------------------    -------------------
    SLICE_X24Y62                                      0.000     0.000 r  u_ap_codec_if/u_ac_i2s_if/adc_smpl_regb_reg[l][15]/C
    SLICE_X24Y62         FDRE (Prop_fdre_C_Q)         0.524     0.524 r  u_ap_codec_if/u_ac_i2s_if/adc_smpl_regb_reg[l][15]/Q
                         net (fo=29, routed)          2.960     3.484    u_ap_codec_if/u_ac_i2s_if/adc_smpl_regb_reg[l][15]
    SLICE_X32Y81         FDCE                                         r  u_ap_codec_if/u_ac_i2s_if/adc_smpl_regs_reg[l][15]/D
  -------------------------------------------------------------------    -------------------

                         max delay                   20.000    20.000    
    SLICE_X32Y81         FDCE (Setup_fdce_C_D)       -0.031    19.969    u_ap_codec_if/u_ac_i2s_if/adc_smpl_regs_reg[l][15]
  -------------------------------------------------------------------
                         required time                         19.969    
                         arrival time                          -3.484    
  -------------------------------------------------------------------
                         slack                                 16.485    

Slack (MET) :             16.653ns  (required time - arrival time)
  Source:                 u_ap_codec_if/u_ac_i2s_if/adc_smpl_regb_reg[l][15]/C
                            (rising edge-triggered cell FDRE clocked by mmcm2_clkout0'  {rise@0.000ns fall@40.690ns period=81.380ns})
  Destination:            u_ap_codec_if/u_ac_i2s_if/adc_smpl_regs_reg[l][15]_rep__0_rep__0/D
                            (rising edge-triggered cell FDCE clocked by mmcm1_clkout0  {rise@0.000ns fall@5.000ns period=10.000ns})
  Path Group:             mmcm1_clkout0
  Path Type:              Setup (Max at Slow Process Corner)
  Requirement:            20.000ns  (MaxDelay Path 20.000ns)
  Data Path Delay:        3.302ns  (logic 0.524ns (15.871%)  route 2.778ns (84.129%))
  Logic Levels:           0  
  Timing Exception:       MaxDelay Path 20.000ns -datapath_only

    Location             Delay type                Incr(ns)  Path(ns)    Netlist Resource(s)
  -------------------------------------------------------------------    -------------------
    SLICE_X24Y62                                      0.000     0.000 r  u_ap_codec_if/u_ac_i2s_if/adc_smpl_regb_reg[l][15]/C
    SLICE_X24Y62         FDRE (Prop_fdre_C_Q)         0.524     0.524 r  u_ap_codec_if/u_ac_i2s_if/adc_smpl_regb_reg[l][15]/Q
                         net (fo=29, routed)          2.778     3.302    u_ap_codec_if/u_ac_i2s_if/adc_smpl_regb_reg[l][15]
    SLICE_X32Y81         FDCE                                         r  u_ap_codec_if/u_ac_i2s_if/adc_smpl_regs_reg[l][15]_rep__0_rep__0/D
  -------------------------------------------------------------------    -------------------

                         max delay                   20.000    20.000    
    SLICE_X32Y81         FDCE (Setup_fdce_C_D)       -0.045    19.955    u_ap_codec_if/u_ac_i2s_if/adc_smpl_regs_reg[l][15]_rep__0_rep__0
  -------------------------------------------------------------------
                         required time                         19.955    
                         arrival time                          -3.302    
  -------------------------------------------------------------------
                         slack                                 16.653    

Slack (MET) :             16.786ns  (required time - arrival time)
  Source:                 u_ap_codec_if/u_ac_i2s_if/adc_smpl_regb_reg[l][15]/C
                            (rising edge-triggered cell FDRE clocked by mmcm2_clkout0'  {rise@0.000ns fall@40.690ns period=81.380ns})
  Destination:            u_ap_codec_if/u_ac_i2s_if/adc_smpl_regs_reg[l][15]_rep__0_rep__3/D
                            (rising edge-triggered cell FDCE clocked by mmcm1_clkout0  {rise@0.000ns fall@5.000ns period=10.000ns})
  Path Group:             mmcm1_clkout0
  Path Type:              Setup (Max at Slow Process Corner)
  Requirement:            20.000ns  (MaxDelay Path 20.000ns)
  Data Path Delay:        3.183ns  (logic 0.524ns (16.461%)  route 2.659ns (83.539%))
  Logic Levels:           0  
  Timing Exception:       MaxDelay Path 20.000ns -datapath_only

    Location             Delay type                Incr(ns)  Path(ns)    Netlist Resource(s)
  -------------------------------------------------------------------    -------------------
    SLICE_X24Y62                                      0.000     0.000 r  u_ap_codec_if/u_ac_i2s_if/adc_smpl_regb_reg[l][15]/C
    SLICE_X24Y62         FDRE (Prop_fdre_C_Q)         0.524     0.524 r  u_ap_codec_if/u_ac_i2s_if/adc_smpl_regb_reg[l][15]/Q
                         net (fo=29, routed)          2.659     3.183    u_ap_codec_if/u_ac_i2s_if/adc_smpl_regb_reg[l][15]
    SLICE_X32Y78         FDCE                                         r  u_ap_codec_if/u_ac_i2s_if/adc_smpl_regs_reg[l][15]_rep__0_rep__3/D
  -------------------------------------------------------------------    -------------------

                         max delay                   20.000    20.000    
    SLICE_X32Y78         FDCE (Setup_fdce_C_D)       -0.031    19.969    u_ap_codec_if/u_ac_i2s_if/adc_smpl_regs_reg[l][15]_rep__0_rep__3
  -------------------------------------------------------------------
                         required time                         19.969    
                         arrival time                          -3.183    
  -------------------------------------------------------------------
                         slack                                 16.786    

Slack (MET) :             16.817ns  (required time - arrival time)
  Source:                 u_ap_codec_if/u_ac_i2s_if/adc_smpl_regb_reg[l][15]/C
                            (rising edge-triggered cell FDRE clocked by mmcm2_clkout0'  {rise@0.000ns fall@40.690ns period=81.380ns})
  Destination:            u_ap_codec_if/u_ac_i2s_if/adc_smpl_regs_reg[l][15]_rep__0_rep/D
                            (rising edge-triggered cell FDCE clocked by mmcm1_clkout0  {rise@0.000ns fall@5.000ns period=10.000ns})
  Path Group:             mmcm1_clkout0
  Path Type:              Setup (Max at Slow Process Corner)
  Requirement:            20.000ns  (MaxDelay Path 20.000ns)
  Data Path Delay:        3.152ns  (logic 0.524ns (16.625%)  route 2.628ns (83.375%))
  Logic Levels:           0  
  Timing Exception:       MaxDelay Path 20.000ns -datapath_only

    Location             Delay type                Incr(ns)  Path(ns)    Netlist Resource(s)
  -------------------------------------------------------------------    -------------------
    SLICE_X24Y62                                      0.000     0.000 r  u_ap_codec_if/u_ac_i2s_if/adc_smpl_regb_reg[l][15]/C
    SLICE_X24Y62         FDRE (Prop_fdre_C_Q)         0.524     0.524 r  u_ap_codec_if/u_ac_i2s_if/adc_smpl_regb_reg[l][15]/Q
                         net (fo=29, routed)          2.628     3.152    u_ap_codec_if/u_ac_i2s_if/adc_smpl_regb_reg[l][15]
    SLICE_X32Y80         FDCE                                         r  u_ap_codec_if/u_ac_i2s_if/adc_smpl_regs_reg[l][15]_rep__0_rep/D
  -------------------------------------------------------------------    -------------------

                         max delay                   20.000    20.000    
    SLICE_X32Y80         FDCE (Setup_fdce_C_D)       -0.031    19.969    u_ap_codec_if/u_ac_i2s_if/adc_smpl_regs_reg[l][15]_rep__0_rep
  -------------------------------------------------------------------
                         required time                         19.969    
                         arrival time                          -3.152    
  -------------------------------------------------------------------
                         slack                                 16.817    

Slack (MET) :             16.968ns  (required time - arrival time)
  Source:                 u_ap_codec_if/u_ac_i2s_if/adc_smpl_regb_reg[l][15]/C
                            (rising edge-triggered cell FDRE clocked by mmcm2_clkout0'  {rise@0.000ns fall@40.690ns period=81.380ns})
  Destination:            u_ap_codec_if/u_ac_i2s_if/adc_smpl_regs_reg[l][15]_rep_rep__1/D
                            (rising edge-triggered cell FDCE clocked by mmcm1_clkout0  {rise@0.000ns fall@5.000ns period=10.000ns})
  Path Group:             mmcm1_clkout0
  Path Type:              Setup (Max at Slow Process Corner)
  Requirement:            20.000ns  (MaxDelay Path 20.000ns)
  Data Path Delay:        3.001ns  (logic 0.524ns (17.461%)  route 2.477ns (82.539%))
  Logic Levels:           0  
  Timing Exception:       MaxDelay Path 20.000ns -datapath_only

    Location             Delay type                Incr(ns)  Path(ns)    Netlist Resource(s)
  -------------------------------------------------------------------    -------------------
    SLICE_X24Y62                                      0.000     0.000 r  u_ap_codec_if/u_ac_i2s_if/adc_smpl_regb_reg[l][15]/C
    SLICE_X24Y62         FDRE (Prop_fdre_C_Q)         0.524     0.524 r  u_ap_codec_if/u_ac_i2s_if/adc_smpl_regb_reg[l][15]/Q
                         net (fo=29, routed)          2.477     3.001    u_ap_codec_if/u_ac_i2s_if/adc_smpl_regb_reg[l][15]
    SLICE_X10Y80         FDCE                                         r  u_ap_codec_if/u_ac_i2s_if/adc_smpl_regs_reg[l][15]_rep_rep__1/D
  -------------------------------------------------------------------    -------------------

                         max delay                   20.000    20.000    
    SLICE_X10Y80         FDCE (Setup_fdce_C_D)       -0.031    19.969    u_ap_codec_if/u_ac_i2s_if/adc_smpl_regs_reg[l][15]_rep_rep__1
  -------------------------------------------------------------------
                         required time                         19.969    
                         arrival time                          -3.001    
  -------------------------------------------------------------------
                         slack                                 16.968    

Slack (MET) :             16.996ns  (required time - arrival time)
  Source:                 u_ap_codec_if/u_ac_i2s_if/adc_smpl_regb_reg[l][15]/C
                            (rising edge-triggered cell FDRE clocked by mmcm2_clkout0'  {rise@0.000ns fall@40.690ns period=81.380ns})
  Destination:            u_ap_codec_if/u_ac_i2s_if/adc_smpl_regs_reg[l][15]_rep_rep__0/D
                            (rising edge-triggered cell FDCE clocked by mmcm1_clkout0  {rise@0.000ns fall@5.000ns period=10.000ns})
  Path Group:             mmcm1_clkout0
  Path Type:              Setup (Max at Slow Process Corner)
  Requirement:            20.000ns  (MaxDelay Path 20.000ns)
  Data Path Delay:        2.959ns  (logic 0.524ns (17.707%)  route 2.435ns (82.293%))
  Logic Levels:           0  
  Timing Exception:       MaxDelay Path 20.000ns -datapath_only

    Location             Delay type                Incr(ns)  Path(ns)    Netlist Resource(s)
  -------------------------------------------------------------------    -------------------
    SLICE_X24Y62                                      0.000     0.000 r  u_ap_codec_if/u_ac_i2s_if/adc_smpl_regb_reg[l][15]/C
    SLICE_X24Y62         FDRE (Prop_fdre_C_Q)         0.524     0.524 r  u_ap_codec_if/u_ac_i2s_if/adc_smpl_regb_reg[l][15]/Q
                         net (fo=29, routed)          2.435     2.959    u_ap_codec_if/u_ac_i2s_if/adc_smpl_regb_reg[l][15]
    SLICE_X10Y81         FDCE                                         r  u_ap_codec_if/u_ac_i2s_if/adc_smpl_regs_reg[l][15]_rep_rep__0/D
  -------------------------------------------------------------------    -------------------

                         max delay                   20.000    20.000    
    SLICE_X10Y81         FDCE (Setup_fdce_C_D)       -0.045    19.955    u_ap_codec_if/u_ac_i2s_if/adc_smpl_regs_reg[l][15]_rep_rep__0
  -------------------------------------------------------------------
                         required time                         19.955    
                         arrival time                          -2.959    
  -------------------------------------------------------------------
                         slack                                 16.996    

Slack (MET) :             17.018ns  (required time - arrival time)
  Source:                 u_ap_codec_if/u_ac_i2s_if/adc_smpl_regb_reg[r][15]/C
                            (rising edge-triggered cell FDRE clocked by mmcm2_clkout0'  {rise@0.000ns fall@40.690ns period=81.380ns})
  Destination:            u_ap_codec_if/u_ac_i2s_if/adc_smpl_regs_reg[r][15]_rep_rep__9/D
                            (rising edge-triggered cell FDCE clocked by mmcm1_clkout0  {rise@0.000ns fall@5.000ns period=10.000ns})
  Path Group:             mmcm1_clkout0
  Path Type:              Setup (Max at Slow Process Corner)
  Requirement:            20.000ns  (MaxDelay Path 20.000ns)
  Data Path Delay:        2.954ns  (logic 0.459ns (15.537%)  route 2.495ns (84.463%))
  Logic Levels:           0  
  Timing Exception:       MaxDelay Path 20.000ns -datapath_only

    Location             Delay type                Incr(ns)  Path(ns)    Netlist Resource(s)
  -------------------------------------------------------------------    -------------------
    SLICE_X25Y60                                      0.000     0.000 r  u_ap_codec_if/u_ac_i2s_if/adc_smpl_regb_reg[r][15]/C
    SLICE_X25Y60         FDRE (Prop_fdre_C_Q)         0.459     0.459 r  u_ap_codec_if/u_ac_i2s_if/adc_smpl_regb_reg[r][15]/Q
                         net (fo=29, routed)          2.495     2.954    u_ap_codec_if/u_ac_i2s_if/adc_smpl_regb_reg[r][15]
    SLICE_X32Y43         FDCE                                         r  u_ap_codec_if/u_ac_i2s_if/adc_smpl_regs_reg[r][15]_rep_rep__9/D
  -------------------------------------------------------------------    -------------------

                         max delay                   20.000    20.000    
    SLICE_X32Y43         FDCE (Setup_fdce_C_D)       -0.028    19.972    u_ap_codec_if/u_ac_i2s_if/adc_smpl_regs_reg[r][15]_rep_rep__9
  -------------------------------------------------------------------
                         required time                         19.972    
                         arrival time                          -2.954    
  -------------------------------------------------------------------
                         slack                                 17.018    

Slack (MET) :             17.119ns  (required time - arrival time)
  Source:                 u_ap_codec_if/u_ac_i2s_if/adc_smpl_regb_reg[l][15]/C
                            (rising edge-triggered cell FDRE clocked by mmcm2_clkout0'  {rise@0.000ns fall@40.690ns period=81.380ns})
  Destination:            u_ap_codec_if/u_ac_i2s_if/adc_smpl_regs_reg[l][15]_rep__0_rep__2/D
                            (rising edge-triggered cell FDCE clocked by mmcm1_clkout0  {rise@0.000ns fall@5.000ns period=10.000ns})
  Path Group:             mmcm1_clkout0
  Path Type:              Setup (Max at Slow Process Corner)
  Requirement:            20.000ns  (MaxDelay Path 20.000ns)
  Data Path Delay:        2.850ns  (logic 0.524ns (18.386%)  route 2.326ns (81.614%))
  Logic Levels:           0  
  Timing Exception:       MaxDelay Path 20.000ns -datapath_only

    Location             Delay type                Incr(ns)  Path(ns)    Netlist Resource(s)
  -------------------------------------------------------------------    -------------------
    SLICE_X24Y62                                      0.000     0.000 r  u_ap_codec_if/u_ac_i2s_if/adc_smpl_regb_reg[l][15]/C
    SLICE_X24Y62         FDRE (Prop_fdre_C_Q)         0.524     0.524 r  u_ap_codec_if/u_ac_i2s_if/adc_smpl_regb_reg[l][15]/Q
                         net (fo=29, routed)          2.326     2.850    u_ap_codec_if/u_ac_i2s_if/adc_smpl_regb_reg[l][15]
    SLICE_X32Y77         FDCE                                         r  u_ap_codec_if/u_ac_i2s_if/adc_smpl_regs_reg[l][15]_rep__0_rep__2/D
  -------------------------------------------------------------------    -------------------

                         max delay                   20.000    20.000    
    SLICE_X32Y77         FDCE (Setup_fdce_C_D)       -0.031    19.969    u_ap_codec_if/u_ac_i2s_if/adc_smpl_regs_reg[l][15]_rep__0_rep__2
  -------------------------------------------------------------------
                         required time                         19.969    
                         arrival time                          -2.850    
  -------------------------------------------------------------------
                         slack                                 17.119    

Slack (MET) :             17.160ns  (required time - arrival time)
  Source:                 u_ap_codec_if/u_ac_i2s_if/adc_smpl_regb_reg[l][15]/C
                            (rising edge-triggered cell FDRE clocked by mmcm2_clkout0'  {rise@0.000ns fall@40.690ns period=81.380ns})
  Destination:            u_ap_codec_if/u_ac_i2s_if/adc_smpl_regs_reg[l][15]_rep_rep/D
                            (rising edge-triggered cell FDCE clocked by mmcm1_clkout0  {rise@0.000ns fall@5.000ns period=10.000ns})
  Path Group:             mmcm1_clkout0
  Path Type:              Setup (Max at Slow Process Corner)
  Requirement:            20.000ns  (MaxDelay Path 20.000ns)
  Data Path Delay:        2.809ns  (logic 0.524ns (18.655%)  route 2.285ns (81.345%))
  Logic Levels:           0  
  Timing Exception:       MaxDelay Path 20.000ns -datapath_only

    Location             Delay type                Incr(ns)  Path(ns)    Netlist Resource(s)
  -------------------------------------------------------------------    -------------------
    SLICE_X24Y62                                      0.000     0.000 r  u_ap_codec_if/u_ac_i2s_if/adc_smpl_regb_reg[l][15]/C
    SLICE_X24Y62         FDRE (Prop_fdre_C_Q)         0.524     0.524 r  u_ap_codec_if/u_ac_i2s_if/adc_smpl_regb_reg[l][15]/Q
                         net (fo=29, routed)          2.285     2.809    u_ap_codec_if/u_ac_i2s_if/adc_smpl_regb_reg[l][15]
    SLICE_X10Y81         FDCE                                         r  u_ap_codec_if/u_ac_i2s_if/adc_smpl_regs_reg[l][15]_rep_rep/D
  -------------------------------------------------------------------    -------------------

                         max delay                   20.000    20.000    
    SLICE_X10Y81         FDCE (Setup_fdce_C_D)       -0.031    19.969    u_ap_codec_if/u_ac_i2s_if/adc_smpl_regs_reg[l][15]_rep_rep
  -------------------------------------------------------------------
                         required time                         19.969    
                         arrival time                          -2.809    
  -------------------------------------------------------------------
                         slack                                 17.160    





---------------------------------------------------------------------------------------------------
From Clock:  mmcm1_clkout0
  To Clock:  mmcm2_clkout0

Setup :            0  Failing Endpoints,  Worst Slack       18.551ns,  Total Violation        0.000ns
Hold  :           NA  Failing Endpoints,  Worst Slack           NA  ,  Total Violation           NA
---------------------------------------------------------------------------------------------------


Max Delay Paths
--------------------------------------------------------------------------------------
Slack (MET) :             18.551ns  (required time - arrival time)
  Source:                 u_ap_codec_if/u_ac_i2s_if/dac_smpl_regs_reg[l][15]/C
                            (rising edge-triggered cell FDCE clocked by mmcm1_clkout0  {rise@0.000ns fall@5.000ns period=10.000ns})
  Destination:            u_ap_codec_if/u_ac_i2s_if/dac_smpl_regb_reg[l][15]/D
                            (falling edge-triggered cell FDRE clocked by mmcm2_clkout0  {rise@0.000ns fall@40.690ns period=81.380ns})
  Path Group:             mmcm2_clkout0
  Path Type:              Setup (Max at Slow Process Corner)
  Requirement:            20.000ns  (MaxDelay Path 20.000ns)
  Data Path Delay:        1.182ns  (logic 0.419ns (35.434%)  route 0.763ns (64.566%))
  Logic Levels:           0  
  Timing Exception:       MaxDelay Path 20.000ns -datapath_only

    Location             Delay type                Incr(ns)  Path(ns)    Netlist Resource(s)
  -------------------------------------------------------------------    -------------------
    SLICE_X27Y68                                      0.000     0.000 r  u_ap_codec_if/u_ac_i2s_if/dac_smpl_regs_reg[l][15]/C
    SLICE_X27Y68         FDCE (Prop_fdce_C_Q)         0.419     0.419 r  u_ap_codec_if/u_ac_i2s_if/dac_smpl_regs_reg[l][15]/Q
                         net (fo=1, routed)           0.763     1.182    u_ap_codec_if/u_ac_i2s_if/dac_smpl_regs_reg[l][15]
    SLICE_X26Y68         FDRE                                         r  u_ap_codec_if/u_ac_i2s_if/dac_smpl_regb_reg[l][15]/D
  -------------------------------------------------------------------    -------------------

                         max delay                   20.000    20.000    
    SLICE_X26Y68         FDRE (Setup_fdre_C_D)       -0.267    19.733    u_ap_codec_if/u_ac_i2s_if/dac_smpl_regb_reg[l][15]
  -------------------------------------------------------------------
                         required time                         19.733    
                         arrival time                          -1.182    
  -------------------------------------------------------------------
                         slack                                 18.551    

Slack (MET) :             18.697ns  (required time - arrival time)
  Source:                 u_ap_codec_if/u_ac_i2s_if/dac_smpl_regs_reg[r][7]/C
                            (rising edge-triggered cell FDCE clocked by mmcm1_clkout0  {rise@0.000ns fall@5.000ns period=10.000ns})
  Destination:            u_ap_codec_if/u_ac_i2s_if/dac_smpl_regb_reg[r][7]/D
                            (falling edge-triggered cell FDRE clocked by mmcm2_clkout0  {rise@0.000ns fall@40.690ns period=81.380ns})
  Path Group:             mmcm2_clkout0
  Path Type:              Setup (Max at Slow Process Corner)
  Requirement:            20.000ns  (MaxDelay Path 20.000ns)
  Data Path Delay:        1.073ns  (logic 0.419ns (39.054%)  route 0.654ns (60.946%))
  Logic Levels:           0  
  Timing Exception:       MaxDelay Path 20.000ns -datapath_only

    Location             Delay type                Incr(ns)  Path(ns)    Netlist Resource(s)
  -------------------------------------------------------------------    -------------------
    SLICE_X27Y68                                      0.000     0.000 r  u_ap_codec_if/u_ac_i2s_if/dac_smpl_regs_reg[r][7]/C
    SLICE_X27Y68         FDCE (Prop_fdce_C_Q)         0.419     0.419 r  u_ap_codec_if/u_ac_i2s_if/dac_smpl_regs_reg[r][7]/Q
                         net (fo=1, routed)           0.654     1.073    u_ap_codec_if/u_ac_i2s_if/dac_smpl_regs_reg[r][7]
    SLICE_X26Y68         FDRE                                         r  u_ap_codec_if/u_ac_i2s_if/dac_smpl_regb_reg[r][7]/D
  -------------------------------------------------------------------    -------------------

                         max delay                   20.000    20.000    
    SLICE_X26Y68         FDRE (Setup_fdre_C_D)       -0.230    19.770    u_ap_codec_if/u_ac_i2s_if/dac_smpl_regb_reg[r][7]
  -------------------------------------------------------------------
                         required time                         19.770    
                         arrival time                          -1.073    
  -------------------------------------------------------------------
                         slack                                 18.697    

Slack (MET) :             18.733ns  (required time - arrival time)
  Source:                 u_ap_codec_if/u_ac_i2s_if/dac_smpl_regs_reg[l][9]/C
                            (rising edge-triggered cell FDCE clocked by mmcm1_clkout0  {rise@0.000ns fall@5.000ns period=10.000ns})
  Destination:            u_ap_codec_if/u_ac_i2s_if/dac_smpl_regb_reg[l][9]/D
                            (falling edge-triggered cell FDRE clocked by mmcm2_clkout0  {rise@0.000ns fall@40.690ns period=81.380ns})
  Path Group:             mmcm2_clkout0
  Path Type:              Setup (Max at Slow Process Corner)
  Requirement:            20.000ns  (MaxDelay Path 20.000ns)
  Data Path Delay:        1.069ns  (logic 0.419ns (39.206%)  route 0.650ns (60.794%))
  Logic Levels:           0  
  Timing Exception:       MaxDelay Path 20.000ns -datapath_only

    Location             Delay type                Incr(ns)  Path(ns)    Netlist Resource(s)
  -------------------------------------------------------------------    -------------------
    SLICE_X22Y65                                      0.000     0.000 r  u_ap_codec_if/u_ac_i2s_if/dac_smpl_regs_reg[l][9]/C
    SLICE_X22Y65         FDCE (Prop_fdce_C_Q)         0.419     0.419 r  u_ap_codec_if/u_ac_i2s_if/dac_smpl_regs_reg[l][9]/Q
                         net (fo=1, routed)           0.650     1.069    u_ap_codec_if/u_ac_i2s_if/dac_smpl_regs_reg[l][9]
    SLICE_X24Y65         FDRE                                         r  u_ap_codec_if/u_ac_i2s_if/dac_smpl_regb_reg[l][9]/D
  -------------------------------------------------------------------    -------------------

                         max delay                   20.000    20.000    
    SLICE_X24Y65         FDRE (Setup_fdre_C_D)       -0.198    19.802    u_ap_codec_if/u_ac_i2s_if/dac_smpl_regb_reg[l][9]
  -------------------------------------------------------------------
                         required time                         19.802    
                         arrival time                          -1.069    
  -------------------------------------------------------------------
                         slack                                 18.733    

Slack (MET) :             18.767ns  (required time - arrival time)
  Source:                 u_ap_codec_if/u_ac_i2s_if/dac_smpl_regs_reg[l][0]/C
                            (rising edge-triggered cell FDCE clocked by mmcm1_clkout0  {rise@0.000ns fall@5.000ns period=10.000ns})
  Destination:            u_ap_codec_if/u_ac_i2s_if/dac_smpl_regb_reg[l][0]/D
                            (falling edge-triggered cell FDRE clocked by mmcm2_clkout0  {rise@0.000ns fall@40.690ns period=81.380ns})
  Path Group:             mmcm2_clkout0
  Path Type:              Setup (Max at Slow Process Corner)
  Requirement:            20.000ns  (MaxDelay Path 20.000ns)
  Data Path Delay:        1.016ns  (logic 0.419ns (41.239%)  route 0.597ns (58.761%))
  Logic Levels:           0  
  Timing Exception:       MaxDelay Path 20.000ns -datapath_only

    Location             Delay type                Incr(ns)  Path(ns)    Netlist Resource(s)
  -------------------------------------------------------------------    -------------------
    SLICE_X25Y65                                      0.000     0.000 r  u_ap_codec_if/u_ac_i2s_if/dac_smpl_regs_reg[l][0]/C
    SLICE_X25Y65         FDCE (Prop_fdce_C_Q)         0.419     0.419 r  u_ap_codec_if/u_ac_i2s_if/dac_smpl_regs_reg[l][0]/Q
                         net (fo=1, routed)           0.597     1.016    u_ap_codec_if/u_ac_i2s_if/dac_smpl_regs_reg[l][0]
    SLICE_X24Y65         FDRE                                         r  u_ap_codec_if/u_ac_i2s_if/dac_smpl_regb_reg[l][0]/D
  -------------------------------------------------------------------    -------------------

                         max delay                   20.000    20.000    
    SLICE_X24Y65         FDRE (Setup_fdre_C_D)       -0.217    19.783    u_ap_codec_if/u_ac_i2s_if/dac_smpl_regb_reg[l][0]
  -------------------------------------------------------------------
                         required time                         19.783    
                         arrival time                          -1.016    
  -------------------------------------------------------------------
                         slack                                 18.767    

Slack (MET) :             18.776ns  (required time - arrival time)
  Source:                 u_ap_codec_if/u_ac_i2s_if/dac_smpl_regs_reg[l][12]/C
                            (rising edge-triggered cell FDCE clocked by mmcm1_clkout0  {rise@0.000ns fall@5.000ns period=10.000ns})
  Destination:            u_ap_codec_if/u_ac_i2s_if/dac_smpl_regb_reg[l][12]/D
                            (falling edge-triggered cell FDRE clocked by mmcm2_clkout0  {rise@0.000ns fall@40.690ns period=81.380ns})
  Path Group:             mmcm2_clkout0
  Path Type:              Setup (Max at Slow Process Corner)
  Requirement:            20.000ns  (MaxDelay Path 20.000ns)
  Data Path Delay:        1.011ns  (logic 0.419ns (41.463%)  route 0.592ns (58.537%))
  Logic Levels:           0  
  Timing Exception:       MaxDelay Path 20.000ns -datapath_only

    Location             Delay type                Incr(ns)  Path(ns)    Netlist Resource(s)
  -------------------------------------------------------------------    -------------------
    SLICE_X22Y69                                      0.000     0.000 r  u_ap_codec_if/u_ac_i2s_if/dac_smpl_regs_reg[l][12]/C
    SLICE_X22Y69         FDCE (Prop_fdce_C_Q)         0.419     0.419 r  u_ap_codec_if/u_ac_i2s_if/dac_smpl_regs_reg[l][12]/Q
                         net (fo=1, routed)           0.592     1.011    u_ap_codec_if/u_ac_i2s_if/dac_smpl_regs_reg[l][12]
    SLICE_X24Y68         FDRE                                         r  u_ap_codec_if/u_ac_i2s_if/dac_smpl_regb_reg[l][12]/D
  -------------------------------------------------------------------    -------------------

                         max delay                   20.000    20.000    
    SLICE_X24Y68         FDRE (Setup_fdre_C_D)       -0.213    19.787    u_ap_codec_if/u_ac_i2s_if/dac_smpl_regb_reg[l][12]
  -------------------------------------------------------------------
                         required time                         19.787    
                         arrival time                          -1.011    
  -------------------------------------------------------------------
                         slack                                 18.776    

Slack (MET) :             18.779ns  (required time - arrival time)
  Source:                 u_ap_codec_if/u_ac_i2s_if/dac_smpl_regs_reg[r][0]/C
                            (rising edge-triggered cell FDCE clocked by mmcm1_clkout0  {rise@0.000ns fall@5.000ns period=10.000ns})
  Destination:            u_ap_codec_if/u_ac_i2s_if/dac_smpl_regb_reg[r][0]/D
                            (falling edge-triggered cell FDRE clocked by mmcm2_clkout0  {rise@0.000ns fall@40.690ns period=81.380ns})
  Path Group:             mmcm2_clkout0
  Path Type:              Setup (Max at Slow Process Corner)
  Requirement:            20.000ns  (MaxDelay Path 20.000ns)
  Data Path Delay:        0.988ns  (logic 0.419ns (42.403%)  route 0.569ns (57.597%))
  Logic Levels:           0  
  Timing Exception:       MaxDelay Path 20.000ns -datapath_only

    Location             Delay type                Incr(ns)  Path(ns)    Netlist Resource(s)
  -------------------------------------------------------------------    -------------------
    SLICE_X27Y65                                      0.000     0.000 r  u_ap_codec_if/u_ac_i2s_if/dac_smpl_regs_reg[r][0]/C
    SLICE_X27Y65         FDCE (Prop_fdce_C_Q)         0.419     0.419 r  u_ap_codec_if/u_ac_i2s_if/dac_smpl_regs_reg[r][0]/Q
                         net (fo=1, routed)           0.569     0.988    u_ap_codec_if/u_ac_i2s_if/dac_smpl_regs_reg[r][0]
    SLICE_X25Y66         FDRE                                         r  u_ap_codec_if/u_ac_i2s_if/dac_smpl_regb_reg[r][0]/D
  -------------------------------------------------------------------    -------------------

                         max delay                   20.000    20.000    
    SLICE_X25Y66         FDRE (Setup_fdre_C_D)       -0.233    19.767    u_ap_codec_if/u_ac_i2s_if/dac_smpl_regb_reg[r][0]
  -------------------------------------------------------------------
                         required time                         19.767    
                         arrival time                          -0.988    
  -------------------------------------------------------------------
                         slack                                 18.779    

Slack (MET) :             18.807ns  (required time - arrival time)
  Source:                 u_ap_codec_if/u_ac_i2s_if/dac_smpl_regs_reg[l][13]/C
                            (rising edge-triggered cell FDCE clocked by mmcm1_clkout0  {rise@0.000ns fall@5.000ns period=10.000ns})
  Destination:            u_ap_codec_if/u_ac_i2s_if/dac_smpl_regb_reg[l][13]/D
                            (falling edge-triggered cell FDRE clocked by mmcm2_clkout0  {rise@0.000ns fall@40.690ns period=81.380ns})
  Path Group:             mmcm2_clkout0
  Path Type:              Setup (Max at Slow Process Corner)
  Requirement:            20.000ns  (MaxDelay Path 20.000ns)
  Data Path Delay:        0.982ns  (logic 0.478ns (48.680%)  route 0.504ns (51.320%))
  Logic Levels:           0  
  Timing Exception:       MaxDelay Path 20.000ns -datapath_only

    Location             Delay type                Incr(ns)  Path(ns)    Netlist Resource(s)
  -------------------------------------------------------------------    -------------------
    SLICE_X24Y69                                      0.000     0.000 r  u_ap_codec_if/u_ac_i2s_if/dac_smpl_regs_reg[l][13]/C
    SLICE_X24Y69         FDCE (Prop_fdce_C_Q)         0.478     0.478 r  u_ap_codec_if/u_ac_i2s_if/dac_smpl_regs_reg[l][13]/Q
                         net (fo=1, routed)           0.504     0.982    u_ap_codec_if/u_ac_i2s_if/dac_smpl_regs_reg[l][13]
    SLICE_X24Y68         FDRE                                         r  u_ap_codec_if/u_ac_i2s_if/dac_smpl_regb_reg[l][13]/D
  -------------------------------------------------------------------    -------------------

                         max delay                   20.000    20.000    
    SLICE_X24Y68         FDRE (Setup_fdre_C_D)       -0.211    19.789    u_ap_codec_if/u_ac_i2s_if/dac_smpl_regb_reg[l][13]
  -------------------------------------------------------------------
                         required time                         19.789    
                         arrival time                          -0.982    
  -------------------------------------------------------------------
                         slack                                 18.807    

Slack (MET) :             18.810ns  (required time - arrival time)
  Source:                 u_ap_codec_if/u_ac_i2s_if/dac_smpl_regs_reg[r][8]/C
                            (rising edge-triggered cell FDCE clocked by mmcm1_clkout0  {rise@0.000ns fall@5.000ns period=10.000ns})
  Destination:            u_ap_codec_if/u_ac_i2s_if/dac_smpl_regb_reg[r][8]/D
                            (falling edge-triggered cell FDRE clocked by mmcm2_clkout0  {rise@0.000ns fall@40.690ns period=81.380ns})
  Path Group:             mmcm2_clkout0
  Path Type:              Setup (Max at Slow Process Corner)
  Requirement:            20.000ns  (MaxDelay Path 20.000ns)
  Data Path Delay:        0.969ns  (logic 0.478ns (49.316%)  route 0.491ns (50.684%))
  Logic Levels:           0  
  Timing Exception:       MaxDelay Path 20.000ns -datapath_only

    Location             Delay type                Incr(ns)  Path(ns)    Netlist Resource(s)
  -------------------------------------------------------------------    -------------------
    SLICE_X28Y68                                      0.000     0.000 r  u_ap_codec_if/u_ac_i2s_if/dac_smpl_regs_reg[r][8]/C
    SLICE_X28Y68         FDCE (Prop_fdce_C_Q)         0.478     0.478 r  u_ap_codec_if/u_ac_i2s_if/dac_smpl_regs_reg[r][8]/Q
                         net (fo=1, routed)           0.491     0.969    u_ap_codec_if/u_ac_i2s_if/dac_smpl_regs_reg[r][8]
    SLICE_X26Y68         FDRE                                         r  u_ap_codec_if/u_ac_i2s_if/dac_smpl_regb_reg[r][8]/D
  -------------------------------------------------------------------    -------------------

                         max delay                   20.000    20.000    
    SLICE_X26Y68         FDRE (Setup_fdre_C_D)       -0.221    19.779    u_ap_codec_if/u_ac_i2s_if/dac_smpl_regb_reg[r][8]
  -------------------------------------------------------------------
                         required time                         19.779    
                         arrival time                          -0.969    
  -------------------------------------------------------------------
                         slack                                 18.810    

Slack (MET) :             18.818ns  (required time - arrival time)
  Source:                 u_ap_codec_if/u_ac_i2s_if/dac_smpl_regs_reg[r][9]/C
                            (rising edge-triggered cell FDCE clocked by mmcm1_clkout0  {rise@0.000ns fall@5.000ns period=10.000ns})
  Destination:            u_ap_codec_if/u_ac_i2s_if/dac_smpl_regb_reg[r][9]/D
                            (falling edge-triggered cell FDRE clocked by mmcm2_clkout0  {rise@0.000ns fall@40.690ns period=81.380ns})
  Path Group:             mmcm2_clkout0
  Path Type:              Setup (Max at Slow Process Corner)
  Requirement:            20.000ns  (MaxDelay Path 20.000ns)
  Data Path Delay:        0.948ns  (logic 0.419ns (44.175%)  route 0.529ns (55.825%))
  Logic Levels:           0  
  Timing Exception:       MaxDelay Path 20.000ns -datapath_only

    Location             Delay type                Incr(ns)  Path(ns)    Netlist Resource(s)
  -------------------------------------------------------------------    -------------------
    SLICE_X22Y65                                      0.000     0.000 r  u_ap_codec_if/u_ac_i2s_if/dac_smpl_regs_reg[r][9]/C
    SLICE_X22Y65         FDCE (Prop_fdce_C_Q)         0.419     0.419 r  u_ap_codec_if/u_ac_i2s_if/dac_smpl_regs_reg[r][9]/Q
                         net (fo=1, routed)           0.529     0.948    u_ap_codec_if/u_ac_i2s_if/dac_smpl_regs_reg[r][9]
    SLICE_X25Y66         FDRE                                         r  u_ap_codec_if/u_ac_i2s_if/dac_smpl_regb_reg[r][9]/D
  -------------------------------------------------------------------    -------------------

                         max delay                   20.000    20.000    
    SLICE_X25Y66         FDRE (Setup_fdre_C_D)       -0.234    19.766    u_ap_codec_if/u_ac_i2s_if/dac_smpl_regb_reg[r][9]
  -------------------------------------------------------------------
                         required time                         19.766    
                         arrival time                          -0.948    
  -------------------------------------------------------------------
                         slack                                 18.818    

Slack (MET) :             18.842ns  (required time - arrival time)
  Source:                 u_ap_codec_if/u_ac_i2s_if/dac_smpl_regs_reg[r][4]/C
                            (rising edge-triggered cell FDCE clocked by mmcm1_clkout0  {rise@0.000ns fall@5.000ns period=10.000ns})
  Destination:            u_ap_codec_if/u_ac_i2s_if/dac_smpl_regb_reg[r][4]/D
                            (falling edge-triggered cell FDRE clocked by mmcm2_clkout0  {rise@0.000ns fall@40.690ns period=81.380ns})
  Path Group:             mmcm2_clkout0
  Path Type:              Setup (Max at Slow Process Corner)
  Requirement:            20.000ns  (MaxDelay Path 20.000ns)
  Data Path Delay:        0.928ns  (logic 0.419ns (45.145%)  route 0.509ns (54.855%))
  Logic Levels:           0  
  Timing Exception:       MaxDelay Path 20.000ns -datapath_only

    Location             Delay type                Incr(ns)  Path(ns)    Netlist Resource(s)
  -------------------------------------------------------------------    -------------------
    SLICE_X26Y63                                      0.000     0.000 r  u_ap_codec_if/u_ac_i2s_if/dac_smpl_regs_reg[r][4]/C
    SLICE_X26Y63         FDCE (Prop_fdce_C_Q)         0.419     0.419 r  u_ap_codec_if/u_ac_i2s_if/dac_smpl_regs_reg[r][4]/Q
                         net (fo=1, routed)           0.509     0.928    u_ap_codec_if/u_ac_i2s_if/dac_smpl_regs_reg[r][4]
    SLICE_X26Y64         FDRE                                         r  u_ap_codec_if/u_ac_i2s_if/dac_smpl_regb_reg[r][4]/D
  -------------------------------------------------------------------    -------------------

                         max delay                   20.000    20.000    
    SLICE_X26Y64         FDRE (Setup_fdre_C_D)       -0.230    19.770    u_ap_codec_if/u_ac_i2s_if/dac_smpl_regb_reg[r][4]
  -------------------------------------------------------------------
                         required time                         19.770    
                         arrival time                          -0.928    
  -------------------------------------------------------------------
                         slack                                 18.842    





---------------------------------------------------------------------------------------------------
From Clock:  bclk_out
  To Clock:  mmcm2_clkout0

Setup :            0  Failing Endpoints,  Worst Slack        0.623ns,  Total Violation        0.000ns
Hold  :            0  Failing Endpoints,  Worst Slack        9.726ns,  Total Violation        0.000ns
---------------------------------------------------------------------------------------------------


Max Delay Paths
--------------------------------------------------------------------------------------
Slack (MET) :             0.623ns  (required time - arrival time)
  Source:                 ac_recdat_pi
                            (input port clocked by bclk_out  {rise@0.000ns fall@40.690ns period=81.380ns})
  Destination:            u_ap_codec_if/u_ac_i2s_if/adc_shft_regb_reg[0]/D
                            (rising edge-triggered cell FDRE clocked by mmcm2_clkout0  {rise@0.000ns fall@40.690ns period=81.380ns})
  Path Group:             mmcm2_clkout0
  Path Type:              Setup (Max at Slow Process Corner)
  Requirement:            81.380ns  (mmcm2_clkout0 rise@81.380ns - bclk_out rise@0.000ns)
  Data Path Delay:        2.249ns  (logic 1.492ns (66.316%)  route 0.758ns (33.684%))
  Logic Levels:           1  (IBUF=1)
  Input Delay:            73.300ns
  Clock Path Skew:        -5.019ns (DCD - SCD + CPR)
    Destination Clock Delay (DCD):    4.945ns = ( 86.326 - 81.380 ) 
    Source Clock Delay      (SCD):    10.241ns
    Clock Pessimism Removal (CPR):    0.277ns
  Clock Uncertainty:      0.173ns  ((TSJ^2 + DJ^2)^1/2) / 2 + PE
    Total System Jitter     (TSJ):    0.071ns
    Discrete Jitter          (DJ):    0.339ns
    Phase Error              (PE):    0.000ns

    Location             Delay type                Incr(ns)  Path(ns)    Netlist Resource(s)
  -------------------------------------------------------------------    -------------------
                         (clock bclk_out rise edge)
                                                      0.000     0.000 r  
    L16                                               0.000     0.000 r  clk_pi (IN)
                         net (fo=0)                   0.000     0.000    clk_pi
    L16                  IBUF (Prop_ibuf_I_O)         1.491     1.491 r  clk_pi_IBUF_inst/O
                         net (fo=1, routed)           2.076     3.567    u_clk_rst/u_clk_gen/clk_pi
    BUFGCTRL_X0Y17       BUFG (Prop_bufg_I_O)         0.101     3.668 r  u_clk_rst/u_clk_gen/u_bufg_clk_in/O
                         net (fo=1, routed)           1.663     5.331    u_clk_rst/u_clk_gen/clk_in_bufg
    MMCME2_ADV_X0Y1      MMCME2_ADV (Prop_mmcme2_adv_CLKIN1_CLKOUT0)
                                                     -3.524     1.807 r  u_clk_rst/u_clk_gen/u_mmcm1/CLKOUT0
                         net (fo=1, routed)           1.760     3.567    u_clk_rst/u_clk_gen/mmcm1_clkout0
    BUFGCTRL_X0Y16       BUFG (Prop_bufg_I_O)         0.101     3.668 r  u_clk_rst/u_clk_gen/u_bufg_clk_sys/O
                         net (fo=633, routed)         1.680     5.348    u_clk_rst/u_clk_gen/clk_sys_po
    MMCME2_ADV_X0Y0      MMCME2_ADV (Prop_mmcme2_adv_CLKIN1_CLKOUT0)
                                                     -3.538     1.810 r  u_clk_rst/u_clk_gen/u_mmcm2/CLKOUT0
                         net (fo=1, routed)           1.760     3.570    u_clk_rst/u_clk_gen/mmcm2_clkout0
    BUFGCTRL_X0Y0        BUFG (Prop_bufg_I_O)         0.101     3.671 r  u_clk_rst/u_clk_gen/u_bufg_ac_mclk/O
                         net (fo=109, routed)         3.026     6.697    ac_bclk_po_OBUF
    K18                  OBUF (Prop_obuf_I_O)         3.544    10.241 r  ac_bclk_po_OBUF_inst/O
                         net (fo=0)                   0.000    10.241    ac_bclk_po
  -------------------------------------------------------------------    -------------------
                         input delay                 73.300    83.541    
    K17                                               0.000    83.541 r  ac_recdat_pi (IN)
                         net (fo=0)                   0.000    83.541    ac_recdat_pi
    K17                  IBUF (Prop_ibuf_I_O)         1.492    85.033 r  ac_recdat_pi_IBUF_inst/O
                         net (fo=1, routed)           0.758    85.790    u_ap_codec_if/u_ac_i2s_if/D[0]
    SLICE_X42Y76         FDRE                                         r  u_ap_codec_if/u_ac_i2s_if/adc_shft_regb_reg[0]/D
  -------------------------------------------------------------------    -------------------

                         (clock mmcm2_clkout0 rise edge)
                                                     81.380    81.380 r  
    L16                                               0.000    81.380 r  clk_pi (IN)
                         net (fo=0)                   0.000    81.380    clk_pi
    L16                  IBUF (Prop_ibuf_I_O)         1.421    82.801 r  clk_pi_IBUF_inst/O
                         net (fo=1, routed)           1.880    84.681    u_clk_rst/u_clk_gen/clk_pi
    BUFGCTRL_X0Y17       BUFG (Prop_bufg_I_O)         0.091    84.772 r  u_clk_rst/u_clk_gen/u_bufg_clk_in/O
                         net (fo=1, routed)           1.474    86.246    u_clk_rst/u_clk_gen/clk_in_bufg
    MMCME2_ADV_X0Y1      MMCME2_ADV (Prop_mmcme2_adv_CLKIN1_CLKOUT0)
                                                     -3.164    83.082 r  u_clk_rst/u_clk_gen/u_mmcm1/CLKOUT0
                         net (fo=1, routed)           1.599    84.681    u_clk_rst/u_clk_gen/mmcm1_clkout0
    BUFGCTRL_X0Y16       BUFG (Prop_bufg_I_O)         0.091    84.772 r  u_clk_rst/u_clk_gen/u_bufg_clk_sys/O
                         net (fo=633, routed)         1.490    86.262    u_clk_rst/u_clk_gen/clk_sys_po
    MMCME2_ADV_X0Y0      MMCME2_ADV (Prop_mmcme2_adv_CLKIN1_CLKOUT0)
                                                     -3.177    83.085 r  u_clk_rst/u_clk_gen/u_mmcm2/CLKOUT0
                         net (fo=1, routed)           1.599    84.684    u_clk_rst/u_clk_gen/mmcm2_clkout0
    BUFGCTRL_X0Y0        BUFG (Prop_bufg_I_O)         0.091    84.775 r  u_clk_rst/u_clk_gen/u_bufg_ac_mclk/O
                         net (fo=109, routed)         1.551    86.326    u_ap_codec_if/u_ac_i2s_if/ac_mclk_po
    SLICE_X42Y76         FDRE                                         r  u_ap_codec_if/u_ac_i2s_if/adc_shft_regb_reg[0]/C
                         clock pessimism              0.277    86.602    
                         clock uncertainty           -0.173    86.429    
    SLICE_X42Y76         FDRE (Setup_fdre_C_D)       -0.016    86.413    u_ap_codec_if/u_ac_i2s_if/adc_shft_regb_reg[0]
  -------------------------------------------------------------------
                         required time                         86.413    
                         arrival time                         -85.790    
  -------------------------------------------------------------------
                         slack                                  0.623    





Min Delay Paths
--------------------------------------------------------------------------------------
Slack (MET) :             9.726ns  (arrival time - required time)
  Source:                 ac_recdat_pi
                            (input port clocked by bclk_out  {rise@0.000ns fall@40.690ns period=81.380ns})
  Destination:            u_ap_codec_if/u_ac_i2s_if/adc_shft_regb_reg[0]/D
                            (rising edge-triggered cell FDRE clocked by mmcm2_clkout0  {rise@0.000ns fall@40.690ns period=81.380ns})
  Path Group:             mmcm2_clkout0
  Path Type:              Hold (Min at Fast Process Corner)
  Requirement:            0.000ns  (mmcm2_clkout0 rise@0.000ns - bclk_out rise@0.000ns)
  Data Path Delay:        0.555ns  (logic 0.259ns (46.738%)  route 0.296ns (53.262%))
  Logic Levels:           1  (IBUF=1)
  Input Delay:            8.100ns
  Clock Path Skew:        -1.131ns (DCD - SCD - CPR)
    Destination Clock Delay (DCD):    2.006ns
    Source Clock Delay      (SCD):    2.890ns
    Clock Pessimism Removal (CPR):    0.247ns

    Location             Delay type                Incr(ns)  Path(ns)    Netlist Resource(s)
  -------------------------------------------------------------------    -------------------
                         (clock bclk_out rise edge)
                                                      0.000     0.000 r  
    L16                                               0.000     0.000 r  clk_pi (IN)
                         net (fo=0)                   0.000     0.000    clk_pi
    L16                  IBUF (Prop_ibuf_I_O)         0.259     0.259 r  clk_pi_IBUF_inst/O
                         net (fo=1, routed)           0.627     0.886    u_clk_rst/u_clk_gen/clk_pi
    BUFGCTRL_X0Y17       BUFG (Prop_bufg_I_O)         0.026     0.912 r  u_clk_rst/u_clk_gen/u_bufg_clk_in/O
                         net (fo=1, routed)           0.542     1.454    u_clk_rst/u_clk_gen/clk_in_bufg
    MMCME2_ADV_X0Y1      MMCME2_ADV (Prop_mmcme2_adv_CLKIN1_CLKOUT0)
                                                     -1.050     0.404 r  u_clk_rst/u_clk_gen/u_mmcm1/CLKOUT0
                         net (fo=1, routed)           0.482     0.886    u_clk_rst/u_clk_gen/mmcm1_clkout0
    BUFGCTRL_X0Y16       BUFG (Prop_bufg_I_O)         0.026     0.912 r  u_clk_rst/u_clk_gen/u_bufg_clk_sys/O
                         net (fo=633, routed)         0.548     1.460    u_clk_rst/u_clk_gen/clk_sys_po
    MMCME2_ADV_X0Y0      MMCME2_ADV (Prop_mmcme2_adv_CLKIN1_CLKOUT0)
                                                     -1.053     0.406 r  u_clk_rst/u_clk_gen/u_mmcm2/CLKOUT0
                         net (fo=1, routed)           0.482     0.888    u_clk_rst/u_clk_gen/mmcm2_clkout0
    BUFGCTRL_X0Y0        BUFG (Prop_bufg_I_O)         0.026     0.914 r  u_clk_rst/u_clk_gen/u_bufg_ac_mclk/O
                         net (fo=109, routed)         0.731     1.646    ac_bclk_po_OBUF
    K18                  OBUF (Prop_obuf_I_O)         1.244     2.890 r  ac_bclk_po_OBUF_inst/O
                         net (fo=0)                   0.000     2.890    ac_bclk_po
  -------------------------------------------------------------------    -------------------
                         input delay                  8.100    10.990    
    K17                                               0.000    10.990 r  ac_recdat_pi (IN)
                         net (fo=0)                   0.000    10.990    ac_recdat_pi
    K17                  IBUF (Prop_ibuf_I_O)         0.259    11.250 r  ac_recdat_pi_IBUF_inst/O
                         net (fo=1, routed)           0.296    11.545    u_ap_codec_if/u_ac_i2s_if/D[0]
    SLICE_X42Y76         FDRE                                         r  u_ap_codec_if/u_ac_i2s_if/adc_shft_regb_reg[0]/D
  -------------------------------------------------------------------    -------------------

                         (clock mmcm2_clkout0 rise edge)
                                                      0.000     0.000 r  
    L16                                               0.000     0.000 r  clk_pi (IN)
                         net (fo=0)                   0.000     0.000    clk_pi
    L16                  IBUF (Prop_ibuf_I_O)         0.447     0.447 r  clk_pi_IBUF_inst/O
                         net (fo=1, routed)           0.683     1.130    u_clk_rst/u_clk_gen/clk_pi
    BUFGCTRL_X0Y17       BUFG (Prop_bufg_I_O)         0.029     1.159 r  u_clk_rst/u_clk_gen/u_bufg_clk_in/O
                         net (fo=1, routed)           0.809     1.968    u_clk_rst/u_clk_gen/clk_in_bufg
    MMCME2_ADV_X0Y1      MMCME2_ADV (Prop_mmcme2_adv_CLKIN1_CLKOUT0)
                                                     -1.366     0.602 r  u_clk_rst/u_clk_gen/u_mmcm1/CLKOUT0
                         net (fo=1, routed)           0.528     1.130    u_clk_rst/u_clk_gen/mmcm1_clkout0
    BUFGCTRL_X0Y16       BUFG (Prop_bufg_I_O)         0.029     1.159 r  u_clk_rst/u_clk_gen/u_bufg_clk_sys/O
                         net (fo=633, routed)         0.814     1.973    u_clk_rst/u_clk_gen/clk_sys_po
    MMCME2_ADV_X0Y0      MMCME2_ADV (Prop_mmcme2_adv_CLKIN1_CLKOUT0)
                                                     -1.369     0.604 r  u_clk_rst/u_clk_gen/u_mmcm2/CLKOUT0
                         net (fo=1, routed)           0.528     1.132    u_clk_rst/u_clk_gen/mmcm2_clkout0
    BUFGCTRL_X0Y0        BUFG (Prop_bufg_I_O)         0.029     1.161 r  u_clk_rst/u_clk_gen/u_bufg_ac_mclk/O
                         net (fo=109, routed)         0.845     2.006    u_ap_codec_if/u_ac_i2s_if/ac_mclk_po
    SLICE_X42Y76         FDRE                                         r  u_ap_codec_if/u_ac_i2s_if/adc_shft_regb_reg[0]/C
                         clock pessimism             -0.247     1.759    
    SLICE_X42Y76         FDRE (Hold_fdre_C_D)         0.060     1.819    u_ap_codec_if/u_ac_i2s_if/adc_shft_regb_reg[0]
  -------------------------------------------------------------------
                         required time                         -1.819    
                         arrival time                          11.545    
  -------------------------------------------------------------------
                         slack                                  9.726    





---------------------------------------------------------------------------------------------------
From Clock:  mmcm2_clkout0
  To Clock:  bclk_out

Setup :            0  Failing Endpoints,  Worst Slack        5.565ns,  Total Violation        0.000ns
Hold  :            0  Failing Endpoints,  Worst Slack        8.000ns,  Total Violation        0.000ns
---------------------------------------------------------------------------------------------------


Max Delay Paths
--------------------------------------------------------------------------------------
Slack (MET) :             5.565ns  (required time - arrival time)
  Source:                 u_ap_codec_if/u_ac_i2s_if/dac_shft_regb_reg[15]/C
                            (falling edge-triggered cell FDRE clocked by mmcm2_clkout0  {rise@0.000ns fall@40.690ns period=81.380ns})
  Destination:            ac_pbdat_po
                            (output port clocked by bclk_out  {rise@0.000ns fall@40.690ns period=81.380ns})
  Path Group:             bclk_out
  Path Type:              Max at Slow Process Corner
  Requirement:            81.380ns  (bclk_out fall@122.070ns - mmcm2_clkout0 fall@40.690ns)
  Data Path Delay:        6.813ns  (logic 4.055ns (59.518%)  route 2.758ns (40.482%))
  Logic Levels:           1  (OBUF=1)
  Output Delay:           73.300ns
  Clock Path Skew:        4.470ns (DCD - SCD + CPR)
    Destination Clock Delay (DCD):    9.400ns = ( 131.471 - 122.070 ) 
    Source Clock Delay      (SCD):    5.321ns = ( 46.011 - 40.690 ) 
    Clock Pessimism Removal (CPR):    0.391ns
  Clock Uncertainty:      0.173ns  ((TSJ^2 + DJ^2)^1/2) / 2 + PE
    Total System Jitter     (TSJ):    0.071ns
    Discrete Jitter          (DJ):    0.339ns
    Phase Error              (PE):    0.000ns

    Location             Delay type                Incr(ns)  Path(ns)    Netlist Resource(s)
  -------------------------------------------------------------------    -------------------
                         (clock mmcm2_clkout0 fall edge)
                                                     40.690    40.690 f  
    L16                                               0.000    40.690 f  clk_pi (IN)
                         net (fo=0)                   0.000    40.690    clk_pi
    L16                  IBUF (Prop_ibuf_I_O)         1.491    42.181 f  clk_pi_IBUF_inst/O
                         net (fo=1, routed)           2.076    44.257    u_clk_rst/u_clk_gen/clk_pi
    BUFGCTRL_X0Y17       BUFG (Prop_bufg_I_O)         0.101    44.358 f  u_clk_rst/u_clk_gen/u_bufg_clk_in/O
                         net (fo=1, routed)           1.663    46.021    u_clk_rst/u_clk_gen/clk_in_bufg
    MMCME2_ADV_X0Y1      MMCME2_ADV (Prop_mmcme2_adv_CLKIN1_CLKOUT0)
                                                     -3.524    42.497 f  u_clk_rst/u_clk_gen/u_mmcm1/CLKOUT0
                         net (fo=1, routed)           1.760    44.257    u_clk_rst/u_clk_gen/mmcm1_clkout0
    BUFGCTRL_X0Y16       BUFG (Prop_bufg_I_O)         0.101    44.358 f  u_clk_rst/u_clk_gen/u_bufg_clk_sys/O
                         net (fo=633, routed)         1.680    46.038    u_clk_rst/u_clk_gen/clk_sys_po
    MMCME2_ADV_X0Y0      MMCME2_ADV (Prop_mmcme2_adv_CLKIN1_CLKOUT0)
                                                     -3.538    42.500 f  u_clk_rst/u_clk_gen/u_mmcm2/CLKOUT0
                         net (fo=1, routed)           1.760    44.260    u_clk_rst/u_clk_gen/mmcm2_clkout0
    BUFGCTRL_X0Y0        BUFG (Prop_bufg_I_O)         0.101    44.361 f  u_clk_rst/u_clk_gen/u_bufg_ac_mclk/O
                         net (fo=109, routed)         1.650    46.011    u_ap_codec_if/u_ac_i2s_if/ac_mclk_po
    SLICE_X26Y69         FDRE                                         r  u_ap_codec_if/u_ac_i2s_if/dac_shft_regb_reg[15]/C  (IS_INVERTED)
  -------------------------------------------------------------------    -------------------
    SLICE_X26Y69         FDRE (Prop_fdre_C_Q)         0.459    46.470 r  u_ap_codec_if/u_ac_i2s_if/dac_shft_regb_reg[15]/Q
                         net (fo=1, routed)           2.758    49.228    ac_pbdat_po_OBUF
    M17                  OBUF (Prop_obuf_I_O)         3.596    52.824 r  ac_pbdat_po_OBUF_inst/O
                         net (fo=0)                   0.000    52.824    ac_pbdat_po
    M17                                                               r  ac_pbdat_po (OUT)
  -------------------------------------------------------------------    -------------------

                         (clock bclk_out fall edge)
                                                    122.070   122.070 f  
    L16                                               0.000   122.070 f  clk_pi (IN)
                         net (fo=0)                   0.000   122.070    clk_pi
    L16                  IBUF (Prop_ibuf_I_O)         1.421   123.491 f  clk_pi_IBUF_inst/O
                         net (fo=1, routed)           1.880   125.371    u_clk_rst/u_clk_gen/clk_pi
    BUFGCTRL_X0Y17       BUFG (Prop_bufg_I_O)         0.091   125.462 f  u_clk_rst/u_clk_gen/u_bufg_clk_in/O
                         net (fo=1, routed)           1.474   126.936    u_clk_rst/u_clk_gen/clk_in_bufg
    MMCME2_ADV_X0Y1      MMCME2_ADV (Prop_mmcme2_adv_CLKIN1_CLKOUT0)
                                                     -3.164   123.772 f  u_clk_rst/u_clk_gen/u_mmcm1/CLKOUT0
                         net (fo=1, routed)           1.599   125.371    u_clk_rst/u_clk_gen/mmcm1_clkout0
    BUFGCTRL_X0Y16       BUFG (Prop_bufg_I_O)         0.091   125.462 f  u_clk_rst/u_clk_gen/u_bufg_clk_sys/O
                         net (fo=633, routed)         1.490   126.952    u_clk_rst/u_clk_gen/clk_sys_po
    MMCME2_ADV_X0Y0      MMCME2_ADV (Prop_mmcme2_adv_CLKIN1_CLKOUT0)
                                                     -3.177   123.775 f  u_clk_rst/u_clk_gen/u_mmcm2/CLKOUT0
                         net (fo=1, routed)           1.599   125.374    u_clk_rst/u_clk_gen/mmcm2_clkout0
    BUFGCTRL_X0Y0        BUFG (Prop_bufg_I_O)         0.091   125.465 f  u_clk_rst/u_clk_gen/u_bufg_ac_mclk/O
                         net (fo=109, routed)         2.664   128.129    ac_bclk_po_OBUF
    K18                  OBUF (Prop_obuf_I_O)         3.341   131.471 f  ac_bclk_po_OBUF_inst/O
                         net (fo=0)                   0.000   131.471    ac_bclk_po
    K18                                                               f  ac_bclk_po (OUT)
                         clock pessimism              0.391   131.862    
                         clock uncertainty           -0.173   131.689    
                         output delay               -73.300    58.389    
  -------------------------------------------------------------------
                         required time                         58.389    
                         arrival time                         -52.824    
  -------------------------------------------------------------------
                         slack                                  5.565    

Slack (MET) :             6.360ns  (required time - arrival time)
  Source:                 u_ap_codec_if/u_ac_i2s_if/lrc_regb_reg/C
                            (falling edge-triggered cell FDSE clocked by mmcm2_clkout0  {rise@0.000ns fall@40.690ns period=81.380ns})
  Destination:            ac_reclrc_po
                            (output port clocked by bclk_out  {rise@0.000ns fall@40.690ns period=81.380ns})
  Path Group:             bclk_out
  Path Type:              Max at Slow Process Corner
  Requirement:            81.380ns  (bclk_out fall@122.070ns - mmcm2_clkout0 fall@40.690ns)
  Data Path Delay:        5.943ns  (logic 4.048ns (68.120%)  route 1.895ns (31.880%))
  Logic Levels:           1  (OBUF=1)
  Output Delay:           73.300ns
  Clock Path Skew:        4.396ns (DCD - SCD + CPR)
    Destination Clock Delay (DCD):    9.400ns = ( 131.471 - 122.070 ) 
    Source Clock Delay      (SCD):    5.395ns = ( 46.085 - 40.690 ) 
    Clock Pessimism Removal (CPR):    0.391ns
  Clock Uncertainty:      0.173ns  ((TSJ^2 + DJ^2)^1/2) / 2 + PE
    Total System Jitter     (TSJ):    0.071ns
    Discrete Jitter          (DJ):    0.339ns
    Phase Error              (PE):    0.000ns

    Location             Delay type                Incr(ns)  Path(ns)    Netlist Resource(s)
  -------------------------------------------------------------------    -------------------
                         (clock mmcm2_clkout0 fall edge)
                                                     40.690    40.690 f  
    L16                                               0.000    40.690 f  clk_pi (IN)
                         net (fo=0)                   0.000    40.690    clk_pi
    L16                  IBUF (Prop_ibuf_I_O)         1.491    42.181 f  clk_pi_IBUF_inst/O
                         net (fo=1, routed)           2.076    44.257    u_clk_rst/u_clk_gen/clk_pi
    BUFGCTRL_X0Y17       BUFG (Prop_bufg_I_O)         0.101    44.358 f  u_clk_rst/u_clk_gen/u_bufg_clk_in/O
                         net (fo=1, routed)           1.663    46.021    u_clk_rst/u_clk_gen/clk_in_bufg
    MMCME2_ADV_X0Y1      MMCME2_ADV (Prop_mmcme2_adv_CLKIN1_CLKOUT0)
                                                     -3.524    42.497 f  u_clk_rst/u_clk_gen/u_mmcm1/CLKOUT0
                         net (fo=1, routed)           1.760    44.257    u_clk_rst/u_clk_gen/mmcm1_clkout0
    BUFGCTRL_X0Y16       BUFG (Prop_bufg_I_O)         0.101    44.358 f  u_clk_rst/u_clk_gen/u_bufg_clk_sys/O
                         net (fo=633, routed)         1.680    46.038    u_clk_rst/u_clk_gen/clk_sys_po
    MMCME2_ADV_X0Y0      MMCME2_ADV (Prop_mmcme2_adv_CLKIN1_CLKOUT0)
                                                     -3.538    42.500 f  u_clk_rst/u_clk_gen/u_mmcm2/CLKOUT0
                         net (fo=1, routed)           1.760    44.260    u_clk_rst/u_clk_gen/mmcm2_clkout0
    BUFGCTRL_X0Y0        BUFG (Prop_bufg_I_O)         0.101    44.361 f  u_clk_rst/u_clk_gen/u_bufg_ac_mclk/O
                         net (fo=109, routed)         1.724    46.085    u_ap_codec_if/u_ac_i2s_if/ac_mclk_po
    SLICE_X37Y77         FDSE                                         r  u_ap_codec_if/u_ac_i2s_if/lrc_regb_reg/C  (IS_INVERTED)
  -------------------------------------------------------------------    -------------------
    SLICE_X37Y77         FDSE (Prop_fdse_C_Q)         0.459    46.544 r  u_ap_codec_if/u_ac_i2s_if/lrc_regb_reg/Q
                         net (fo=1, routed)           1.895    48.439    ac_reclrc_po_OBUF
    M18                  OBUF (Prop_obuf_I_O)         3.589    52.028 r  ac_reclrc_po_OBUF_inst/O
                         net (fo=0)                   0.000    52.028    ac_reclrc_po
    M18                                                               r  ac_reclrc_po (OUT)
  -------------------------------------------------------------------    -------------------

                         (clock bclk_out fall edge)
                                                    122.070   122.070 f  
    L16                                               0.000   122.070 f  clk_pi (IN)
                         net (fo=0)                   0.000   122.070    clk_pi
    L16                  IBUF (Prop_ibuf_I_O)         1.421   123.491 f  clk_pi_IBUF_inst/O
                         net (fo=1, routed)           1.880   125.371    u_clk_rst/u_clk_gen/clk_pi
    BUFGCTRL_X0Y17       BUFG (Prop_bufg_I_O)         0.091   125.462 f  u_clk_rst/u_clk_gen/u_bufg_clk_in/O
                         net (fo=1, routed)           1.474   126.936    u_clk_rst/u_clk_gen/clk_in_bufg
    MMCME2_ADV_X0Y1      MMCME2_ADV (Prop_mmcme2_adv_CLKIN1_CLKOUT0)
                                                     -3.164   123.772 f  u_clk_rst/u_clk_gen/u_mmcm1/CLKOUT0
                         net (fo=1, routed)           1.599   125.371    u_clk_rst/u_clk_gen/mmcm1_clkout0
    BUFGCTRL_X0Y16       BUFG (Prop_bufg_I_O)         0.091   125.462 f  u_clk_rst/u_clk_gen/u_bufg_clk_sys/O
                         net (fo=633, routed)         1.490   126.952    u_clk_rst/u_clk_gen/clk_sys_po
    MMCME2_ADV_X0Y0      MMCME2_ADV (Prop_mmcme2_adv_CLKIN1_CLKOUT0)
                                                     -3.177   123.775 f  u_clk_rst/u_clk_gen/u_mmcm2/CLKOUT0
                         net (fo=1, routed)           1.599   125.374    u_clk_rst/u_clk_gen/mmcm2_clkout0
    BUFGCTRL_X0Y0        BUFG (Prop_bufg_I_O)         0.091   125.465 f  u_clk_rst/u_clk_gen/u_bufg_ac_mclk/O
                         net (fo=109, routed)         2.664   128.129    ac_bclk_po_OBUF
    K18                  OBUF (Prop_obuf_I_O)         3.341   131.471 f  ac_bclk_po_OBUF_inst/O
                         net (fo=0)                   0.000   131.471    ac_bclk_po
    K18                                                               f  ac_bclk_po (OUT)
                         clock pessimism              0.391   131.862    
                         clock uncertainty           -0.173   131.689    
                         output delay               -73.300    58.389    
  -------------------------------------------------------------------
                         required time                         58.389    
                         arrival time                         -52.028    
  -------------------------------------------------------------------
                         slack                                  6.360    

Slack (MET) :             6.480ns  (required time - arrival time)
  Source:                 u_ap_codec_if/u_ac_i2s_if/lrc_regb_reg_lopt_replica/C
                            (falling edge-triggered cell FDSE clocked by mmcm2_clkout0  {rise@0.000ns fall@40.690ns period=81.380ns})
  Destination:            ac_pblrc_po
                            (output port clocked by bclk_out  {rise@0.000ns fall@40.690ns period=81.380ns})
  Path Group:             bclk_out
  Path Type:              Max at Slow Process Corner
  Requirement:            81.380ns  (bclk_out fall@122.070ns - mmcm2_clkout0 fall@40.690ns)
  Data Path Delay:        5.823ns  (logic 4.008ns (68.830%)  route 1.815ns (31.170%))
  Logic Levels:           1  (OBUF=1)
  Output Delay:           73.300ns
  Clock Path Skew:        4.396ns (DCD - SCD + CPR)
    Destination Clock Delay (DCD):    9.400ns = ( 131.471 - 122.070 ) 
    Source Clock Delay      (SCD):    5.395ns = ( 46.085 - 40.690 ) 
    Clock Pessimism Removal (CPR):    0.391ns
  Clock Uncertainty:      0.173ns  ((TSJ^2 + DJ^2)^1/2) / 2 + PE
    Total System Jitter     (TSJ):    0.071ns
    Discrete Jitter          (DJ):    0.339ns
    Phase Error              (PE):    0.000ns

    Location             Delay type                Incr(ns)  Path(ns)    Netlist Resource(s)
  -------------------------------------------------------------------    -------------------
                         (clock mmcm2_clkout0 fall edge)
                                                     40.690    40.690 f  
    L16                                               0.000    40.690 f  clk_pi (IN)
                         net (fo=0)                   0.000    40.690    clk_pi
    L16                  IBUF (Prop_ibuf_I_O)         1.491    42.181 f  clk_pi_IBUF_inst/O
                         net (fo=1, routed)           2.076    44.257    u_clk_rst/u_clk_gen/clk_pi
    BUFGCTRL_X0Y17       BUFG (Prop_bufg_I_O)         0.101    44.358 f  u_clk_rst/u_clk_gen/u_bufg_clk_in/O
                         net (fo=1, routed)           1.663    46.021    u_clk_rst/u_clk_gen/clk_in_bufg
    MMCME2_ADV_X0Y1      MMCME2_ADV (Prop_mmcme2_adv_CLKIN1_CLKOUT0)
                                                     -3.524    42.497 f  u_clk_rst/u_clk_gen/u_mmcm1/CLKOUT0
                         net (fo=1, routed)           1.760    44.257    u_clk_rst/u_clk_gen/mmcm1_clkout0
    BUFGCTRL_X0Y16       BUFG (Prop_bufg_I_O)         0.101    44.358 f  u_clk_rst/u_clk_gen/u_bufg_clk_sys/O
                         net (fo=633, routed)         1.680    46.038    u_clk_rst/u_clk_gen/clk_sys_po
    MMCME2_ADV_X0Y0      MMCME2_ADV (Prop_mmcme2_adv_CLKIN1_CLKOUT0)
                                                     -3.538    42.500 f  u_clk_rst/u_clk_gen/u_mmcm2/CLKOUT0
                         net (fo=1, routed)           1.760    44.260    u_clk_rst/u_clk_gen/mmcm2_clkout0
    BUFGCTRL_X0Y0        BUFG (Prop_bufg_I_O)         0.101    44.361 f  u_clk_rst/u_clk_gen/u_bufg_ac_mclk/O
                         net (fo=109, routed)         1.724    46.085    u_ap_codec_if/u_ac_i2s_if/ac_mclk_po
    SLICE_X37Y77         FDSE                                         r  u_ap_codec_if/u_ac_i2s_if/lrc_regb_reg_lopt_replica/C  (IS_INVERTED)
  -------------------------------------------------------------------    -------------------
    SLICE_X37Y77         FDSE (Prop_fdse_C_Q)         0.459    46.544 r  u_ap_codec_if/u_ac_i2s_if/lrc_regb_reg_lopt_replica/Q
                         net (fo=1, routed)           1.815    48.359    lopt
    L17                  OBUF (Prop_obuf_I_O)         3.549    51.908 r  ac_pblrc_po_OBUF_inst/O
                         net (fo=0)                   0.000    51.908    ac_pblrc_po
    L17                                                               r  ac_pblrc_po (OUT)
  -------------------------------------------------------------------    -------------------

                         (clock bclk_out fall edge)
                                                    122.070   122.070 f  
    L16                                               0.000   122.070 f  clk_pi (IN)
                         net (fo=0)                   0.000   122.070    clk_pi
    L16                  IBUF (Prop_ibuf_I_O)         1.421   123.491 f  clk_pi_IBUF_inst/O
                         net (fo=1, routed)           1.880   125.371    u_clk_rst/u_clk_gen/clk_pi
    BUFGCTRL_X0Y17       BUFG (Prop_bufg_I_O)         0.091   125.462 f  u_clk_rst/u_clk_gen/u_bufg_clk_in/O
                         net (fo=1, routed)           1.474   126.936    u_clk_rst/u_clk_gen/clk_in_bufg
    MMCME2_ADV_X0Y1      MMCME2_ADV (Prop_mmcme2_adv_CLKIN1_CLKOUT0)
                                                     -3.164   123.772 f  u_clk_rst/u_clk_gen/u_mmcm1/CLKOUT0
                         net (fo=1, routed)           1.599   125.371    u_clk_rst/u_clk_gen/mmcm1_clkout0
    BUFGCTRL_X0Y16       BUFG (Prop_bufg_I_O)         0.091   125.462 f  u_clk_rst/u_clk_gen/u_bufg_clk_sys/O
                         net (fo=633, routed)         1.490   126.952    u_clk_rst/u_clk_gen/clk_sys_po
    MMCME2_ADV_X0Y0      MMCME2_ADV (Prop_mmcme2_adv_CLKIN1_CLKOUT0)
                                                     -3.177   123.775 f  u_clk_rst/u_clk_gen/u_mmcm2/CLKOUT0
                         net (fo=1, routed)           1.599   125.374    u_clk_rst/u_clk_gen/mmcm2_clkout0
    BUFGCTRL_X0Y0        BUFG (Prop_bufg_I_O)         0.091   125.465 f  u_clk_rst/u_clk_gen/u_bufg_ac_mclk/O
                         net (fo=109, routed)         2.664   128.129    ac_bclk_po_OBUF
    K18                  OBUF (Prop_obuf_I_O)         3.341   131.471 f  ac_bclk_po_OBUF_inst/O
                         net (fo=0)                   0.000   131.471    ac_bclk_po
    K18                                                               f  ac_bclk_po (OUT)
                         clock pessimism              0.391   131.862    
                         clock uncertainty           -0.173   131.689    
                         output delay               -73.300    58.389    
  -------------------------------------------------------------------
                         required time                         58.389    
                         arrival time                         -51.908    
  -------------------------------------------------------------------
                         slack                                  6.480    





Min Delay Paths
--------------------------------------------------------------------------------------
Slack (MET) :             8.000ns  (arrival time - required time)
  Source:                 u_ap_codec_if/u_ac_i2s_if/lrc_regb_reg_lopt_replica/C
                            (falling edge-triggered cell FDSE clocked by mmcm2_clkout0  {rise@0.000ns fall@40.690ns period=81.380ns})
  Destination:            ac_pblrc_po
                            (output port clocked by bclk_out  {rise@0.000ns fall@40.690ns period=81.380ns})
  Path Group:             bclk_out
  Path Type:              Min at Fast Process Corner
  Requirement:            0.000ns  (bclk_out fall@40.690ns - mmcm2_clkout0 fall@40.690ns)
  Data Path Delay:        1.772ns  (logic 1.396ns (78.776%)  route 0.376ns (21.224%))
  Logic Levels:           1  (OBUF=1)
  Output Delay:           8.100ns
  Clock Path Skew:        1.872ns (DCD - SCD - CPR)
    Destination Clock Delay (DCD):    3.845ns = ( 44.535 - 40.690 ) 
    Source Clock Delay      (SCD):    1.492ns = ( 42.182 - 40.690 ) 
    Clock Pessimism Removal (CPR):    0.481ns

    Location             Delay type                Incr(ns)  Path(ns)    Netlist Resource(s)
  -------------------------------------------------------------------    -------------------
                         (clock mmcm2_clkout0 fall edge)
                                                     40.690    40.690 f  
    L16                                               0.000    40.690 f  clk_pi (IN)
                         net (fo=0)                   0.000    40.690    clk_pi
    L16                  IBUF (Prop_ibuf_I_O)         0.259    40.949 f  clk_pi_IBUF_inst/O
                         net (fo=1, routed)           0.627    41.576    u_clk_rst/u_clk_gen/clk_pi
    BUFGCTRL_X0Y17       BUFG (Prop_bufg_I_O)         0.026    41.602 f  u_clk_rst/u_clk_gen/u_bufg_clk_in/O
                         net (fo=1, routed)           0.542    42.144    u_clk_rst/u_clk_gen/clk_in_bufg
    MMCME2_ADV_X0Y1      MMCME2_ADV (Prop_mmcme2_adv_CLKIN1_CLKOUT0)
                                                     -1.050    41.094 f  u_clk_rst/u_clk_gen/u_mmcm1/CLKOUT0
                         net (fo=1, routed)           0.482    41.576    u_clk_rst/u_clk_gen/mmcm1_clkout0
    BUFGCTRL_X0Y16       BUFG (Prop_bufg_I_O)         0.026    41.602 f  u_clk_rst/u_clk_gen/u_bufg_clk_sys/O
                         net (fo=633, routed)         0.548    42.150    u_clk_rst/u_clk_gen/clk_sys_po
    MMCME2_ADV_X0Y0      MMCME2_ADV (Prop_mmcme2_adv_CLKIN1_CLKOUT0)
                                                     -1.053    41.096 f  u_clk_rst/u_clk_gen/u_mmcm2/CLKOUT0
                         net (fo=1, routed)           0.482    41.578    u_clk_rst/u_clk_gen/mmcm2_clkout0
    BUFGCTRL_X0Y0        BUFG (Prop_bufg_I_O)         0.026    41.604 f  u_clk_rst/u_clk_gen/u_bufg_ac_mclk/O
                         net (fo=109, routed)         0.578    42.182    u_ap_codec_if/u_ac_i2s_if/ac_mclk_po
    SLICE_X37Y77         FDSE                                         r  u_ap_codec_if/u_ac_i2s_if/lrc_regb_reg_lopt_replica/C  (IS_INVERTED)
  -------------------------------------------------------------------    -------------------
    SLICE_X37Y77         FDSE (Prop_fdse_C_Q)         0.146    42.328 r  u_ap_codec_if/u_ac_i2s_if/lrc_regb_reg_lopt_replica/Q
                         net (fo=1, routed)           0.376    42.704    lopt
    L17                  OBUF (Prop_obuf_I_O)         1.250    43.954 r  ac_pblrc_po_OBUF_inst/O
                         net (fo=0)                   0.000    43.954    ac_pblrc_po
    L17                                                               r  ac_pblrc_po (OUT)
  -------------------------------------------------------------------    -------------------

                         (clock bclk_out fall edge)
                                                     40.690    40.690 f  
    L16                                               0.000    40.690 f  clk_pi (IN)
                         net (fo=0)                   0.000    40.690    clk_pi
    L16                  IBUF (Prop_ibuf_I_O)         0.447    41.137 f  clk_pi_IBUF_inst/O
                         net (fo=1, routed)           0.683    41.820    u_clk_rst/u_clk_gen/clk_pi
    BUFGCTRL_X0Y17       BUFG (Prop_bufg_I_O)         0.029    41.849 f  u_clk_rst/u_clk_gen/u_bufg_clk_in/O
                         net (fo=1, routed)           0.809    42.658    u_clk_rst/u_clk_gen/clk_in_bufg
    MMCME2_ADV_X0Y1      MMCME2_ADV (Prop_mmcme2_adv_CLKIN1_CLKOUT0)
                                                     -1.366    41.292 f  u_clk_rst/u_clk_gen/u_mmcm1/CLKOUT0
                         net (fo=1, routed)           0.528    41.820    u_clk_rst/u_clk_gen/mmcm1_clkout0
    BUFGCTRL_X0Y16       BUFG (Prop_bufg_I_O)         0.029    41.849 f  u_clk_rst/u_clk_gen/u_bufg_clk_sys/O
                         net (fo=633, routed)         0.814    42.663    u_clk_rst/u_clk_gen/clk_sys_po
    MMCME2_ADV_X0Y0      MMCME2_ADV (Prop_mmcme2_adv_CLKIN1_CLKOUT0)
                                                     -1.369    41.294 f  u_clk_rst/u_clk_gen/u_mmcm2/CLKOUT0
                         net (fo=1, routed)           0.528    41.822    u_clk_rst/u_clk_gen/mmcm2_clkout0
    BUFGCTRL_X0Y0        BUFG (Prop_bufg_I_O)         0.029    41.851 f  u_clk_rst/u_clk_gen/u_bufg_ac_mclk/O
                         net (fo=109, routed)         1.239    43.090    ac_bclk_po_OBUF
    K18                  OBUF (Prop_obuf_I_O)         1.445    44.535 f  ac_bclk_po_OBUF_inst/O
                         net (fo=0)                   0.000    44.535    ac_bclk_po
    K18                                                               f  ac_bclk_po (OUT)
                         clock pessimism             -0.481    44.053    
                         output delay                -8.100    35.953    
  -------------------------------------------------------------------
                         required time                        -35.953    
                         arrival time                          43.954    
  -------------------------------------------------------------------
                         slack                                  8.000    

Slack (MET) :             8.093ns  (arrival time - required time)
  Source:                 u_ap_codec_if/u_ac_i2s_if/lrc_regb_reg/C
                            (falling edge-triggered cell FDSE clocked by mmcm2_clkout0  {rise@0.000ns fall@40.690ns period=81.380ns})
  Destination:            ac_reclrc_po
                            (output port clocked by bclk_out  {rise@0.000ns fall@40.690ns period=81.380ns})
  Path Group:             bclk_out
  Path Type:              Min at Fast Process Corner
  Requirement:            0.000ns  (bclk_out fall@40.690ns - mmcm2_clkout0 fall@40.690ns)
  Data Path Delay:        1.864ns  (logic 1.436ns (77.010%)  route 0.429ns (22.990%))
  Logic Levels:           1  (OBUF=1)
  Output Delay:           8.100ns
  Clock Path Skew:        1.872ns (DCD - SCD - CPR)
    Destination Clock Delay (DCD):    3.845ns = ( 44.535 - 40.690 ) 
    Source Clock Delay      (SCD):    1.492ns = ( 42.182 - 40.690 ) 
    Clock Pessimism Removal (CPR):    0.481ns

    Location             Delay type                Incr(ns)  Path(ns)    Netlist Resource(s)
  -------------------------------------------------------------------    -------------------
                         (clock mmcm2_clkout0 fall edge)
                                                     40.690    40.690 f  
    L16                                               0.000    40.690 f  clk_pi (IN)
                         net (fo=0)                   0.000    40.690    clk_pi
    L16                  IBUF (Prop_ibuf_I_O)         0.259    40.949 f  clk_pi_IBUF_inst/O
                         net (fo=1, routed)           0.627    41.576    u_clk_rst/u_clk_gen/clk_pi
    BUFGCTRL_X0Y17       BUFG (Prop_bufg_I_O)         0.026    41.602 f  u_clk_rst/u_clk_gen/u_bufg_clk_in/O
                         net (fo=1, routed)           0.542    42.144    u_clk_rst/u_clk_gen/clk_in_bufg
    MMCME2_ADV_X0Y1      MMCME2_ADV (Prop_mmcme2_adv_CLKIN1_CLKOUT0)
                                                     -1.050    41.094 f  u_clk_rst/u_clk_gen/u_mmcm1/CLKOUT0
                         net (fo=1, routed)           0.482    41.576    u_clk_rst/u_clk_gen/mmcm1_clkout0
    BUFGCTRL_X0Y16       BUFG (Prop_bufg_I_O)         0.026    41.602 f  u_clk_rst/u_clk_gen/u_bufg_clk_sys/O
                         net (fo=633, routed)         0.548    42.150    u_clk_rst/u_clk_gen/clk_sys_po
    MMCME2_ADV_X0Y0      MMCME2_ADV (Prop_mmcme2_adv_CLKIN1_CLKOUT0)
                                                     -1.053    41.096 f  u_clk_rst/u_clk_gen/u_mmcm2/CLKOUT0
                         net (fo=1, routed)           0.482    41.578    u_clk_rst/u_clk_gen/mmcm2_clkout0
    BUFGCTRL_X0Y0        BUFG (Prop_bufg_I_O)         0.026    41.604 f  u_clk_rst/u_clk_gen/u_bufg_ac_mclk/O
                         net (fo=109, routed)         0.578    42.182    u_ap_codec_if/u_ac_i2s_if/ac_mclk_po
    SLICE_X37Y77         FDSE                                         r  u_ap_codec_if/u_ac_i2s_if/lrc_regb_reg/C  (IS_INVERTED)
  -------------------------------------------------------------------    -------------------
    SLICE_X37Y77         FDSE (Prop_fdse_C_Q)         0.146    42.328 r  u_ap_codec_if/u_ac_i2s_if/lrc_regb_reg/Q
                         net (fo=1, routed)           0.429    42.757    ac_reclrc_po_OBUF
    M18                  OBUF (Prop_obuf_I_O)         1.290    44.046 r  ac_reclrc_po_OBUF_inst/O
                         net (fo=0)                   0.000    44.046    ac_reclrc_po
    M18                                                               r  ac_reclrc_po (OUT)
  -------------------------------------------------------------------    -------------------

                         (clock bclk_out fall edge)
                                                     40.690    40.690 f  
    L16                                               0.000    40.690 f  clk_pi (IN)
                         net (fo=0)                   0.000    40.690    clk_pi
    L16                  IBUF (Prop_ibuf_I_O)         0.447    41.137 f  clk_pi_IBUF_inst/O
                         net (fo=1, routed)           0.683    41.820    u_clk_rst/u_clk_gen/clk_pi
    BUFGCTRL_X0Y17       BUFG (Prop_bufg_I_O)         0.029    41.849 f  u_clk_rst/u_clk_gen/u_bufg_clk_in/O
                         net (fo=1, routed)           0.809    42.658    u_clk_rst/u_clk_gen/clk_in_bufg
    MMCME2_ADV_X0Y1      MMCME2_ADV (Prop_mmcme2_adv_CLKIN1_CLKOUT0)
                                                     -1.366    41.292 f  u_clk_rst/u_clk_gen/u_mmcm1/CLKOUT0
                         net (fo=1, routed)           0.528    41.820    u_clk_rst/u_clk_gen/mmcm1_clkout0
    BUFGCTRL_X0Y16       BUFG (Prop_bufg_I_O)         0.029    41.849 f  u_clk_rst/u_clk_gen/u_bufg_clk_sys/O
                         net (fo=633, routed)         0.814    42.663    u_clk_rst/u_clk_gen/clk_sys_po
    MMCME2_ADV_X0Y0      MMCME2_ADV (Prop_mmcme2_adv_CLKIN1_CLKOUT0)
                                                     -1.369    41.294 f  u_clk_rst/u_clk_gen/u_mmcm2/CLKOUT0
                         net (fo=1, routed)           0.528    41.822    u_clk_rst/u_clk_gen/mmcm2_clkout0
    BUFGCTRL_X0Y0        BUFG (Prop_bufg_I_O)         0.029    41.851 f  u_clk_rst/u_clk_gen/u_bufg_ac_mclk/O
                         net (fo=109, routed)         1.239    43.090    ac_bclk_po_OBUF
    K18                  OBUF (Prop_obuf_I_O)         1.445    44.535 f  ac_bclk_po_OBUF_inst/O
                         net (fo=0)                   0.000    44.535    ac_bclk_po
    K18                                                               f  ac_bclk_po (OUT)
                         clock pessimism             -0.481    44.053    
                         output delay                -8.100    35.953    
  -------------------------------------------------------------------
                         required time                        -35.953    
                         arrival time                          44.046    
  -------------------------------------------------------------------
                         slack                                  8.093    

Slack (MET) :             8.508ns  (arrival time - required time)
  Source:                 u_ap_codec_if/u_ac_i2s_if/dac_shft_regb_reg[15]/C
                            (falling edge-triggered cell FDRE clocked by mmcm2_clkout0  {rise@0.000ns fall@40.690ns period=81.380ns})
  Destination:            ac_pbdat_po
                            (output port clocked by bclk_out  {rise@0.000ns fall@40.690ns period=81.380ns})
  Path Group:             bclk_out
  Path Type:              Min at Fast Process Corner
  Requirement:            0.000ns  (bclk_out fall@40.690ns - mmcm2_clkout0 fall@40.690ns)
  Data Path Delay:        2.305ns  (logic 1.442ns (62.563%)  route 0.863ns (37.437%))
  Logic Levels:           1  (OBUF=1)
  Output Delay:           8.100ns
  Clock Path Skew:        1.897ns (DCD - SCD - CPR)
    Destination Clock Delay (DCD):    3.845ns = ( 44.535 - 40.690 ) 
    Source Clock Delay      (SCD):    1.467ns = ( 42.157 - 40.690 ) 
    Clock Pessimism Removal (CPR):    0.481ns

    Location             Delay type                Incr(ns)  Path(ns)    Netlist Resource(s)
  -------------------------------------------------------------------    -------------------
                         (clock mmcm2_clkout0 fall edge)
                                                     40.690    40.690 f  
    L16                                               0.000    40.690 f  clk_pi (IN)
                         net (fo=0)                   0.000    40.690    clk_pi
    L16                  IBUF (Prop_ibuf_I_O)         0.259    40.949 f  clk_pi_IBUF_inst/O
                         net (fo=1, routed)           0.627    41.576    u_clk_rst/u_clk_gen/clk_pi
    BUFGCTRL_X0Y17       BUFG (Prop_bufg_I_O)         0.026    41.602 f  u_clk_rst/u_clk_gen/u_bufg_clk_in/O
                         net (fo=1, routed)           0.542    42.144    u_clk_rst/u_clk_gen/clk_in_bufg
    MMCME2_ADV_X0Y1      MMCME2_ADV (Prop_mmcme2_adv_CLKIN1_CLKOUT0)
                                                     -1.050    41.094 f  u_clk_rst/u_clk_gen/u_mmcm1/CLKOUT0
                         net (fo=1, routed)           0.482    41.576    u_clk_rst/u_clk_gen/mmcm1_clkout0
    BUFGCTRL_X0Y16       BUFG (Prop_bufg_I_O)         0.026    41.602 f  u_clk_rst/u_clk_gen/u_bufg_clk_sys/O
                         net (fo=633, routed)         0.548    42.150    u_clk_rst/u_clk_gen/clk_sys_po
    MMCME2_ADV_X0Y0      MMCME2_ADV (Prop_mmcme2_adv_CLKIN1_CLKOUT0)
                                                     -1.053    41.096 f  u_clk_rst/u_clk_gen/u_mmcm2/CLKOUT0
                         net (fo=1, routed)           0.482    41.578    u_clk_rst/u_clk_gen/mmcm2_clkout0
    BUFGCTRL_X0Y0        BUFG (Prop_bufg_I_O)         0.026    41.604 f  u_clk_rst/u_clk_gen/u_bufg_ac_mclk/O
                         net (fo=109, routed)         0.553    42.157    u_ap_codec_if/u_ac_i2s_if/ac_mclk_po
    SLICE_X26Y69         FDRE                                         r  u_ap_codec_if/u_ac_i2s_if/dac_shft_regb_reg[15]/C  (IS_INVERTED)
  -------------------------------------------------------------------    -------------------
    SLICE_X26Y69         FDRE (Prop_fdre_C_Q)         0.146    42.303 r  u_ap_codec_if/u_ac_i2s_if/dac_shft_regb_reg[15]/Q
                         net (fo=1, routed)           0.863    43.166    ac_pbdat_po_OBUF
    M17                  OBUF (Prop_obuf_I_O)         1.296    44.462 r  ac_pbdat_po_OBUF_inst/O
                         net (fo=0)                   0.000    44.462    ac_pbdat_po
    M17                                                               r  ac_pbdat_po (OUT)
  -------------------------------------------------------------------    -------------------

                         (clock bclk_out fall edge)
                                                     40.690    40.690 f  
    L16                                               0.000    40.690 f  clk_pi (IN)
                         net (fo=0)                   0.000    40.690    clk_pi
    L16                  IBUF (Prop_ibuf_I_O)         0.447    41.137 f  clk_pi_IBUF_inst/O
                         net (fo=1, routed)           0.683    41.820    u_clk_rst/u_clk_gen/clk_pi
    BUFGCTRL_X0Y17       BUFG (Prop_bufg_I_O)         0.029    41.849 f  u_clk_rst/u_clk_gen/u_bufg_clk_in/O
                         net (fo=1, routed)           0.809    42.658    u_clk_rst/u_clk_gen/clk_in_bufg
    MMCME2_ADV_X0Y1      MMCME2_ADV (Prop_mmcme2_adv_CLKIN1_CLKOUT0)
                                                     -1.366    41.292 f  u_clk_rst/u_clk_gen/u_mmcm1/CLKOUT0
                         net (fo=1, routed)           0.528    41.820    u_clk_rst/u_clk_gen/mmcm1_clkout0
    BUFGCTRL_X0Y16       BUFG (Prop_bufg_I_O)         0.029    41.849 f  u_clk_rst/u_clk_gen/u_bufg_clk_sys/O
                         net (fo=633, routed)         0.814    42.663    u_clk_rst/u_clk_gen/clk_sys_po
    MMCME2_ADV_X0Y0      MMCME2_ADV (Prop_mmcme2_adv_CLKIN1_CLKOUT0)
                                                     -1.369    41.294 f  u_clk_rst/u_clk_gen/u_mmcm2/CLKOUT0
                         net (fo=1, routed)           0.528    41.822    u_clk_rst/u_clk_gen/mmcm2_clkout0
    BUFGCTRL_X0Y0        BUFG (Prop_bufg_I_O)         0.029    41.851 f  u_clk_rst/u_clk_gen/u_bufg_ac_mclk/O
                         net (fo=109, routed)         1.239    43.090    ac_bclk_po_OBUF
    K18                  OBUF (Prop_obuf_I_O)         1.445    44.535 f  ac_bclk_po_OBUF_inst/O
                         net (fo=0)                   0.000    44.535    ac_bclk_po
    K18                                                               f  ac_bclk_po (OUT)
                         clock pessimism             -0.481    44.053    
                         output delay                -8.100    35.953    
  -------------------------------------------------------------------
                         required time                        -35.953    
                         arrival time                          44.462    
  -------------------------------------------------------------------
                         slack                                  8.508    





---------------------------------------------------------------------------------------------------
Path Group:  **async_default**
From Clock:  mmcm1_clkout0
  To Clock:  mmcm1_clkout0

Setup :            0  Failing Endpoints,  Worst Slack        3.492ns,  Total Violation        0.000ns
Hold  :            0  Failing Endpoints,  Worst Slack        0.414ns,  Total Violation        0.000ns
---------------------------------------------------------------------------------------------------


Max Delay Paths
--------------------------------------------------------------------------------------
Slack (MET) :             3.492ns  (required time - arrival time)
  Source:                 u_clk_rst/u_rst_gen/rst_sys_po_reg/C
                            (rising edge-triggered cell FDPE clocked by mmcm1_clkout0  {rise@0.000ns fall@5.000ns period=10.000ns})
  Destination:            u_ap_codec_if/u_ac_i2s_if/data_enb_regs_reg_rep__14/CLR
                            (recovery check against rising-edge clock mmcm1_clkout0  {rise@0.000ns fall@5.000ns period=10.000ns})
  Path Group:             **async_default**
  Path Type:              Recovery (Max at Slow Process Corner)
  Requirement:            10.000ns  (mmcm1_clkout0 rise@10.000ns - mmcm1_clkout0 rise@0.000ns)
  Data Path Delay:        5.879ns  (logic 0.456ns (7.756%)  route 5.423ns (92.244%))
  Logic Levels:           0  
  Clock Path Skew:        -0.066ns (DCD - SCD + CPR)
    Destination Clock Delay (DCD):    4.869ns = ( 14.869 - 10.000 ) 
    Source Clock Delay      (SCD):    5.326ns
    Clock Pessimism Removal (CPR):    0.391ns
  Clock Uncertainty:      0.158ns  ((TSJ^2 + DJ^2)^1/2) / 2 + PE
    Total System Jitter     (TSJ):    0.071ns
    Discrete Jitter          (DJ):    0.307ns
    Phase Error              (PE):    0.000ns

    Location             Delay type                Incr(ns)  Path(ns)    Netlist Resource(s)
  -------------------------------------------------------------------    -------------------
                         (clock mmcm1_clkout0 rise edge)
                                                      0.000     0.000 r  
    L16                                               0.000     0.000 r  clk_pi (IN)
                         net (fo=0)                   0.000     0.000    clk_pi
    L16                  IBUF (Prop_ibuf_I_O)         1.491     1.491 r  clk_pi_IBUF_inst/O
                         net (fo=1, routed)           2.076     3.567    u_clk_rst/u_clk_gen/clk_pi
    BUFGCTRL_X0Y17       BUFG (Prop_bufg_I_O)         0.101     3.668 r  u_clk_rst/u_clk_gen/u_bufg_clk_in/O
                         net (fo=1, routed)           1.663     5.331    u_clk_rst/u_clk_gen/clk_in_bufg
    MMCME2_ADV_X0Y1      MMCME2_ADV (Prop_mmcme2_adv_CLKIN1_CLKOUT0)
                                                     -3.524     1.807 r  u_clk_rst/u_clk_gen/u_mmcm1/CLKOUT0
                         net (fo=1, routed)           1.760     3.567    u_clk_rst/u_clk_gen/mmcm1_clkout0
    BUFGCTRL_X0Y16       BUFG (Prop_bufg_I_O)         0.101     3.668 r  u_clk_rst/u_clk_gen/u_bufg_clk_sys/O
                         net (fo=633, routed)         1.658     5.326    u_clk_rst/u_rst_gen/clk_sys_po
    SLICE_X26Y57         FDPE                                         r  u_clk_rst/u_rst_gen/rst_sys_po_reg/C
  -------------------------------------------------------------------    -------------------
    SLICE_X26Y57         FDPE (Prop_fdpe_C_Q)         0.456     5.782 f  u_clk_rst/u_rst_gen/rst_sys_po_reg/Q
                         net (fo=260, routed)         5.423    11.206    u_ap_codec_if/u_ac_i2s_if/rst_sys_po
    SLICE_X26Y82         FDCE                                         f  u_ap_codec_if/u_ac_i2s_if/data_enb_regs_reg_rep__14/CLR
  -------------------------------------------------------------------    -------------------

                         (clock mmcm1_clkout0 rise edge)
                                                     10.000    10.000 r  
    L16                                               0.000    10.000 r  clk_pi (IN)
                         net (fo=0)                   0.000    10.000    clk_pi
    L16                  IBUF (Prop_ibuf_I_O)         1.421    11.421 r  clk_pi_IBUF_inst/O
                         net (fo=1, routed)           1.880    13.301    u_clk_rst/u_clk_gen/clk_pi
    BUFGCTRL_X0Y17       BUFG (Prop_bufg_I_O)         0.091    13.392 r  u_clk_rst/u_clk_gen/u_bufg_clk_in/O
                         net (fo=1, routed)           1.474    14.865    u_clk_rst/u_clk_gen/clk_in_bufg
    MMCME2_ADV_X0Y1      MMCME2_ADV (Prop_mmcme2_adv_CLKIN1_CLKOUT0)
                                                     -3.164    11.702 r  u_clk_rst/u_clk_gen/u_mmcm1/CLKOUT0
                         net (fo=1, routed)           1.599    13.301    u_clk_rst/u_clk_gen/mmcm1_clkout0
    BUFGCTRL_X0Y16       BUFG (Prop_bufg_I_O)         0.091    13.392 r  u_clk_rst/u_clk_gen/u_bufg_clk_sys/O
                         net (fo=633, routed)         1.478    14.869    u_ap_codec_if/u_ac_i2s_if/clk_sys_po
    SLICE_X26Y82         FDCE                                         r  u_ap_codec_if/u_ac_i2s_if/data_enb_regs_reg_rep__14/C
                         clock pessimism              0.391    15.260    
                         clock uncertainty           -0.158    15.103    
    SLICE_X26Y82         FDCE (Recov_fdce_C_CLR)     -0.405    14.698    u_ap_codec_if/u_ac_i2s_if/data_enb_regs_reg_rep__14
  -------------------------------------------------------------------
                         required time                         14.698    
                         arrival time                         -11.206    
  -------------------------------------------------------------------
                         slack                                  3.492    

Slack (MET) :             3.851ns  (required time - arrival time)
  Source:                 u_clk_rst/u_rst_gen/rst_sys_po_reg/C
                            (rising edge-triggered cell FDPE clocked by mmcm1_clkout0  {rise@0.000ns fall@5.000ns period=10.000ns})
  Destination:            u_ap_codec_if/u_ac_i2s_if/data_enb_regs_reg_rep__19/CLR
                            (recovery check against rising-edge clock mmcm1_clkout0  {rise@0.000ns fall@5.000ns period=10.000ns})
  Path Group:             **async_default**
  Path Type:              Recovery (Max at Slow Process Corner)
  Requirement:            10.000ns  (mmcm1_clkout0 rise@10.000ns - mmcm1_clkout0 rise@0.000ns)
  Data Path Delay:        5.516ns  (logic 0.456ns (8.266%)  route 5.060ns (91.734%))
  Logic Levels:           0  
  Clock Path Skew:        -0.070ns (DCD - SCD + CPR)
    Destination Clock Delay (DCD):    4.865ns = ( 14.865 - 10.000 ) 
    Source Clock Delay      (SCD):    5.326ns
    Clock Pessimism Removal (CPR):    0.391ns
  Clock Uncertainty:      0.158ns  ((TSJ^2 + DJ^2)^1/2) / 2 + PE
    Total System Jitter     (TSJ):    0.071ns
    Discrete Jitter          (DJ):    0.307ns
    Phase Error              (PE):    0.000ns

    Location             Delay type                Incr(ns)  Path(ns)    Netlist Resource(s)
  -------------------------------------------------------------------    -------------------
                         (clock mmcm1_clkout0 rise edge)
                                                      0.000     0.000 r  
    L16                                               0.000     0.000 r  clk_pi (IN)
                         net (fo=0)                   0.000     0.000    clk_pi
    L16                  IBUF (Prop_ibuf_I_O)         1.491     1.491 r  clk_pi_IBUF_inst/O
                         net (fo=1, routed)           2.076     3.567    u_clk_rst/u_clk_gen/clk_pi
    BUFGCTRL_X0Y17       BUFG (Prop_bufg_I_O)         0.101     3.668 r  u_clk_rst/u_clk_gen/u_bufg_clk_in/O
                         net (fo=1, routed)           1.663     5.331    u_clk_rst/u_clk_gen/clk_in_bufg
    MMCME2_ADV_X0Y1      MMCME2_ADV (Prop_mmcme2_adv_CLKIN1_CLKOUT0)
                                                     -3.524     1.807 r  u_clk_rst/u_clk_gen/u_mmcm1/CLKOUT0
                         net (fo=1, routed)           1.760     3.567    u_clk_rst/u_clk_gen/mmcm1_clkout0
    BUFGCTRL_X0Y16       BUFG (Prop_bufg_I_O)         0.101     3.668 r  u_clk_rst/u_clk_gen/u_bufg_clk_sys/O
                         net (fo=633, routed)         1.658     5.326    u_clk_rst/u_rst_gen/clk_sys_po
    SLICE_X26Y57         FDPE                                         r  u_clk_rst/u_rst_gen/rst_sys_po_reg/C
  -------------------------------------------------------------------    -------------------
    SLICE_X26Y57         FDPE (Prop_fdpe_C_Q)         0.456     5.782 f  u_clk_rst/u_rst_gen/rst_sys_po_reg/Q
                         net (fo=260, routed)         5.060    10.843    u_ap_codec_if/u_ac_i2s_if/rst_sys_po
    SLICE_X25Y82         FDCE                                         f  u_ap_codec_if/u_ac_i2s_if/data_enb_regs_reg_rep__19/CLR
  -------------------------------------------------------------------    -------------------

                         (clock mmcm1_clkout0 rise edge)
                                                     10.000    10.000 r  
    L16                                               0.000    10.000 r  clk_pi (IN)
                         net (fo=0)                   0.000    10.000    clk_pi
    L16                  IBUF (Prop_ibuf_I_O)         1.421    11.421 r  clk_pi_IBUF_inst/O
                         net (fo=1, routed)           1.880    13.301    u_clk_rst/u_clk_gen/clk_pi
    BUFGCTRL_X0Y17       BUFG (Prop_bufg_I_O)         0.091    13.392 r  u_clk_rst/u_clk_gen/u_bufg_clk_in/O
                         net (fo=1, routed)           1.474    14.865    u_clk_rst/u_clk_gen/clk_in_bufg
    MMCME2_ADV_X0Y1      MMCME2_ADV (Prop_mmcme2_adv_CLKIN1_CLKOUT0)
                                                     -3.164    11.702 r  u_clk_rst/u_clk_gen/u_mmcm1/CLKOUT0
                         net (fo=1, routed)           1.599    13.301    u_clk_rst/u_clk_gen/mmcm1_clkout0
    BUFGCTRL_X0Y16       BUFG (Prop_bufg_I_O)         0.091    13.392 r  u_clk_rst/u_clk_gen/u_bufg_clk_sys/O
                         net (fo=633, routed)         1.474    14.865    u_ap_codec_if/u_ac_i2s_if/clk_sys_po
    SLICE_X25Y82         FDCE                                         r  u_ap_codec_if/u_ac_i2s_if/data_enb_regs_reg_rep__19/C
                         clock pessimism              0.391    15.256    
                         clock uncertainty           -0.158    15.099    
    SLICE_X25Y82         FDCE (Recov_fdce_C_CLR)     -0.405    14.694    u_ap_codec_if/u_ac_i2s_if/data_enb_regs_reg_rep__19
  -------------------------------------------------------------------
                         required time                         14.694    
                         arrival time                         -10.843    
  -------------------------------------------------------------------
                         slack                                  3.851    

Slack (MET) :             4.049ns  (required time - arrival time)
  Source:                 u_clk_rst/u_rst_gen/rst_sys_po_reg/C
                            (rising edge-triggered cell FDPE clocked by mmcm1_clkout0  {rise@0.000ns fall@5.000ns period=10.000ns})
  Destination:            u_ap_codec_if/u_ac_i2s_if/data_enb_regs_reg_rep__18/CLR
                            (recovery check against rising-edge clock mmcm1_clkout0  {rise@0.000ns fall@5.000ns period=10.000ns})
  Path Group:             **async_default**
  Path Type:              Recovery (Max at Slow Process Corner)
  Requirement:            10.000ns  (mmcm1_clkout0 rise@10.000ns - mmcm1_clkout0 rise@0.000ns)
  Data Path Delay:        5.229ns  (logic 0.456ns (8.721%)  route 4.773ns (91.279%))
  Logic Levels:           0  
  Clock Path Skew:        -0.159ns (DCD - SCD + CPR)
    Destination Clock Delay (DCD):    4.876ns = ( 14.876 - 10.000 ) 
    Source Clock Delay      (SCD):    5.326ns
    Clock Pessimism Removal (CPR):    0.291ns
  Clock Uncertainty:      0.158ns  ((TSJ^2 + DJ^2)^1/2) / 2 + PE
    Total System Jitter     (TSJ):    0.071ns
    Discrete Jitter          (DJ):    0.307ns
    Phase Error              (PE):    0.000ns

    Location             Delay type                Incr(ns)  Path(ns)    Netlist Resource(s)
  -------------------------------------------------------------------    -------------------
                         (clock mmcm1_clkout0 rise edge)
                                                      0.000     0.000 r  
    L16                                               0.000     0.000 r  clk_pi (IN)
                         net (fo=0)                   0.000     0.000    clk_pi
    L16                  IBUF (Prop_ibuf_I_O)         1.491     1.491 r  clk_pi_IBUF_inst/O
                         net (fo=1, routed)           2.076     3.567    u_clk_rst/u_clk_gen/clk_pi
    BUFGCTRL_X0Y17       BUFG (Prop_bufg_I_O)         0.101     3.668 r  u_clk_rst/u_clk_gen/u_bufg_clk_in/O
                         net (fo=1, routed)           1.663     5.331    u_clk_rst/u_clk_gen/clk_in_bufg
    MMCME2_ADV_X0Y1      MMCME2_ADV (Prop_mmcme2_adv_CLKIN1_CLKOUT0)
                                                     -3.524     1.807 r  u_clk_rst/u_clk_gen/u_mmcm1/CLKOUT0
                         net (fo=1, routed)           1.760     3.567    u_clk_rst/u_clk_gen/mmcm1_clkout0
    BUFGCTRL_X0Y16       BUFG (Prop_bufg_I_O)         0.101     3.668 r  u_clk_rst/u_clk_gen/u_bufg_clk_sys/O
                         net (fo=633, routed)         1.658     5.326    u_clk_rst/u_rst_gen/clk_sys_po
    SLICE_X26Y57         FDPE                                         r  u_clk_rst/u_rst_gen/rst_sys_po_reg/C
  -------------------------------------------------------------------    -------------------
    SLICE_X26Y57         FDPE (Prop_fdpe_C_Q)         0.456     5.782 f  u_clk_rst/u_rst_gen/rst_sys_po_reg/Q
                         net (fo=260, routed)         4.773    10.555    u_ap_codec_if/u_ac_i2s_if/rst_sys_po
    SLICE_X7Y82          FDCE                                         f  u_ap_codec_if/u_ac_i2s_if/data_enb_regs_reg_rep__18/CLR
  -------------------------------------------------------------------    -------------------

                         (clock mmcm1_clkout0 rise edge)
                                                     10.000    10.000 r  
    L16                                               0.000    10.000 r  clk_pi (IN)
                         net (fo=0)                   0.000    10.000    clk_pi
    L16                  IBUF (Prop_ibuf_I_O)         1.421    11.421 r  clk_pi_IBUF_inst/O
                         net (fo=1, routed)           1.880    13.301    u_clk_rst/u_clk_gen/clk_pi
    BUFGCTRL_X0Y17       BUFG (Prop_bufg_I_O)         0.091    13.392 r  u_clk_rst/u_clk_gen/u_bufg_clk_in/O
                         net (fo=1, routed)           1.474    14.865    u_clk_rst/u_clk_gen/clk_in_bufg
    MMCME2_ADV_X0Y1      MMCME2_ADV (Prop_mmcme2_adv_CLKIN1_CLKOUT0)
                                                     -3.164    11.702 r  u_clk_rst/u_clk_gen/u_mmcm1/CLKOUT0
                         net (fo=1, routed)           1.599    13.301    u_clk_rst/u_clk_gen/mmcm1_clkout0
    BUFGCTRL_X0Y16       BUFG (Prop_bufg_I_O)         0.091    13.392 r  u_clk_rst/u_clk_gen/u_bufg_clk_sys/O
                         net (fo=633, routed)         1.485    14.876    u_ap_codec_if/u_ac_i2s_if/clk_sys_po
    SLICE_X7Y82          FDCE                                         r  u_ap_codec_if/u_ac_i2s_if/data_enb_regs_reg_rep__18/C
                         clock pessimism              0.291    15.167    
                         clock uncertainty           -0.158    15.009    
    SLICE_X7Y82          FDCE (Recov_fdce_C_CLR)     -0.405    14.604    u_ap_codec_if/u_ac_i2s_if/data_enb_regs_reg_rep__18
  -------------------------------------------------------------------
                         required time                         14.604    
                         arrival time                         -10.555    
  -------------------------------------------------------------------
                         slack                                  4.049    

Slack (MET) :             4.106ns  (required time - arrival time)
  Source:                 u_clk_rst/u_rst_gen/rst_sys_po_reg/C
                            (rising edge-triggered cell FDPE clocked by mmcm1_clkout0  {rise@0.000ns fall@5.000ns period=10.000ns})
  Destination:            u_ap_user_top/adc_l_smpl_reg_reg[1]/CLR
                            (recovery check against rising-edge clock mmcm1_clkout0  {rise@0.000ns fall@5.000ns period=10.000ns})
  Path Group:             **async_default**
  Path Type:              Recovery (Max at Slow Process Corner)
  Requirement:            10.000ns  (mmcm1_clkout0 rise@10.000ns - mmcm1_clkout0 rise@0.000ns)
  Data Path Delay:        5.255ns  (logic 0.456ns (8.677%)  route 4.799ns (91.323%))
  Logic Levels:           0  
  Clock Path Skew:        -0.076ns (DCD - SCD + CPR)
    Destination Clock Delay (DCD):    4.859ns = ( 14.859 - 10.000 ) 
    Source Clock Delay      (SCD):    5.326ns
    Clock Pessimism Removal (CPR):    0.391ns
  Clock Uncertainty:      0.158ns  ((TSJ^2 + DJ^2)^1/2) / 2 + PE
    Total System Jitter     (TSJ):    0.071ns
    Discrete Jitter          (DJ):    0.307ns
    Phase Error              (PE):    0.000ns

    Location             Delay type                Incr(ns)  Path(ns)    Netlist Resource(s)
  -------------------------------------------------------------------    -------------------
                         (clock mmcm1_clkout0 rise edge)
                                                      0.000     0.000 r  
    L16                                               0.000     0.000 r  clk_pi (IN)
                         net (fo=0)                   0.000     0.000    clk_pi
    L16                  IBUF (Prop_ibuf_I_O)         1.491     1.491 r  clk_pi_IBUF_inst/O
                         net (fo=1, routed)           2.076     3.567    u_clk_rst/u_clk_gen/clk_pi
    BUFGCTRL_X0Y17       BUFG (Prop_bufg_I_O)         0.101     3.668 r  u_clk_rst/u_clk_gen/u_bufg_clk_in/O
                         net (fo=1, routed)           1.663     5.331    u_clk_rst/u_clk_gen/clk_in_bufg
    MMCME2_ADV_X0Y1      MMCME2_ADV (Prop_mmcme2_adv_CLKIN1_CLKOUT0)
                                                     -3.524     1.807 r  u_clk_rst/u_clk_gen/u_mmcm1/CLKOUT0
                         net (fo=1, routed)           1.760     3.567    u_clk_rst/u_clk_gen/mmcm1_clkout0
    BUFGCTRL_X0Y16       BUFG (Prop_bufg_I_O)         0.101     3.668 r  u_clk_rst/u_clk_gen/u_bufg_clk_sys/O
                         net (fo=633, routed)         1.658     5.326    u_clk_rst/u_rst_gen/clk_sys_po
    SLICE_X26Y57         FDPE                                         r  u_clk_rst/u_rst_gen/rst_sys_po_reg/C
  -------------------------------------------------------------------    -------------------
    SLICE_X26Y57         FDPE (Prop_fdpe_C_Q)         0.456     5.782 f  u_clk_rst/u_rst_gen/rst_sys_po_reg/Q
                         net (fo=260, routed)         4.799    10.582    u_ap_user_top/rst_sys_po
    SLICE_X23Y77         FDCE                                         f  u_ap_user_top/adc_l_smpl_reg_reg[1]/CLR
  -------------------------------------------------------------------    -------------------

                         (clock mmcm1_clkout0 rise edge)
                                                     10.000    10.000 r  
    L16                                               0.000    10.000 r  clk_pi (IN)
                         net (fo=0)                   0.000    10.000    clk_pi
    L16                  IBUF (Prop_ibuf_I_O)         1.421    11.421 r  clk_pi_IBUF_inst/O
                         net (fo=1, routed)           1.880    13.301    u_clk_rst/u_clk_gen/clk_pi
    BUFGCTRL_X0Y17       BUFG (Prop_bufg_I_O)         0.091    13.392 r  u_clk_rst/u_clk_gen/u_bufg_clk_in/O
                         net (fo=1, routed)           1.474    14.865    u_clk_rst/u_clk_gen/clk_in_bufg
    MMCME2_ADV_X0Y1      MMCME2_ADV (Prop_mmcme2_adv_CLKIN1_CLKOUT0)
                                                     -3.164    11.702 r  u_clk_rst/u_clk_gen/u_mmcm1/CLKOUT0
                         net (fo=1, routed)           1.599    13.301    u_clk_rst/u_clk_gen/mmcm1_clkout0
    BUFGCTRL_X0Y16       BUFG (Prop_bufg_I_O)         0.091    13.392 r  u_clk_rst/u_clk_gen/u_bufg_clk_sys/O
                         net (fo=633, routed)         1.468    14.859    u_ap_user_top/clk_sys_po
    SLICE_X23Y77         FDCE                                         r  u_ap_user_top/adc_l_smpl_reg_reg[1]/C
                         clock pessimism              0.391    15.250    
                         clock uncertainty           -0.158    15.093    
    SLICE_X23Y77         FDCE (Recov_fdce_C_CLR)     -0.405    14.688    u_ap_user_top/adc_l_smpl_reg_reg[1]
  -------------------------------------------------------------------
                         required time                         14.688    
                         arrival time                         -10.582    
  -------------------------------------------------------------------
                         slack                                  4.106    

Slack (MET) :             4.246ns  (required time - arrival time)
  Source:                 u_clk_rst/u_rst_gen/rst_sys_po_reg/C
                            (rising edge-triggered cell FDPE clocked by mmcm1_clkout0  {rise@0.000ns fall@5.000ns period=10.000ns})
  Destination:            u_ap_user_top/adc_l_smpl_reg_reg[11]/CLR
                            (recovery check against rising-edge clock mmcm1_clkout0  {rise@0.000ns fall@5.000ns period=10.000ns})
  Path Group:             **async_default**
  Path Type:              Recovery (Max at Slow Process Corner)
  Requirement:            10.000ns  (mmcm1_clkout0 rise@10.000ns - mmcm1_clkout0 rise@0.000ns)
  Data Path Delay:        5.118ns  (logic 0.456ns (8.910%)  route 4.662ns (91.090%))
  Logic Levels:           0  
  Clock Path Skew:        -0.073ns (DCD - SCD + CPR)
    Destination Clock Delay (DCD):    4.862ns = ( 14.862 - 10.000 ) 
    Source Clock Delay      (SCD):    5.326ns
    Clock Pessimism Removal (CPR):    0.391ns
  Clock Uncertainty:      0.158ns  ((TSJ^2 + DJ^2)^1/2) / 2 + PE
    Total System Jitter     (TSJ):    0.071ns
    Discrete Jitter          (DJ):    0.307ns
    Phase Error              (PE):    0.000ns

    Location             Delay type                Incr(ns)  Path(ns)    Netlist Resource(s)
  -------------------------------------------------------------------    -------------------
                         (clock mmcm1_clkout0 rise edge)
                                                      0.000     0.000 r  
    L16                                               0.000     0.000 r  clk_pi (IN)
                         net (fo=0)                   0.000     0.000    clk_pi
    L16                  IBUF (Prop_ibuf_I_O)         1.491     1.491 r  clk_pi_IBUF_inst/O
                         net (fo=1, routed)           2.076     3.567    u_clk_rst/u_clk_gen/clk_pi
    BUFGCTRL_X0Y17       BUFG (Prop_bufg_I_O)         0.101     3.668 r  u_clk_rst/u_clk_gen/u_bufg_clk_in/O
                         net (fo=1, routed)           1.663     5.331    u_clk_rst/u_clk_gen/clk_in_bufg
    MMCME2_ADV_X0Y1      MMCME2_ADV (Prop_mmcme2_adv_CLKIN1_CLKOUT0)
                                                     -3.524     1.807 r  u_clk_rst/u_clk_gen/u_mmcm1/CLKOUT0
                         net (fo=1, routed)           1.760     3.567    u_clk_rst/u_clk_gen/mmcm1_clkout0
    BUFGCTRL_X0Y16       BUFG (Prop_bufg_I_O)         0.101     3.668 r  u_clk_rst/u_clk_gen/u_bufg_clk_sys/O
                         net (fo=633, routed)         1.658     5.326    u_clk_rst/u_rst_gen/clk_sys_po
    SLICE_X26Y57         FDPE                                         r  u_clk_rst/u_rst_gen/rst_sys_po_reg/C
  -------------------------------------------------------------------    -------------------
    SLICE_X26Y57         FDPE (Prop_fdpe_C_Q)         0.456     5.782 f  u_clk_rst/u_rst_gen/rst_sys_po_reg/Q
                         net (fo=260, routed)         4.662    10.444    u_ap_user_top/rst_sys_po
    SLICE_X22Y79         FDCE                                         f  u_ap_user_top/adc_l_smpl_reg_reg[11]/CLR
  -------------------------------------------------------------------    -------------------

                         (clock mmcm1_clkout0 rise edge)
                                                     10.000    10.000 r  
    L16                                               0.000    10.000 r  clk_pi (IN)
                         net (fo=0)                   0.000    10.000    clk_pi
    L16                  IBUF (Prop_ibuf_I_O)         1.421    11.421 r  clk_pi_IBUF_inst/O
                         net (fo=1, routed)           1.880    13.301    u_clk_rst/u_clk_gen/clk_pi
    BUFGCTRL_X0Y17       BUFG (Prop_bufg_I_O)         0.091    13.392 r  u_clk_rst/u_clk_gen/u_bufg_clk_in/O
                         net (fo=1, routed)           1.474    14.865    u_clk_rst/u_clk_gen/clk_in_bufg
    MMCME2_ADV_X0Y1      MMCME2_ADV (Prop_mmcme2_adv_CLKIN1_CLKOUT0)
                                                     -3.164    11.702 r  u_clk_rst/u_clk_gen/u_mmcm1/CLKOUT0
                         net (fo=1, routed)           1.599    13.301    u_clk_rst/u_clk_gen/mmcm1_clkout0
    BUFGCTRL_X0Y16       BUFG (Prop_bufg_I_O)         0.091    13.392 r  u_clk_rst/u_clk_gen/u_bufg_clk_sys/O
                         net (fo=633, routed)         1.471    14.862    u_ap_user_top/clk_sys_po
    SLICE_X22Y79         FDCE                                         r  u_ap_user_top/adc_l_smpl_reg_reg[11]/C
                         clock pessimism              0.391    15.253    
                         clock uncertainty           -0.158    15.096    
    SLICE_X22Y79         FDCE (Recov_fdce_C_CLR)     -0.405    14.691    u_ap_user_top/adc_l_smpl_reg_reg[11]
  -------------------------------------------------------------------
                         required time                         14.691    
                         arrival time                         -10.444    
  -------------------------------------------------------------------
                         slack                                  4.246    

Slack (MET) :             4.246ns  (required time - arrival time)
  Source:                 u_clk_rst/u_rst_gen/rst_sys_po_reg/C
                            (rising edge-triggered cell FDPE clocked by mmcm1_clkout0  {rise@0.000ns fall@5.000ns period=10.000ns})
  Destination:            u_ap_user_top/adc_l_smpl_reg_reg[12]/CLR
                            (recovery check against rising-edge clock mmcm1_clkout0  {rise@0.000ns fall@5.000ns period=10.000ns})
  Path Group:             **async_default**
  Path Type:              Recovery (Max at Slow Process Corner)
  Requirement:            10.000ns  (mmcm1_clkout0 rise@10.000ns - mmcm1_clkout0 rise@0.000ns)
  Data Path Delay:        5.118ns  (logic 0.456ns (8.910%)  route 4.662ns (91.090%))
  Logic Levels:           0  
  Clock Path Skew:        -0.073ns (DCD - SCD + CPR)
    Destination Clock Delay (DCD):    4.862ns = ( 14.862 - 10.000 ) 
    Source Clock Delay      (SCD):    5.326ns
    Clock Pessimism Removal (CPR):    0.391ns
  Clock Uncertainty:      0.158ns  ((TSJ^2 + DJ^2)^1/2) / 2 + PE
    Total System Jitter     (TSJ):    0.071ns
    Discrete Jitter          (DJ):    0.307ns
    Phase Error              (PE):    0.000ns

    Location             Delay type                Incr(ns)  Path(ns)    Netlist Resource(s)
  -------------------------------------------------------------------    -------------------
                         (clock mmcm1_clkout0 rise edge)
                                                      0.000     0.000 r  
    L16                                               0.000     0.000 r  clk_pi (IN)
                         net (fo=0)                   0.000     0.000    clk_pi
    L16                  IBUF (Prop_ibuf_I_O)         1.491     1.491 r  clk_pi_IBUF_inst/O
                         net (fo=1, routed)           2.076     3.567    u_clk_rst/u_clk_gen/clk_pi
    BUFGCTRL_X0Y17       BUFG (Prop_bufg_I_O)         0.101     3.668 r  u_clk_rst/u_clk_gen/u_bufg_clk_in/O
                         net (fo=1, routed)           1.663     5.331    u_clk_rst/u_clk_gen/clk_in_bufg
    MMCME2_ADV_X0Y1      MMCME2_ADV (Prop_mmcme2_adv_CLKIN1_CLKOUT0)
                                                     -3.524     1.807 r  u_clk_rst/u_clk_gen/u_mmcm1/CLKOUT0
                         net (fo=1, routed)           1.760     3.567    u_clk_rst/u_clk_gen/mmcm1_clkout0
    BUFGCTRL_X0Y16       BUFG (Prop_bufg_I_O)         0.101     3.668 r  u_clk_rst/u_clk_gen/u_bufg_clk_sys/O
                         net (fo=633, routed)         1.658     5.326    u_clk_rst/u_rst_gen/clk_sys_po
    SLICE_X26Y57         FDPE                                         r  u_clk_rst/u_rst_gen/rst_sys_po_reg/C
  -------------------------------------------------------------------    -------------------
    SLICE_X26Y57         FDPE (Prop_fdpe_C_Q)         0.456     5.782 f  u_clk_rst/u_rst_gen/rst_sys_po_reg/Q
                         net (fo=260, routed)         4.662    10.444    u_ap_user_top/rst_sys_po
    SLICE_X22Y79         FDCE                                         f  u_ap_user_top/adc_l_smpl_reg_reg[12]/CLR
  -------------------------------------------------------------------    -------------------

                         (clock mmcm1_clkout0 rise edge)
                                                     10.000    10.000 r  
    L16                                               0.000    10.000 r  clk_pi (IN)
                         net (fo=0)                   0.000    10.000    clk_pi
    L16                  IBUF (Prop_ibuf_I_O)         1.421    11.421 r  clk_pi_IBUF_inst/O
                         net (fo=1, routed)           1.880    13.301    u_clk_rst/u_clk_gen/clk_pi
    BUFGCTRL_X0Y17       BUFG (Prop_bufg_I_O)         0.091    13.392 r  u_clk_rst/u_clk_gen/u_bufg_clk_in/O
                         net (fo=1, routed)           1.474    14.865    u_clk_rst/u_clk_gen/clk_in_bufg
    MMCME2_ADV_X0Y1      MMCME2_ADV (Prop_mmcme2_adv_CLKIN1_CLKOUT0)
                                                     -3.164    11.702 r  u_clk_rst/u_clk_gen/u_mmcm1/CLKOUT0
                         net (fo=1, routed)           1.599    13.301    u_clk_rst/u_clk_gen/mmcm1_clkout0
    BUFGCTRL_X0Y16       BUFG (Prop_bufg_I_O)         0.091    13.392 r  u_clk_rst/u_clk_gen/u_bufg_clk_sys/O
                         net (fo=633, routed)         1.471    14.862    u_ap_user_top/clk_sys_po
    SLICE_X22Y79         FDCE                                         r  u_ap_user_top/adc_l_smpl_reg_reg[12]/C
                         clock pessimism              0.391    15.253    
                         clock uncertainty           -0.158    15.096    
    SLICE_X22Y79         FDCE (Recov_fdce_C_CLR)     -0.405    14.691    u_ap_user_top/adc_l_smpl_reg_reg[12]
  -------------------------------------------------------------------
                         required time                         14.691    
                         arrival time                         -10.444    
  -------------------------------------------------------------------
                         slack                                  4.246    

Slack (MET) :             4.246ns  (required time - arrival time)
  Source:                 u_clk_rst/u_rst_gen/rst_sys_po_reg/C
                            (rising edge-triggered cell FDPE clocked by mmcm1_clkout0  {rise@0.000ns fall@5.000ns period=10.000ns})
  Destination:            u_ap_user_top/adc_l_smpl_reg_reg[9]/CLR
                            (recovery check against rising-edge clock mmcm1_clkout0  {rise@0.000ns fall@5.000ns period=10.000ns})
  Path Group:             **async_default**
  Path Type:              Recovery (Max at Slow Process Corner)
  Requirement:            10.000ns  (mmcm1_clkout0 rise@10.000ns - mmcm1_clkout0 rise@0.000ns)
  Data Path Delay:        5.118ns  (logic 0.456ns (8.910%)  route 4.662ns (91.090%))
  Logic Levels:           0  
  Clock Path Skew:        -0.073ns (DCD - SCD + CPR)
    Destination Clock Delay (DCD):    4.862ns = ( 14.862 - 10.000 ) 
    Source Clock Delay      (SCD):    5.326ns
    Clock Pessimism Removal (CPR):    0.391ns
  Clock Uncertainty:      0.158ns  ((TSJ^2 + DJ^2)^1/2) / 2 + PE
    Total System Jitter     (TSJ):    0.071ns
    Discrete Jitter          (DJ):    0.307ns
    Phase Error              (PE):    0.000ns

    Location             Delay type                Incr(ns)  Path(ns)    Netlist Resource(s)
  -------------------------------------------------------------------    -------------------
                         (clock mmcm1_clkout0 rise edge)
                                                      0.000     0.000 r  
    L16                                               0.000     0.000 r  clk_pi (IN)
                         net (fo=0)                   0.000     0.000    clk_pi
    L16                  IBUF (Prop_ibuf_I_O)         1.491     1.491 r  clk_pi_IBUF_inst/O
                         net (fo=1, routed)           2.076     3.567    u_clk_rst/u_clk_gen/clk_pi
    BUFGCTRL_X0Y17       BUFG (Prop_bufg_I_O)         0.101     3.668 r  u_clk_rst/u_clk_gen/u_bufg_clk_in/O
                         net (fo=1, routed)           1.663     5.331    u_clk_rst/u_clk_gen/clk_in_bufg
    MMCME2_ADV_X0Y1      MMCME2_ADV (Prop_mmcme2_adv_CLKIN1_CLKOUT0)
                                                     -3.524     1.807 r  u_clk_rst/u_clk_gen/u_mmcm1/CLKOUT0
                         net (fo=1, routed)           1.760     3.567    u_clk_rst/u_clk_gen/mmcm1_clkout0
    BUFGCTRL_X0Y16       BUFG (Prop_bufg_I_O)         0.101     3.668 r  u_clk_rst/u_clk_gen/u_bufg_clk_sys/O
                         net (fo=633, routed)         1.658     5.326    u_clk_rst/u_rst_gen/clk_sys_po
    SLICE_X26Y57         FDPE                                         r  u_clk_rst/u_rst_gen/rst_sys_po_reg/C
  -------------------------------------------------------------------    -------------------
    SLICE_X26Y57         FDPE (Prop_fdpe_C_Q)         0.456     5.782 f  u_clk_rst/u_rst_gen/rst_sys_po_reg/Q
                         net (fo=260, routed)         4.662    10.444    u_ap_user_top/rst_sys_po
    SLICE_X22Y79         FDCE                                         f  u_ap_user_top/adc_l_smpl_reg_reg[9]/CLR
  -------------------------------------------------------------------    -------------------

                         (clock mmcm1_clkout0 rise edge)
                                                     10.000    10.000 r  
    L16                                               0.000    10.000 r  clk_pi (IN)
                         net (fo=0)                   0.000    10.000    clk_pi
    L16                  IBUF (Prop_ibuf_I_O)         1.421    11.421 r  clk_pi_IBUF_inst/O
                         net (fo=1, routed)           1.880    13.301    u_clk_rst/u_clk_gen/clk_pi
    BUFGCTRL_X0Y17       BUFG (Prop_bufg_I_O)         0.091    13.392 r  u_clk_rst/u_clk_gen/u_bufg_clk_in/O
                         net (fo=1, routed)           1.474    14.865    u_clk_rst/u_clk_gen/clk_in_bufg
    MMCME2_ADV_X0Y1      MMCME2_ADV (Prop_mmcme2_adv_CLKIN1_CLKOUT0)
                                                     -3.164    11.702 r  u_clk_rst/u_clk_gen/u_mmcm1/CLKOUT0
                         net (fo=1, routed)           1.599    13.301    u_clk_rst/u_clk_gen/mmcm1_clkout0
    BUFGCTRL_X0Y16       BUFG (Prop_bufg_I_O)         0.091    13.392 r  u_clk_rst/u_clk_gen/u_bufg_clk_sys/O
                         net (fo=633, routed)         1.471    14.862    u_ap_user_top/clk_sys_po
    SLICE_X22Y79         FDCE                                         r  u_ap_user_top/adc_l_smpl_reg_reg[9]/C
                         clock pessimism              0.391    15.253    
                         clock uncertainty           -0.158    15.096    
    SLICE_X22Y79         FDCE (Recov_fdce_C_CLR)     -0.405    14.691    u_ap_user_top/adc_l_smpl_reg_reg[9]
  -------------------------------------------------------------------
                         required time                         14.691    
                         arrival time                         -10.444    
  -------------------------------------------------------------------
                         slack                                  4.246    

Slack (MET) :             4.251ns  (required time - arrival time)
  Source:                 u_clk_rst/u_rst_gen/rst_sys_po_reg/C
                            (rising edge-triggered cell FDPE clocked by mmcm1_clkout0  {rise@0.000ns fall@5.000ns period=10.000ns})
  Destination:            u_ap_user_top/adc_l_smpl_reg_reg[10]/CLR
                            (recovery check against rising-edge clock mmcm1_clkout0  {rise@0.000ns fall@5.000ns period=10.000ns})
  Path Group:             **async_default**
  Path Type:              Recovery (Max at Slow Process Corner)
  Requirement:            10.000ns  (mmcm1_clkout0 rise@10.000ns - mmcm1_clkout0 rise@0.000ns)
  Data Path Delay:        5.113ns  (logic 0.456ns (8.918%)  route 4.657ns (91.082%))
  Logic Levels:           0  
  Clock Path Skew:        -0.073ns (DCD - SCD + CPR)
    Destination Clock Delay (DCD):    4.862ns = ( 14.862 - 10.000 ) 
    Source Clock Delay      (SCD):    5.326ns
    Clock Pessimism Removal (CPR):    0.391ns
  Clock Uncertainty:      0.158ns  ((TSJ^2 + DJ^2)^1/2) / 2 + PE
    Total System Jitter     (TSJ):    0.071ns
    Discrete Jitter          (DJ):    0.307ns
    Phase Error              (PE):    0.000ns

    Location             Delay type                Incr(ns)  Path(ns)    Netlist Resource(s)
  -------------------------------------------------------------------    -------------------
                         (clock mmcm1_clkout0 rise edge)
                                                      0.000     0.000 r  
    L16                                               0.000     0.000 r  clk_pi (IN)
                         net (fo=0)                   0.000     0.000    clk_pi
    L16                  IBUF (Prop_ibuf_I_O)         1.491     1.491 r  clk_pi_IBUF_inst/O
                         net (fo=1, routed)           2.076     3.567    u_clk_rst/u_clk_gen/clk_pi
    BUFGCTRL_X0Y17       BUFG (Prop_bufg_I_O)         0.101     3.668 r  u_clk_rst/u_clk_gen/u_bufg_clk_in/O
                         net (fo=1, routed)           1.663     5.331    u_clk_rst/u_clk_gen/clk_in_bufg
    MMCME2_ADV_X0Y1      MMCME2_ADV (Prop_mmcme2_adv_CLKIN1_CLKOUT0)
                                                     -3.524     1.807 r  u_clk_rst/u_clk_gen/u_mmcm1/CLKOUT0
                         net (fo=1, routed)           1.760     3.567    u_clk_rst/u_clk_gen/mmcm1_clkout0
    BUFGCTRL_X0Y16       BUFG (Prop_bufg_I_O)         0.101     3.668 r  u_clk_rst/u_clk_gen/u_bufg_clk_sys/O
                         net (fo=633, routed)         1.658     5.326    u_clk_rst/u_rst_gen/clk_sys_po
    SLICE_X26Y57         FDPE                                         r  u_clk_rst/u_rst_gen/rst_sys_po_reg/C
  -------------------------------------------------------------------    -------------------
    SLICE_X26Y57         FDPE (Prop_fdpe_C_Q)         0.456     5.782 f  u_clk_rst/u_rst_gen/rst_sys_po_reg/Q
                         net (fo=260, routed)         4.657    10.440    u_ap_user_top/rst_sys_po
    SLICE_X23Y79         FDCE                                         f  u_ap_user_top/adc_l_smpl_reg_reg[10]/CLR
  -------------------------------------------------------------------    -------------------

                         (clock mmcm1_clkout0 rise edge)
                                                     10.000    10.000 r  
    L16                                               0.000    10.000 r  clk_pi (IN)
                         net (fo=0)                   0.000    10.000    clk_pi
    L16                  IBUF (Prop_ibuf_I_O)         1.421    11.421 r  clk_pi_IBUF_inst/O
                         net (fo=1, routed)           1.880    13.301    u_clk_rst/u_clk_gen/clk_pi
    BUFGCTRL_X0Y17       BUFG (Prop_bufg_I_O)         0.091    13.392 r  u_clk_rst/u_clk_gen/u_bufg_clk_in/O
                         net (fo=1, routed)           1.474    14.865    u_clk_rst/u_clk_gen/clk_in_bufg
    MMCME2_ADV_X0Y1      MMCME2_ADV (Prop_mmcme2_adv_CLKIN1_CLKOUT0)
                                                     -3.164    11.702 r  u_clk_rst/u_clk_gen/u_mmcm1/CLKOUT0
                         net (fo=1, routed)           1.599    13.301    u_clk_rst/u_clk_gen/mmcm1_clkout0
    BUFGCTRL_X0Y16       BUFG (Prop_bufg_I_O)         0.091    13.392 r  u_clk_rst/u_clk_gen/u_bufg_clk_sys/O
                         net (fo=633, routed)         1.471    14.862    u_ap_user_top/clk_sys_po
    SLICE_X23Y79         FDCE                                         r  u_ap_user_top/adc_l_smpl_reg_reg[10]/C
                         clock pessimism              0.391    15.253    
                         clock uncertainty           -0.158    15.096    
    SLICE_X23Y79         FDCE (Recov_fdce_C_CLR)     -0.405    14.691    u_ap_user_top/adc_l_smpl_reg_reg[10]
  -------------------------------------------------------------------
                         required time                         14.691    
                         arrival time                         -10.440    
  -------------------------------------------------------------------
                         slack                                  4.251    

Slack (MET) :             4.251ns  (required time - arrival time)
  Source:                 u_clk_rst/u_rst_gen/rst_sys_po_reg/C
                            (rising edge-triggered cell FDPE clocked by mmcm1_clkout0  {rise@0.000ns fall@5.000ns period=10.000ns})
  Destination:            u_ap_user_top/adc_l_smpl_reg_reg[13]/CLR
                            (recovery check against rising-edge clock mmcm1_clkout0  {rise@0.000ns fall@5.000ns period=10.000ns})
  Path Group:             **async_default**
  Path Type:              Recovery (Max at Slow Process Corner)
  Requirement:            10.000ns  (mmcm1_clkout0 rise@10.000ns - mmcm1_clkout0 rise@0.000ns)
  Data Path Delay:        5.113ns  (logic 0.456ns (8.918%)  route 4.657ns (91.082%))
  Logic Levels:           0  
  Clock Path Skew:        -0.073ns (DCD - SCD + CPR)
    Destination Clock Delay (DCD):    4.862ns = ( 14.862 - 10.000 ) 
    Source Clock Delay      (SCD):    5.326ns
    Clock Pessimism Removal (CPR):    0.391ns
  Clock Uncertainty:      0.158ns  ((TSJ^2 + DJ^2)^1/2) / 2 + PE
    Total System Jitter     (TSJ):    0.071ns
    Discrete Jitter          (DJ):    0.307ns
    Phase Error              (PE):    0.000ns

    Location             Delay type                Incr(ns)  Path(ns)    Netlist Resource(s)
  -------------------------------------------------------------------    -------------------
                         (clock mmcm1_clkout0 rise edge)
                                                      0.000     0.000 r  
    L16                                               0.000     0.000 r  clk_pi (IN)
                         net (fo=0)                   0.000     0.000    clk_pi
    L16                  IBUF (Prop_ibuf_I_O)         1.491     1.491 r  clk_pi_IBUF_inst/O
                         net (fo=1, routed)           2.076     3.567    u_clk_rst/u_clk_gen/clk_pi
    BUFGCTRL_X0Y17       BUFG (Prop_bufg_I_O)         0.101     3.668 r  u_clk_rst/u_clk_gen/u_bufg_clk_in/O
                         net (fo=1, routed)           1.663     5.331    u_clk_rst/u_clk_gen/clk_in_bufg
    MMCME2_ADV_X0Y1      MMCME2_ADV (Prop_mmcme2_adv_CLKIN1_CLKOUT0)
                                                     -3.524     1.807 r  u_clk_rst/u_clk_gen/u_mmcm1/CLKOUT0
                         net (fo=1, routed)           1.760     3.567    u_clk_rst/u_clk_gen/mmcm1_clkout0
    BUFGCTRL_X0Y16       BUFG (Prop_bufg_I_O)         0.101     3.668 r  u_clk_rst/u_clk_gen/u_bufg_clk_sys/O
                         net (fo=633, routed)         1.658     5.326    u_clk_rst/u_rst_gen/clk_sys_po
    SLICE_X26Y57         FDPE                                         r  u_clk_rst/u_rst_gen/rst_sys_po_reg/C
  -------------------------------------------------------------------    -------------------
    SLICE_X26Y57         FDPE (Prop_fdpe_C_Q)         0.456     5.782 f  u_clk_rst/u_rst_gen/rst_sys_po_reg/Q
                         net (fo=260, routed)         4.657    10.440    u_ap_user_top/rst_sys_po
    SLICE_X23Y79         FDCE                                         f  u_ap_user_top/adc_l_smpl_reg_reg[13]/CLR
  -------------------------------------------------------------------    -------------------

                         (clock mmcm1_clkout0 rise edge)
                                                     10.000    10.000 r  
    L16                                               0.000    10.000 r  clk_pi (IN)
                         net (fo=0)                   0.000    10.000    clk_pi
    L16                  IBUF (Prop_ibuf_I_O)         1.421    11.421 r  clk_pi_IBUF_inst/O
                         net (fo=1, routed)           1.880    13.301    u_clk_rst/u_clk_gen/clk_pi
    BUFGCTRL_X0Y17       BUFG (Prop_bufg_I_O)         0.091    13.392 r  u_clk_rst/u_clk_gen/u_bufg_clk_in/O
                         net (fo=1, routed)           1.474    14.865    u_clk_rst/u_clk_gen/clk_in_bufg
    MMCME2_ADV_X0Y1      MMCME2_ADV (Prop_mmcme2_adv_CLKIN1_CLKOUT0)
                                                     -3.164    11.702 r  u_clk_rst/u_clk_gen/u_mmcm1/CLKOUT0
                         net (fo=1, routed)           1.599    13.301    u_clk_rst/u_clk_gen/mmcm1_clkout0
    BUFGCTRL_X0Y16       BUFG (Prop_bufg_I_O)         0.091    13.392 r  u_clk_rst/u_clk_gen/u_bufg_clk_sys/O
                         net (fo=633, routed)         1.471    14.862    u_ap_user_top/clk_sys_po
    SLICE_X23Y79         FDCE                                         r  u_ap_user_top/adc_l_smpl_reg_reg[13]/C
                         clock pessimism              0.391    15.253    
                         clock uncertainty           -0.158    15.096    
    SLICE_X23Y79         FDCE (Recov_fdce_C_CLR)     -0.405    14.691    u_ap_user_top/adc_l_smpl_reg_reg[13]
  -------------------------------------------------------------------
                         required time                         14.691    
                         arrival time                         -10.440    
  -------------------------------------------------------------------
                         slack                                  4.251    

Slack (MET) :             4.279ns  (required time - arrival time)
  Source:                 u_clk_rst/u_rst_gen/rst_sys_po_reg/C
                            (rising edge-triggered cell FDPE clocked by mmcm1_clkout0  {rise@0.000ns fall@5.000ns period=10.000ns})
  Destination:            u_ap_user_top/adc_l_smpl_reg_reg[2]/CLR
                            (recovery check against rising-edge clock mmcm1_clkout0  {rise@0.000ns fall@5.000ns period=10.000ns})
  Path Group:             **async_default**
  Path Type:              Recovery (Max at Slow Process Corner)
  Requirement:            10.000ns  (mmcm1_clkout0 rise@10.000ns - mmcm1_clkout0 rise@0.000ns)
  Data Path Delay:        5.084ns  (logic 0.456ns (8.969%)  route 4.628ns (91.031%))
  Logic Levels:           0  
  Clock Path Skew:        -0.074ns (DCD - SCD + CPR)
    Destination Clock Delay (DCD):    4.861ns = ( 14.861 - 10.000 ) 
    Source Clock Delay      (SCD):    5.326ns
    Clock Pessimism Removal (CPR):    0.391ns
  Clock Uncertainty:      0.158ns  ((TSJ^2 + DJ^2)^1/2) / 2 + PE
    Total System Jitter     (TSJ):    0.071ns
    Discrete Jitter          (DJ):    0.307ns
    Phase Error              (PE):    0.000ns

    Location             Delay type                Incr(ns)  Path(ns)    Netlist Resource(s)
  -------------------------------------------------------------------    -------------------
                         (clock mmcm1_clkout0 rise edge)
                                                      0.000     0.000 r  
    L16                                               0.000     0.000 r  clk_pi (IN)
                         net (fo=0)                   0.000     0.000    clk_pi
    L16                  IBUF (Prop_ibuf_I_O)         1.491     1.491 r  clk_pi_IBUF_inst/O
                         net (fo=1, routed)           2.076     3.567    u_clk_rst/u_clk_gen/clk_pi
    BUFGCTRL_X0Y17       BUFG (Prop_bufg_I_O)         0.101     3.668 r  u_clk_rst/u_clk_gen/u_bufg_clk_in/O
                         net (fo=1, routed)           1.663     5.331    u_clk_rst/u_clk_gen/clk_in_bufg
    MMCME2_ADV_X0Y1      MMCME2_ADV (Prop_mmcme2_adv_CLKIN1_CLKOUT0)
                                                     -3.524     1.807 r  u_clk_rst/u_clk_gen/u_mmcm1/CLKOUT0
                         net (fo=1, routed)           1.760     3.567    u_clk_rst/u_clk_gen/mmcm1_clkout0
    BUFGCTRL_X0Y16       BUFG (Prop_bufg_I_O)         0.101     3.668 r  u_clk_rst/u_clk_gen/u_bufg_clk_sys/O
                         net (fo=633, routed)         1.658     5.326    u_clk_rst/u_rst_gen/clk_sys_po
    SLICE_X26Y57         FDPE                                         r  u_clk_rst/u_rst_gen/rst_sys_po_reg/C
  -------------------------------------------------------------------    -------------------
    SLICE_X26Y57         FDPE (Prop_fdpe_C_Q)         0.456     5.782 f  u_clk_rst/u_rst_gen/rst_sys_po_reg/Q
                         net (fo=260, routed)         4.628    10.411    u_ap_user_top/rst_sys_po
    SLICE_X25Y78         FDCE                                         f  u_ap_user_top/adc_l_smpl_reg_reg[2]/CLR
  -------------------------------------------------------------------    -------------------

                         (clock mmcm1_clkout0 rise edge)
                                                     10.000    10.000 r  
    L16                                               0.000    10.000 r  clk_pi (IN)
                         net (fo=0)                   0.000    10.000    clk_pi
    L16                  IBUF (Prop_ibuf_I_O)         1.421    11.421 r  clk_pi_IBUF_inst/O
                         net (fo=1, routed)           1.880    13.301    u_clk_rst/u_clk_gen/clk_pi
    BUFGCTRL_X0Y17       BUFG (Prop_bufg_I_O)         0.091    13.392 r  u_clk_rst/u_clk_gen/u_bufg_clk_in/O
                         net (fo=1, routed)           1.474    14.865    u_clk_rst/u_clk_gen/clk_in_bufg
    MMCME2_ADV_X0Y1      MMCME2_ADV (Prop_mmcme2_adv_CLKIN1_CLKOUT0)
                                                     -3.164    11.702 r  u_clk_rst/u_clk_gen/u_mmcm1/CLKOUT0
                         net (fo=1, routed)           1.599    13.301    u_clk_rst/u_clk_gen/mmcm1_clkout0
    BUFGCTRL_X0Y16       BUFG (Prop_bufg_I_O)         0.091    13.392 r  u_clk_rst/u_clk_gen/u_bufg_clk_sys/O
                         net (fo=633, routed)         1.470    14.861    u_ap_user_top/clk_sys_po
    SLICE_X25Y78         FDCE                                         r  u_ap_user_top/adc_l_smpl_reg_reg[2]/C
                         clock pessimism              0.391    15.252    
                         clock uncertainty           -0.158    15.095    
    SLICE_X25Y78         FDCE (Recov_fdce_C_CLR)     -0.405    14.690    u_ap_user_top/adc_l_smpl_reg_reg[2]
  -------------------------------------------------------------------
                         required time                         14.690    
                         arrival time                         -10.411    
  -------------------------------------------------------------------
                         slack                                  4.279    





Min Delay Paths
--------------------------------------------------------------------------------------
Slack (MET) :             0.414ns  (arrival time - required time)
  Source:                 u_clk_rst/u_rst_gen/rst_ac_i2c_po_reg/C
                            (rising edge-triggered cell FDPE clocked by mmcm1_clkout0  {rise@0.000ns fall@5.000ns period=10.000ns})
  Destination:            u_ap_codec_if/u_ac_i2c_if/counter_q_reg[17]/CLR
                            (removal check against rising-edge clock mmcm1_clkout0  {rise@0.000ns fall@5.000ns period=10.000ns})
  Path Group:             **async_default**
  Path Type:              Removal (Min at Fast Process Corner)
  Requirement:            0.000ns  (mmcm1_clkout0 rise@0.000ns - mmcm1_clkout0 rise@0.000ns)
  Data Path Delay:        0.385ns  (logic 0.164ns (42.594%)  route 0.221ns (57.407%))
  Logic Levels:           0  
  Clock Path Skew:        0.038ns (DCD - SCD - CPR)
    Destination Clock Delay (DCD):    2.017ns
    Source Clock Delay      (SCD):    1.498ns
    Clock Pessimism Removal (CPR):    0.481ns

    Location             Delay type                Incr(ns)  Path(ns)    Netlist Resource(s)
  -------------------------------------------------------------------    -------------------
                         (clock mmcm1_clkout0 rise edge)
                                                      0.000     0.000 r  
    L16                                               0.000     0.000 r  clk_pi (IN)
                         net (fo=0)                   0.000     0.000    clk_pi
    L16                  IBUF (Prop_ibuf_I_O)         0.259     0.259 r  clk_pi_IBUF_inst/O
                         net (fo=1, routed)           0.627     0.886    u_clk_rst/u_clk_gen/clk_pi
    BUFGCTRL_X0Y17       BUFG (Prop_bufg_I_O)         0.026     0.912 r  u_clk_rst/u_clk_gen/u_bufg_clk_in/O
                         net (fo=1, routed)           0.542     1.454    u_clk_rst/u_clk_gen/clk_in_bufg
    MMCME2_ADV_X0Y1      MMCME2_ADV (Prop_mmcme2_adv_CLKIN1_CLKOUT0)
                                                     -1.050     0.404 r  u_clk_rst/u_clk_gen/u_mmcm1/CLKOUT0
                         net (fo=1, routed)           0.482     0.886    u_clk_rst/u_clk_gen/mmcm1_clkout0
    BUFGCTRL_X0Y16       BUFG (Prop_bufg_I_O)         0.026     0.912 r  u_clk_rst/u_clk_gen/u_bufg_clk_sys/O
                         net (fo=633, routed)         0.586     1.498    u_clk_rst/u_rst_gen/clk_sys_po
    SLICE_X38Y55         FDPE                                         r  u_clk_rst/u_rst_gen/rst_ac_i2c_po_reg/C
  -------------------------------------------------------------------    -------------------
    SLICE_X38Y55         FDPE (Prop_fdpe_C_Q)         0.164     1.662 f  u_clk_rst/u_rst_gen/rst_ac_i2c_po_reg/Q
                         net (fo=97, routed)          0.221     1.883    u_ap_codec_if/u_ac_i2c_if/rst_ac_i2c_po
    SLICE_X42Y55         FDCE                                         f  u_ap_codec_if/u_ac_i2c_if/counter_q_reg[17]/CLR
  -------------------------------------------------------------------    -------------------

                         (clock mmcm1_clkout0 rise edge)
                                                      0.000     0.000 r  
    L16                                               0.000     0.000 r  clk_pi (IN)
                         net (fo=0)                   0.000     0.000    clk_pi
    L16                  IBUF (Prop_ibuf_I_O)         0.447     0.447 r  clk_pi_IBUF_inst/O
                         net (fo=1, routed)           0.683     1.130    u_clk_rst/u_clk_gen/clk_pi
    BUFGCTRL_X0Y17       BUFG (Prop_bufg_I_O)         0.029     1.159 r  u_clk_rst/u_clk_gen/u_bufg_clk_in/O
                         net (fo=1, routed)           0.809     1.968    u_clk_rst/u_clk_gen/clk_in_bufg
    MMCME2_ADV_X0Y1      MMCME2_ADV (Prop_mmcme2_adv_CLKIN1_CLKOUT0)
                                                     -1.366     0.602 r  u_clk_rst/u_clk_gen/u_mmcm1/CLKOUT0
                         net (fo=1, routed)           0.528     1.130    u_clk_rst/u_clk_gen/mmcm1_clkout0
    BUFGCTRL_X0Y16       BUFG (Prop_bufg_I_O)         0.029     1.159 r  u_clk_rst/u_clk_gen/u_bufg_clk_sys/O
                         net (fo=633, routed)         0.858     2.017    u_ap_codec_if/u_ac_i2c_if/clk_sys_po
    SLICE_X42Y55         FDCE                                         r  u_ap_codec_if/u_ac_i2c_if/counter_q_reg[17]/C
                         clock pessimism             -0.481     1.536    
    SLICE_X42Y55         FDCE (Remov_fdce_C_CLR)     -0.067     1.469    u_ap_codec_if/u_ac_i2c_if/counter_q_reg[17]
  -------------------------------------------------------------------
                         required time                         -1.469    
                         arrival time                           1.883    
  -------------------------------------------------------------------
                         slack                                  0.414    

Slack (MET) :             0.414ns  (arrival time - required time)
  Source:                 u_clk_rst/u_rst_gen/rst_ac_i2c_po_reg/C
                            (rising edge-triggered cell FDPE clocked by mmcm1_clkout0  {rise@0.000ns fall@5.000ns period=10.000ns})
  Destination:            u_ap_codec_if/u_ac_i2c_if/counter_q_reg[18]/CLR
                            (removal check against rising-edge clock mmcm1_clkout0  {rise@0.000ns fall@5.000ns period=10.000ns})
  Path Group:             **async_default**
  Path Type:              Removal (Min at Fast Process Corner)
  Requirement:            0.000ns  (mmcm1_clkout0 rise@0.000ns - mmcm1_clkout0 rise@0.000ns)
  Data Path Delay:        0.385ns  (logic 0.164ns (42.594%)  route 0.221ns (57.407%))
  Logic Levels:           0  
  Clock Path Skew:        0.038ns (DCD - SCD - CPR)
    Destination Clock Delay (DCD):    2.017ns
    Source Clock Delay      (SCD):    1.498ns
    Clock Pessimism Removal (CPR):    0.481ns

    Location             Delay type                Incr(ns)  Path(ns)    Netlist Resource(s)
  -------------------------------------------------------------------    -------------------
                         (clock mmcm1_clkout0 rise edge)
                                                      0.000     0.000 r  
    L16                                               0.000     0.000 r  clk_pi (IN)
                         net (fo=0)                   0.000     0.000    clk_pi
    L16                  IBUF (Prop_ibuf_I_O)         0.259     0.259 r  clk_pi_IBUF_inst/O
                         net (fo=1, routed)           0.627     0.886    u_clk_rst/u_clk_gen/clk_pi
    BUFGCTRL_X0Y17       BUFG (Prop_bufg_I_O)         0.026     0.912 r  u_clk_rst/u_clk_gen/u_bufg_clk_in/O
                         net (fo=1, routed)           0.542     1.454    u_clk_rst/u_clk_gen/clk_in_bufg
    MMCME2_ADV_X0Y1      MMCME2_ADV (Prop_mmcme2_adv_CLKIN1_CLKOUT0)
                                                     -1.050     0.404 r  u_clk_rst/u_clk_gen/u_mmcm1/CLKOUT0
                         net (fo=1, routed)           0.482     0.886    u_clk_rst/u_clk_gen/mmcm1_clkout0
    BUFGCTRL_X0Y16       BUFG (Prop_bufg_I_O)         0.026     0.912 r  u_clk_rst/u_clk_gen/u_bufg_clk_sys/O
                         net (fo=633, routed)         0.586     1.498    u_clk_rst/u_rst_gen/clk_sys_po
    SLICE_X38Y55         FDPE                                         r  u_clk_rst/u_rst_gen/rst_ac_i2c_po_reg/C
  -------------------------------------------------------------------    -------------------
    SLICE_X38Y55         FDPE (Prop_fdpe_C_Q)         0.164     1.662 f  u_clk_rst/u_rst_gen/rst_ac_i2c_po_reg/Q
                         net (fo=97, routed)          0.221     1.883    u_ap_codec_if/u_ac_i2c_if/rst_ac_i2c_po
    SLICE_X42Y55         FDCE                                         f  u_ap_codec_if/u_ac_i2c_if/counter_q_reg[18]/CLR
  -------------------------------------------------------------------    -------------------

                         (clock mmcm1_clkout0 rise edge)
                                                      0.000     0.000 r  
    L16                                               0.000     0.000 r  clk_pi (IN)
                         net (fo=0)                   0.000     0.000    clk_pi
    L16                  IBUF (Prop_ibuf_I_O)         0.447     0.447 r  clk_pi_IBUF_inst/O
                         net (fo=1, routed)           0.683     1.130    u_clk_rst/u_clk_gen/clk_pi
    BUFGCTRL_X0Y17       BUFG (Prop_bufg_I_O)         0.029     1.159 r  u_clk_rst/u_clk_gen/u_bufg_clk_in/O
                         net (fo=1, routed)           0.809     1.968    u_clk_rst/u_clk_gen/clk_in_bufg
    MMCME2_ADV_X0Y1      MMCME2_ADV (Prop_mmcme2_adv_CLKIN1_CLKOUT0)
                                                     -1.366     0.602 r  u_clk_rst/u_clk_gen/u_mmcm1/CLKOUT0
                         net (fo=1, routed)           0.528     1.130    u_clk_rst/u_clk_gen/mmcm1_clkout0
    BUFGCTRL_X0Y16       BUFG (Prop_bufg_I_O)         0.029     1.159 r  u_clk_rst/u_clk_gen/u_bufg_clk_sys/O
                         net (fo=633, routed)         0.858     2.017    u_ap_codec_if/u_ac_i2c_if/clk_sys_po
    SLICE_X42Y55         FDCE                                         r  u_ap_codec_if/u_ac_i2c_if/counter_q_reg[18]/C
                         clock pessimism             -0.481     1.536    
    SLICE_X42Y55         FDCE (Remov_fdce_C_CLR)     -0.067     1.469    u_ap_codec_if/u_ac_i2c_if/counter_q_reg[18]
  -------------------------------------------------------------------
                         required time                         -1.469    
                         arrival time                           1.883    
  -------------------------------------------------------------------
                         slack                                  0.414    

Slack (MET) :             0.423ns  (arrival time - required time)
  Source:                 u_clk_rst/u_rst_gen/rst_ac_i2c_po_reg/C
                            (rising edge-triggered cell FDPE clocked by mmcm1_clkout0  {rise@0.000ns fall@5.000ns period=10.000ns})
  Destination:            u_ap_codec_if/u_ac_i2c_if/counter_q_reg[13]/CLR
                            (removal check against rising-edge clock mmcm1_clkout0  {rise@0.000ns fall@5.000ns period=10.000ns})
  Path Group:             **async_default**
  Path Type:              Removal (Min at Fast Process Corner)
  Requirement:            0.000ns  (mmcm1_clkout0 rise@0.000ns - mmcm1_clkout0 rise@0.000ns)
  Data Path Delay:        0.369ns  (logic 0.164ns (44.488%)  route 0.205ns (55.512%))
  Logic Levels:           0  
  Clock Path Skew:        0.038ns (DCD - SCD - CPR)
    Destination Clock Delay (DCD):    2.017ns
    Source Clock Delay      (SCD):    1.498ns
    Clock Pessimism Removal (CPR):    0.481ns

    Location             Delay type                Incr(ns)  Path(ns)    Netlist Resource(s)
  -------------------------------------------------------------------    -------------------
                         (clock mmcm1_clkout0 rise edge)
                                                      0.000     0.000 r  
    L16                                               0.000     0.000 r  clk_pi (IN)
                         net (fo=0)                   0.000     0.000    clk_pi
    L16                  IBUF (Prop_ibuf_I_O)         0.259     0.259 r  clk_pi_IBUF_inst/O
                         net (fo=1, routed)           0.627     0.886    u_clk_rst/u_clk_gen/clk_pi
    BUFGCTRL_X0Y17       BUFG (Prop_bufg_I_O)         0.026     0.912 r  u_clk_rst/u_clk_gen/u_bufg_clk_in/O
                         net (fo=1, routed)           0.542     1.454    u_clk_rst/u_clk_gen/clk_in_bufg
    MMCME2_ADV_X0Y1      MMCME2_ADV (Prop_mmcme2_adv_CLKIN1_CLKOUT0)
                                                     -1.050     0.404 r  u_clk_rst/u_clk_gen/u_mmcm1/CLKOUT0
                         net (fo=1, routed)           0.482     0.886    u_clk_rst/u_clk_gen/mmcm1_clkout0
    BUFGCTRL_X0Y16       BUFG (Prop_bufg_I_O)         0.026     0.912 r  u_clk_rst/u_clk_gen/u_bufg_clk_sys/O
                         net (fo=633, routed)         0.586     1.498    u_clk_rst/u_rst_gen/clk_sys_po
    SLICE_X38Y55         FDPE                                         r  u_clk_rst/u_rst_gen/rst_ac_i2c_po_reg/C
  -------------------------------------------------------------------    -------------------
    SLICE_X38Y55         FDPE (Prop_fdpe_C_Q)         0.164     1.662 f  u_clk_rst/u_rst_gen/rst_ac_i2c_po_reg/Q
                         net (fo=97, routed)          0.205     1.866    u_ap_codec_if/u_ac_i2c_if/rst_ac_i2c_po
    SLICE_X40Y54         FDCE                                         f  u_ap_codec_if/u_ac_i2c_if/counter_q_reg[13]/CLR
  -------------------------------------------------------------------    -------------------

                         (clock mmcm1_clkout0 rise edge)
                                                      0.000     0.000 r  
    L16                                               0.000     0.000 r  clk_pi (IN)
                         net (fo=0)                   0.000     0.000    clk_pi
    L16                  IBUF (Prop_ibuf_I_O)         0.447     0.447 r  clk_pi_IBUF_inst/O
                         net (fo=1, routed)           0.683     1.130    u_clk_rst/u_clk_gen/clk_pi
    BUFGCTRL_X0Y17       BUFG (Prop_bufg_I_O)         0.029     1.159 r  u_clk_rst/u_clk_gen/u_bufg_clk_in/O
                         net (fo=1, routed)           0.809     1.968    u_clk_rst/u_clk_gen/clk_in_bufg
    MMCME2_ADV_X0Y1      MMCME2_ADV (Prop_mmcme2_adv_CLKIN1_CLKOUT0)
                                                     -1.366     0.602 r  u_clk_rst/u_clk_gen/u_mmcm1/CLKOUT0
                         net (fo=1, routed)           0.528     1.130    u_clk_rst/u_clk_gen/mmcm1_clkout0
    BUFGCTRL_X0Y16       BUFG (Prop_bufg_I_O)         0.029     1.159 r  u_clk_rst/u_clk_gen/u_bufg_clk_sys/O
                         net (fo=633, routed)         0.858     2.017    u_ap_codec_if/u_ac_i2c_if/clk_sys_po
    SLICE_X40Y54         FDCE                                         r  u_ap_codec_if/u_ac_i2c_if/counter_q_reg[13]/C
                         clock pessimism             -0.481     1.536    
    SLICE_X40Y54         FDCE (Remov_fdce_C_CLR)     -0.092     1.444    u_ap_codec_if/u_ac_i2c_if/counter_q_reg[13]
  -------------------------------------------------------------------
                         required time                         -1.444    
                         arrival time                           1.866    
  -------------------------------------------------------------------
                         slack                                  0.423    

Slack (MET) :             0.423ns  (arrival time - required time)
  Source:                 u_clk_rst/u_rst_gen/rst_ac_i2c_po_reg/C
                            (rising edge-triggered cell FDPE clocked by mmcm1_clkout0  {rise@0.000ns fall@5.000ns period=10.000ns})
  Destination:            u_ap_codec_if/u_ac_i2c_if/counter_q_reg[14]/CLR
                            (removal check against rising-edge clock mmcm1_clkout0  {rise@0.000ns fall@5.000ns period=10.000ns})
  Path Group:             **async_default**
  Path Type:              Removal (Min at Fast Process Corner)
  Requirement:            0.000ns  (mmcm1_clkout0 rise@0.000ns - mmcm1_clkout0 rise@0.000ns)
  Data Path Delay:        0.369ns  (logic 0.164ns (44.488%)  route 0.205ns (55.512%))
  Logic Levels:           0  
  Clock Path Skew:        0.038ns (DCD - SCD - CPR)
    Destination Clock Delay (DCD):    2.017ns
    Source Clock Delay      (SCD):    1.498ns
    Clock Pessimism Removal (CPR):    0.481ns

    Location             Delay type                Incr(ns)  Path(ns)    Netlist Resource(s)
  -------------------------------------------------------------------    -------------------
                         (clock mmcm1_clkout0 rise edge)
                                                      0.000     0.000 r  
    L16                                               0.000     0.000 r  clk_pi (IN)
                         net (fo=0)                   0.000     0.000    clk_pi
    L16                  IBUF (Prop_ibuf_I_O)         0.259     0.259 r  clk_pi_IBUF_inst/O
                         net (fo=1, routed)           0.627     0.886    u_clk_rst/u_clk_gen/clk_pi
    BUFGCTRL_X0Y17       BUFG (Prop_bufg_I_O)         0.026     0.912 r  u_clk_rst/u_clk_gen/u_bufg_clk_in/O
                         net (fo=1, routed)           0.542     1.454    u_clk_rst/u_clk_gen/clk_in_bufg
    MMCME2_ADV_X0Y1      MMCME2_ADV (Prop_mmcme2_adv_CLKIN1_CLKOUT0)
                                                     -1.050     0.404 r  u_clk_rst/u_clk_gen/u_mmcm1/CLKOUT0
                         net (fo=1, routed)           0.482     0.886    u_clk_rst/u_clk_gen/mmcm1_clkout0
    BUFGCTRL_X0Y16       BUFG (Prop_bufg_I_O)         0.026     0.912 r  u_clk_rst/u_clk_gen/u_bufg_clk_sys/O
                         net (fo=633, routed)         0.586     1.498    u_clk_rst/u_rst_gen/clk_sys_po
    SLICE_X38Y55         FDPE                                         r  u_clk_rst/u_rst_gen/rst_ac_i2c_po_reg/C
  -------------------------------------------------------------------    -------------------
    SLICE_X38Y55         FDPE (Prop_fdpe_C_Q)         0.164     1.662 f  u_clk_rst/u_rst_gen/rst_ac_i2c_po_reg/Q
                         net (fo=97, routed)          0.205     1.866    u_ap_codec_if/u_ac_i2c_if/rst_ac_i2c_po
    SLICE_X40Y54         FDCE                                         f  u_ap_codec_if/u_ac_i2c_if/counter_q_reg[14]/CLR
  -------------------------------------------------------------------    -------------------

                         (clock mmcm1_clkout0 rise edge)
                                                      0.000     0.000 r  
    L16                                               0.000     0.000 r  clk_pi (IN)
                         net (fo=0)                   0.000     0.000    clk_pi
    L16                  IBUF (Prop_ibuf_I_O)         0.447     0.447 r  clk_pi_IBUF_inst/O
                         net (fo=1, routed)           0.683     1.130    u_clk_rst/u_clk_gen/clk_pi
    BUFGCTRL_X0Y17       BUFG (Prop_bufg_I_O)         0.029     1.159 r  u_clk_rst/u_clk_gen/u_bufg_clk_in/O
                         net (fo=1, routed)           0.809     1.968    u_clk_rst/u_clk_gen/clk_in_bufg
    MMCME2_ADV_X0Y1      MMCME2_ADV (Prop_mmcme2_adv_CLKIN1_CLKOUT0)
                                                     -1.366     0.602 r  u_clk_rst/u_clk_gen/u_mmcm1/CLKOUT0
                         net (fo=1, routed)           0.528     1.130    u_clk_rst/u_clk_gen/mmcm1_clkout0
    BUFGCTRL_X0Y16       BUFG (Prop_bufg_I_O)         0.029     1.159 r  u_clk_rst/u_clk_gen/u_bufg_clk_sys/O
                         net (fo=633, routed)         0.858     2.017    u_ap_codec_if/u_ac_i2c_if/clk_sys_po
    SLICE_X40Y54         FDCE                                         r  u_ap_codec_if/u_ac_i2c_if/counter_q_reg[14]/C
                         clock pessimism             -0.481     1.536    
    SLICE_X40Y54         FDCE (Remov_fdce_C_CLR)     -0.092     1.444    u_ap_codec_if/u_ac_i2c_if/counter_q_reg[14]
  -------------------------------------------------------------------
                         required time                         -1.444    
                         arrival time                           1.866    
  -------------------------------------------------------------------
                         slack                                  0.423    

Slack (MET) :             0.423ns  (arrival time - required time)
  Source:                 u_clk_rst/u_rst_gen/rst_ac_i2c_po_reg/C
                            (rising edge-triggered cell FDPE clocked by mmcm1_clkout0  {rise@0.000ns fall@5.000ns period=10.000ns})
  Destination:            u_ap_codec_if/u_ac_i2c_if/counter_q_reg[15]/CLR
                            (removal check against rising-edge clock mmcm1_clkout0  {rise@0.000ns fall@5.000ns period=10.000ns})
  Path Group:             **async_default**
  Path Type:              Removal (Min at Fast Process Corner)
  Requirement:            0.000ns  (mmcm1_clkout0 rise@0.000ns - mmcm1_clkout0 rise@0.000ns)
  Data Path Delay:        0.369ns  (logic 0.164ns (44.488%)  route 0.205ns (55.512%))
  Logic Levels:           0  
  Clock Path Skew:        0.038ns (DCD - SCD - CPR)
    Destination Clock Delay (DCD):    2.017ns
    Source Clock Delay      (SCD):    1.498ns
    Clock Pessimism Removal (CPR):    0.481ns

    Location             Delay type                Incr(ns)  Path(ns)    Netlist Resource(s)
  -------------------------------------------------------------------    -------------------
                         (clock mmcm1_clkout0 rise edge)
                                                      0.000     0.000 r  
    L16                                               0.000     0.000 r  clk_pi (IN)
                         net (fo=0)                   0.000     0.000    clk_pi
    L16                  IBUF (Prop_ibuf_I_O)         0.259     0.259 r  clk_pi_IBUF_inst/O
                         net (fo=1, routed)           0.627     0.886    u_clk_rst/u_clk_gen/clk_pi
    BUFGCTRL_X0Y17       BUFG (Prop_bufg_I_O)         0.026     0.912 r  u_clk_rst/u_clk_gen/u_bufg_clk_in/O
                         net (fo=1, routed)           0.542     1.454    u_clk_rst/u_clk_gen/clk_in_bufg
    MMCME2_ADV_X0Y1      MMCME2_ADV (Prop_mmcme2_adv_CLKIN1_CLKOUT0)
                                                     -1.050     0.404 r  u_clk_rst/u_clk_gen/u_mmcm1/CLKOUT0
                         net (fo=1, routed)           0.482     0.886    u_clk_rst/u_clk_gen/mmcm1_clkout0
    BUFGCTRL_X0Y16       BUFG (Prop_bufg_I_O)         0.026     0.912 r  u_clk_rst/u_clk_gen/u_bufg_clk_sys/O
                         net (fo=633, routed)         0.586     1.498    u_clk_rst/u_rst_gen/clk_sys_po
    SLICE_X38Y55         FDPE                                         r  u_clk_rst/u_rst_gen/rst_ac_i2c_po_reg/C
  -------------------------------------------------------------------    -------------------
    SLICE_X38Y55         FDPE (Prop_fdpe_C_Q)         0.164     1.662 f  u_clk_rst/u_rst_gen/rst_ac_i2c_po_reg/Q
                         net (fo=97, routed)          0.205     1.866    u_ap_codec_if/u_ac_i2c_if/rst_ac_i2c_po
    SLICE_X40Y54         FDCE                                         f  u_ap_codec_if/u_ac_i2c_if/counter_q_reg[15]/CLR
  -------------------------------------------------------------------    -------------------

                         (clock mmcm1_clkout0 rise edge)
                                                      0.000     0.000 r  
    L16                                               0.000     0.000 r  clk_pi (IN)
                         net (fo=0)                   0.000     0.000    clk_pi
    L16                  IBUF (Prop_ibuf_I_O)         0.447     0.447 r  clk_pi_IBUF_inst/O
                         net (fo=1, routed)           0.683     1.130    u_clk_rst/u_clk_gen/clk_pi
    BUFGCTRL_X0Y17       BUFG (Prop_bufg_I_O)         0.029     1.159 r  u_clk_rst/u_clk_gen/u_bufg_clk_in/O
                         net (fo=1, routed)           0.809     1.968    u_clk_rst/u_clk_gen/clk_in_bufg
    MMCME2_ADV_X0Y1      MMCME2_ADV (Prop_mmcme2_adv_CLKIN1_CLKOUT0)
                                                     -1.366     0.602 r  u_clk_rst/u_clk_gen/u_mmcm1/CLKOUT0
                         net (fo=1, routed)           0.528     1.130    u_clk_rst/u_clk_gen/mmcm1_clkout0
    BUFGCTRL_X0Y16       BUFG (Prop_bufg_I_O)         0.029     1.159 r  u_clk_rst/u_clk_gen/u_bufg_clk_sys/O
                         net (fo=633, routed)         0.858     2.017    u_ap_codec_if/u_ac_i2c_if/clk_sys_po
    SLICE_X40Y54         FDCE                                         r  u_ap_codec_if/u_ac_i2c_if/counter_q_reg[15]/C
                         clock pessimism             -0.481     1.536    
    SLICE_X40Y54         FDCE (Remov_fdce_C_CLR)     -0.092     1.444    u_ap_codec_if/u_ac_i2c_if/counter_q_reg[15]
  -------------------------------------------------------------------
                         required time                         -1.444    
                         arrival time                           1.866    
  -------------------------------------------------------------------
                         slack                                  0.423    

Slack (MET) :             0.423ns  (arrival time - required time)
  Source:                 u_clk_rst/u_rst_gen/rst_ac_i2c_po_reg/C
                            (rising edge-triggered cell FDPE clocked by mmcm1_clkout0  {rise@0.000ns fall@5.000ns period=10.000ns})
  Destination:            u_ap_codec_if/u_ac_i2c_if/counter_q_reg[16]/CLR
                            (removal check against rising-edge clock mmcm1_clkout0  {rise@0.000ns fall@5.000ns period=10.000ns})
  Path Group:             **async_default**
  Path Type:              Removal (Min at Fast Process Corner)
  Requirement:            0.000ns  (mmcm1_clkout0 rise@0.000ns - mmcm1_clkout0 rise@0.000ns)
  Data Path Delay:        0.369ns  (logic 0.164ns (44.488%)  route 0.205ns (55.512%))
  Logic Levels:           0  
  Clock Path Skew:        0.038ns (DCD - SCD - CPR)
    Destination Clock Delay (DCD):    2.017ns
    Source Clock Delay      (SCD):    1.498ns
    Clock Pessimism Removal (CPR):    0.481ns

    Location             Delay type                Incr(ns)  Path(ns)    Netlist Resource(s)
  -------------------------------------------------------------------    -------------------
                         (clock mmcm1_clkout0 rise edge)
                                                      0.000     0.000 r  
    L16                                               0.000     0.000 r  clk_pi (IN)
                         net (fo=0)                   0.000     0.000    clk_pi
    L16                  IBUF (Prop_ibuf_I_O)         0.259     0.259 r  clk_pi_IBUF_inst/O
                         net (fo=1, routed)           0.627     0.886    u_clk_rst/u_clk_gen/clk_pi
    BUFGCTRL_X0Y17       BUFG (Prop_bufg_I_O)         0.026     0.912 r  u_clk_rst/u_clk_gen/u_bufg_clk_in/O
                         net (fo=1, routed)           0.542     1.454    u_clk_rst/u_clk_gen/clk_in_bufg
    MMCME2_ADV_X0Y1      MMCME2_ADV (Prop_mmcme2_adv_CLKIN1_CLKOUT0)
                                                     -1.050     0.404 r  u_clk_rst/u_clk_gen/u_mmcm1/CLKOUT0
                         net (fo=1, routed)           0.482     0.886    u_clk_rst/u_clk_gen/mmcm1_clkout0
    BUFGCTRL_X0Y16       BUFG (Prop_bufg_I_O)         0.026     0.912 r  u_clk_rst/u_clk_gen/u_bufg_clk_sys/O
                         net (fo=633, routed)         0.586     1.498    u_clk_rst/u_rst_gen/clk_sys_po
    SLICE_X38Y55         FDPE                                         r  u_clk_rst/u_rst_gen/rst_ac_i2c_po_reg/C
  -------------------------------------------------------------------    -------------------
    SLICE_X38Y55         FDPE (Prop_fdpe_C_Q)         0.164     1.662 f  u_clk_rst/u_rst_gen/rst_ac_i2c_po_reg/Q
                         net (fo=97, routed)          0.205     1.866    u_ap_codec_if/u_ac_i2c_if/rst_ac_i2c_po
    SLICE_X40Y54         FDCE                                         f  u_ap_codec_if/u_ac_i2c_if/counter_q_reg[16]/CLR
  -------------------------------------------------------------------    -------------------

                         (clock mmcm1_clkout0 rise edge)
                                                      0.000     0.000 r  
    L16                                               0.000     0.000 r  clk_pi (IN)
                         net (fo=0)                   0.000     0.000    clk_pi
    L16                  IBUF (Prop_ibuf_I_O)         0.447     0.447 r  clk_pi_IBUF_inst/O
                         net (fo=1, routed)           0.683     1.130    u_clk_rst/u_clk_gen/clk_pi
    BUFGCTRL_X0Y17       BUFG (Prop_bufg_I_O)         0.029     1.159 r  u_clk_rst/u_clk_gen/u_bufg_clk_in/O
                         net (fo=1, routed)           0.809     1.968    u_clk_rst/u_clk_gen/clk_in_bufg
    MMCME2_ADV_X0Y1      MMCME2_ADV (Prop_mmcme2_adv_CLKIN1_CLKOUT0)
                                                     -1.366     0.602 r  u_clk_rst/u_clk_gen/u_mmcm1/CLKOUT0
                         net (fo=1, routed)           0.528     1.130    u_clk_rst/u_clk_gen/mmcm1_clkout0
    BUFGCTRL_X0Y16       BUFG (Prop_bufg_I_O)         0.029     1.159 r  u_clk_rst/u_clk_gen/u_bufg_clk_sys/O
                         net (fo=633, routed)         0.858     2.017    u_ap_codec_if/u_ac_i2c_if/clk_sys_po
    SLICE_X40Y54         FDCE                                         r  u_ap_codec_if/u_ac_i2c_if/counter_q_reg[16]/C
                         clock pessimism             -0.481     1.536    
    SLICE_X40Y54         FDCE (Remov_fdce_C_CLR)     -0.092     1.444    u_ap_codec_if/u_ac_i2c_if/counter_q_reg[16]
  -------------------------------------------------------------------
                         required time                         -1.444    
                         arrival time                           1.866    
  -------------------------------------------------------------------
                         slack                                  0.423    

Slack (MET) :             0.429ns  (arrival time - required time)
  Source:                 u_clk_rst/u_rst_gen/rst_sys_po_reg/C
                            (rising edge-triggered cell FDPE clocked by mmcm1_clkout0  {rise@0.000ns fall@5.000ns period=10.000ns})
  Destination:            u_ap_user_top/adc_r_smpl_reg_reg[3]/CLR
                            (removal check against rising-edge clock mmcm1_clkout0  {rise@0.000ns fall@5.000ns period=10.000ns})
  Path Group:             **async_default**
  Path Type:              Removal (Min at Fast Process Corner)
  Requirement:            0.000ns  (mmcm1_clkout0 rise@0.000ns - mmcm1_clkout0 rise@0.000ns)
  Data Path Delay:        0.350ns  (logic 0.141ns (40.299%)  route 0.209ns (59.701%))
  Logic Levels:           0  
  Clock Path Skew:        0.013ns (DCD - SCD - CPR)
    Destination Clock Delay (DCD):    1.986ns
    Source Clock Delay      (SCD):    1.470ns
    Clock Pessimism Removal (CPR):    0.503ns

    Location             Delay type                Incr(ns)  Path(ns)    Netlist Resource(s)
  -------------------------------------------------------------------    -------------------
                         (clock mmcm1_clkout0 rise edge)
                                                      0.000     0.000 r  
    L16                                               0.000     0.000 r  clk_pi (IN)
                         net (fo=0)                   0.000     0.000    clk_pi
    L16                  IBUF (Prop_ibuf_I_O)         0.259     0.259 r  clk_pi_IBUF_inst/O
                         net (fo=1, routed)           0.627     0.886    u_clk_rst/u_clk_gen/clk_pi
    BUFGCTRL_X0Y17       BUFG (Prop_bufg_I_O)         0.026     0.912 r  u_clk_rst/u_clk_gen/u_bufg_clk_in/O
                         net (fo=1, routed)           0.542     1.454    u_clk_rst/u_clk_gen/clk_in_bufg
    MMCME2_ADV_X0Y1      MMCME2_ADV (Prop_mmcme2_adv_CLKIN1_CLKOUT0)
                                                     -1.050     0.404 r  u_clk_rst/u_clk_gen/u_mmcm1/CLKOUT0
                         net (fo=1, routed)           0.482     0.886    u_clk_rst/u_clk_gen/mmcm1_clkout0
    BUFGCTRL_X0Y16       BUFG (Prop_bufg_I_O)         0.026     0.912 r  u_clk_rst/u_clk_gen/u_bufg_clk_sys/O
                         net (fo=633, routed)         0.558     1.470    u_clk_rst/u_rst_gen/clk_sys_po
    SLICE_X26Y57         FDPE                                         r  u_clk_rst/u_rst_gen/rst_sys_po_reg/C
  -------------------------------------------------------------------    -------------------
    SLICE_X26Y57         FDPE (Prop_fdpe_C_Q)         0.141     1.611 f  u_clk_rst/u_rst_gen/rst_sys_po_reg/Q
                         net (fo=260, routed)         0.209     1.820    u_ap_user_top/rst_sys_po
    SLICE_X27Y57         FDCE                                         f  u_ap_user_top/adc_r_smpl_reg_reg[3]/CLR
  -------------------------------------------------------------------    -------------------

                         (clock mmcm1_clkout0 rise edge)
                                                      0.000     0.000 r  
    L16                                               0.000     0.000 r  clk_pi (IN)
                         net (fo=0)                   0.000     0.000    clk_pi
    L16                  IBUF (Prop_ibuf_I_O)         0.447     0.447 r  clk_pi_IBUF_inst/O
                         net (fo=1, routed)           0.683     1.130    u_clk_rst/u_clk_gen/clk_pi
    BUFGCTRL_X0Y17       BUFG (Prop_bufg_I_O)         0.029     1.159 r  u_clk_rst/u_clk_gen/u_bufg_clk_in/O
                         net (fo=1, routed)           0.809     1.968    u_clk_rst/u_clk_gen/clk_in_bufg
    MMCME2_ADV_X0Y1      MMCME2_ADV (Prop_mmcme2_adv_CLKIN1_CLKOUT0)
                                                     -1.366     0.602 r  u_clk_rst/u_clk_gen/u_mmcm1/CLKOUT0
                         net (fo=1, routed)           0.528     1.130    u_clk_rst/u_clk_gen/mmcm1_clkout0
    BUFGCTRL_X0Y16       BUFG (Prop_bufg_I_O)         0.029     1.159 r  u_clk_rst/u_clk_gen/u_bufg_clk_sys/O
                         net (fo=633, routed)         0.827     1.986    u_ap_user_top/clk_sys_po
    SLICE_X27Y57         FDCE                                         r  u_ap_user_top/adc_r_smpl_reg_reg[3]/C
                         clock pessimism             -0.503     1.483    
    SLICE_X27Y57         FDCE (Remov_fdce_C_CLR)     -0.092     1.391    u_ap_user_top/adc_r_smpl_reg_reg[3]
  -------------------------------------------------------------------
                         required time                         -1.391    
                         arrival time                           1.820    
  -------------------------------------------------------------------
                         slack                                  0.429    

Slack (MET) :             0.449ns  (arrival time - required time)
  Source:                 u_clk_rst/u_rst_gen/rst_ac_i2c_po_reg/C
                            (rising edge-triggered cell FDPE clocked by mmcm1_clkout0  {rise@0.000ns fall@5.000ns period=10.000ns})
  Destination:            u_ap_codec_if/u_ac_i2c_if/counter_q_reg[19]/CLR
                            (removal check against rising-edge clock mmcm1_clkout0  {rise@0.000ns fall@5.000ns period=10.000ns})
  Path Group:             **async_default**
  Path Type:              Removal (Min at Fast Process Corner)
  Requirement:            0.000ns  (mmcm1_clkout0 rise@0.000ns - mmcm1_clkout0 rise@0.000ns)
  Data Path Delay:        0.395ns  (logic 0.164ns (41.570%)  route 0.231ns (58.430%))
  Logic Levels:           0  
  Clock Path Skew:        0.038ns (DCD - SCD - CPR)
    Destination Clock Delay (DCD):    2.017ns
    Source Clock Delay      (SCD):    1.498ns
    Clock Pessimism Removal (CPR):    0.481ns

    Location             Delay type                Incr(ns)  Path(ns)    Netlist Resource(s)
  -------------------------------------------------------------------    -------------------
                         (clock mmcm1_clkout0 rise edge)
                                                      0.000     0.000 r  
    L16                                               0.000     0.000 r  clk_pi (IN)
                         net (fo=0)                   0.000     0.000    clk_pi
    L16                  IBUF (Prop_ibuf_I_O)         0.259     0.259 r  clk_pi_IBUF_inst/O
                         net (fo=1, routed)           0.627     0.886    u_clk_rst/u_clk_gen/clk_pi
    BUFGCTRL_X0Y17       BUFG (Prop_bufg_I_O)         0.026     0.912 r  u_clk_rst/u_clk_gen/u_bufg_clk_in/O
                         net (fo=1, routed)           0.542     1.454    u_clk_rst/u_clk_gen/clk_in_bufg
    MMCME2_ADV_X0Y1      MMCME2_ADV (Prop_mmcme2_adv_CLKIN1_CLKOUT0)
                                                     -1.050     0.404 r  u_clk_rst/u_clk_gen/u_mmcm1/CLKOUT0
                         net (fo=1, routed)           0.482     0.886    u_clk_rst/u_clk_gen/mmcm1_clkout0
    BUFGCTRL_X0Y16       BUFG (Prop_bufg_I_O)         0.026     0.912 r  u_clk_rst/u_clk_gen/u_bufg_clk_sys/O
                         net (fo=633, routed)         0.586     1.498    u_clk_rst/u_rst_gen/clk_sys_po
    SLICE_X38Y55         FDPE                                         r  u_clk_rst/u_rst_gen/rst_ac_i2c_po_reg/C
  -------------------------------------------------------------------    -------------------
    SLICE_X38Y55         FDPE (Prop_fdpe_C_Q)         0.164     1.662 f  u_clk_rst/u_rst_gen/rst_ac_i2c_po_reg/Q
                         net (fo=97, routed)          0.231     1.892    u_ap_codec_if/u_ac_i2c_if/rst_ac_i2c_po
    SLICE_X40Y55         FDCE                                         f  u_ap_codec_if/u_ac_i2c_if/counter_q_reg[19]/CLR
  -------------------------------------------------------------------    -------------------

                         (clock mmcm1_clkout0 rise edge)
                                                      0.000     0.000 r  
    L16                                               0.000     0.000 r  clk_pi (IN)
                         net (fo=0)                   0.000     0.000    clk_pi
    L16                  IBUF (Prop_ibuf_I_O)         0.447     0.447 r  clk_pi_IBUF_inst/O
                         net (fo=1, routed)           0.683     1.130    u_clk_rst/u_clk_gen/clk_pi
    BUFGCTRL_X0Y17       BUFG (Prop_bufg_I_O)         0.029     1.159 r  u_clk_rst/u_clk_gen/u_bufg_clk_in/O
                         net (fo=1, routed)           0.809     1.968    u_clk_rst/u_clk_gen/clk_in_bufg
    MMCME2_ADV_X0Y1      MMCME2_ADV (Prop_mmcme2_adv_CLKIN1_CLKOUT0)
                                                     -1.366     0.602 r  u_clk_rst/u_clk_gen/u_mmcm1/CLKOUT0
                         net (fo=1, routed)           0.528     1.130    u_clk_rst/u_clk_gen/mmcm1_clkout0
    BUFGCTRL_X0Y16       BUFG (Prop_bufg_I_O)         0.029     1.159 r  u_clk_rst/u_clk_gen/u_bufg_clk_sys/O
                         net (fo=633, routed)         0.858     2.017    u_ap_codec_if/u_ac_i2c_if/clk_sys_po
    SLICE_X40Y55         FDCE                                         r  u_ap_codec_if/u_ac_i2c_if/counter_q_reg[19]/C
                         clock pessimism             -0.481     1.536    
    SLICE_X40Y55         FDCE (Remov_fdce_C_CLR)     -0.092     1.444    u_ap_codec_if/u_ac_i2c_if/counter_q_reg[19]
  -------------------------------------------------------------------
                         required time                         -1.444    
                         arrival time                           1.892    
  -------------------------------------------------------------------
                         slack                                  0.449    

Slack (MET) :             0.449ns  (arrival time - required time)
  Source:                 u_clk_rst/u_rst_gen/rst_ac_i2c_po_reg/C
                            (rising edge-triggered cell FDPE clocked by mmcm1_clkout0  {rise@0.000ns fall@5.000ns period=10.000ns})
  Destination:            u_ap_codec_if/u_ac_i2c_if/counter_q_reg[20]/CLR
                            (removal check against rising-edge clock mmcm1_clkout0  {rise@0.000ns fall@5.000ns period=10.000ns})
  Path Group:             **async_default**
  Path Type:              Removal (Min at Fast Process Corner)
  Requirement:            0.000ns  (mmcm1_clkout0 rise@0.000ns - mmcm1_clkout0 rise@0.000ns)
  Data Path Delay:        0.395ns  (logic 0.164ns (41.570%)  route 0.231ns (58.430%))
  Logic Levels:           0  
  Clock Path Skew:        0.038ns (DCD - SCD - CPR)
    Destination Clock Delay (DCD):    2.017ns
    Source Clock Delay      (SCD):    1.498ns
    Clock Pessimism Removal (CPR):    0.481ns

    Location             Delay type                Incr(ns)  Path(ns)    Netlist Resource(s)
  -------------------------------------------------------------------    -------------------
                         (clock mmcm1_clkout0 rise edge)
                                                      0.000     0.000 r  
    L16                                               0.000     0.000 r  clk_pi (IN)
                         net (fo=0)                   0.000     0.000    clk_pi
    L16                  IBUF (Prop_ibuf_I_O)         0.259     0.259 r  clk_pi_IBUF_inst/O
                         net (fo=1, routed)           0.627     0.886    u_clk_rst/u_clk_gen/clk_pi
    BUFGCTRL_X0Y17       BUFG (Prop_bufg_I_O)         0.026     0.912 r  u_clk_rst/u_clk_gen/u_bufg_clk_in/O
                         net (fo=1, routed)           0.542     1.454    u_clk_rst/u_clk_gen/clk_in_bufg
    MMCME2_ADV_X0Y1      MMCME2_ADV (Prop_mmcme2_adv_CLKIN1_CLKOUT0)
                                                     -1.050     0.404 r  u_clk_rst/u_clk_gen/u_mmcm1/CLKOUT0
                         net (fo=1, routed)           0.482     0.886    u_clk_rst/u_clk_gen/mmcm1_clkout0
    BUFGCTRL_X0Y16       BUFG (Prop_bufg_I_O)         0.026     0.912 r  u_clk_rst/u_clk_gen/u_bufg_clk_sys/O
                         net (fo=633, routed)         0.586     1.498    u_clk_rst/u_rst_gen/clk_sys_po
    SLICE_X38Y55         FDPE                                         r  u_clk_rst/u_rst_gen/rst_ac_i2c_po_reg/C
  -------------------------------------------------------------------    -------------------
    SLICE_X38Y55         FDPE (Prop_fdpe_C_Q)         0.164     1.662 f  u_clk_rst/u_rst_gen/rst_ac_i2c_po_reg/Q
                         net (fo=97, routed)          0.231     1.892    u_ap_codec_if/u_ac_i2c_if/rst_ac_i2c_po
    SLICE_X40Y55         FDCE                                         f  u_ap_codec_if/u_ac_i2c_if/counter_q_reg[20]/CLR
  -------------------------------------------------------------------    -------------------

                         (clock mmcm1_clkout0 rise edge)
                                                      0.000     0.000 r  
    L16                                               0.000     0.000 r  clk_pi (IN)
                         net (fo=0)                   0.000     0.000    clk_pi
    L16                  IBUF (Prop_ibuf_I_O)         0.447     0.447 r  clk_pi_IBUF_inst/O
                         net (fo=1, routed)           0.683     1.130    u_clk_rst/u_clk_gen/clk_pi
    BUFGCTRL_X0Y17       BUFG (Prop_bufg_I_O)         0.029     1.159 r  u_clk_rst/u_clk_gen/u_bufg_clk_in/O
                         net (fo=1, routed)           0.809     1.968    u_clk_rst/u_clk_gen/clk_in_bufg
    MMCME2_ADV_X0Y1      MMCME2_ADV (Prop_mmcme2_adv_CLKIN1_CLKOUT0)
                                                     -1.366     0.602 r  u_clk_rst/u_clk_gen/u_mmcm1/CLKOUT0
                         net (fo=1, routed)           0.528     1.130    u_clk_rst/u_clk_gen/mmcm1_clkout0
    BUFGCTRL_X0Y16       BUFG (Prop_bufg_I_O)         0.029     1.159 r  u_clk_rst/u_clk_gen/u_bufg_clk_sys/O
                         net (fo=633, routed)         0.858     2.017    u_ap_codec_if/u_ac_i2c_if/clk_sys_po
    SLICE_X40Y55         FDCE                                         r  u_ap_codec_if/u_ac_i2c_if/counter_q_reg[20]/C
                         clock pessimism             -0.481     1.536    
    SLICE_X40Y55         FDCE (Remov_fdce_C_CLR)     -0.092     1.444    u_ap_codec_if/u_ac_i2c_if/counter_q_reg[20]
  -------------------------------------------------------------------
                         required time                         -1.444    
                         arrival time                           1.892    
  -------------------------------------------------------------------
                         slack                                  0.449    

Slack (MET) :             0.474ns  (arrival time - required time)
  Source:                 u_clk_rst/u_rst_gen/rst_sys_po_reg/C
                            (rising edge-triggered cell FDPE clocked by mmcm1_clkout0  {rise@0.000ns fall@5.000ns period=10.000ns})
  Destination:            u_ap_codec_if/u_ac_i2s_if/adc_smpl_regs_reg[r][3]/CLR
                            (removal check against rising-edge clock mmcm1_clkout0  {rise@0.000ns fall@5.000ns period=10.000ns})
  Path Group:             **async_default**
  Path Type:              Removal (Min at Fast Process Corner)
  Requirement:            0.000ns  (mmcm1_clkout0 rise@0.000ns - mmcm1_clkout0 rise@0.000ns)
  Data Path Delay:        0.414ns  (logic 0.141ns (34.086%)  route 0.273ns (65.914%))
  Logic Levels:           0  
  Clock Path Skew:        0.032ns (DCD - SCD - CPR)
    Destination Clock Delay (DCD):    1.983ns
    Source Clock Delay      (SCD):    1.470ns
    Clock Pessimism Removal (CPR):    0.481ns

    Location             Delay type                Incr(ns)  Path(ns)    Netlist Resource(s)
  -------------------------------------------------------------------    -------------------
                         (clock mmcm1_clkout0 rise edge)
                                                      0.000     0.000 r  
    L16                                               0.000     0.000 r  clk_pi (IN)
                         net (fo=0)                   0.000     0.000    clk_pi
    L16                  IBUF (Prop_ibuf_I_O)         0.259     0.259 r  clk_pi_IBUF_inst/O
                         net (fo=1, routed)           0.627     0.886    u_clk_rst/u_clk_gen/clk_pi
    BUFGCTRL_X0Y17       BUFG (Prop_bufg_I_O)         0.026     0.912 r  u_clk_rst/u_clk_gen/u_bufg_clk_in/O
                         net (fo=1, routed)           0.542     1.454    u_clk_rst/u_clk_gen/clk_in_bufg
    MMCME2_ADV_X0Y1      MMCME2_ADV (Prop_mmcme2_adv_CLKIN1_CLKOUT0)
                                                     -1.050     0.404 r  u_clk_rst/u_clk_gen/u_mmcm1/CLKOUT0
                         net (fo=1, routed)           0.482     0.886    u_clk_rst/u_clk_gen/mmcm1_clkout0
    BUFGCTRL_X0Y16       BUFG (Prop_bufg_I_O)         0.026     0.912 r  u_clk_rst/u_clk_gen/u_bufg_clk_sys/O
                         net (fo=633, routed)         0.558     1.470    u_clk_rst/u_rst_gen/clk_sys_po
    SLICE_X26Y57         FDPE                                         r  u_clk_rst/u_rst_gen/rst_sys_po_reg/C
  -------------------------------------------------------------------    -------------------
    SLICE_X26Y57         FDPE (Prop_fdpe_C_Q)         0.141     1.611 f  u_clk_rst/u_rst_gen/rst_sys_po_reg/Q
                         net (fo=260, routed)         0.273     1.883    u_ap_codec_if/u_ac_i2s_if/rst_sys_po
    SLICE_X25Y57         FDCE                                         f  u_ap_codec_if/u_ac_i2s_if/adc_smpl_regs_reg[r][3]/CLR
  -------------------------------------------------------------------    -------------------

                         (clock mmcm1_clkout0 rise edge)
                                                      0.000     0.000 r  
    L16                                               0.000     0.000 r  clk_pi (IN)
                         net (fo=0)                   0.000     0.000    clk_pi
    L16                  IBUF (Prop_ibuf_I_O)         0.447     0.447 r  clk_pi_IBUF_inst/O
                         net (fo=1, routed)           0.683     1.130    u_clk_rst/u_clk_gen/clk_pi
    BUFGCTRL_X0Y17       BUFG (Prop_bufg_I_O)         0.029     1.159 r  u_clk_rst/u_clk_gen/u_bufg_clk_in/O
                         net (fo=1, routed)           0.809     1.968    u_clk_rst/u_clk_gen/clk_in_bufg
    MMCME2_ADV_X0Y1      MMCME2_ADV (Prop_mmcme2_adv_CLKIN1_CLKOUT0)
                                                     -1.366     0.602 r  u_clk_rst/u_clk_gen/u_mmcm1/CLKOUT0
                         net (fo=1, routed)           0.528     1.130    u_clk_rst/u_clk_gen/mmcm1_clkout0
    BUFGCTRL_X0Y16       BUFG (Prop_bufg_I_O)         0.029     1.159 r  u_clk_rst/u_clk_gen/u_bufg_clk_sys/O
                         net (fo=633, routed)         0.824     1.983    u_ap_codec_if/u_ac_i2s_if/clk_sys_po
    SLICE_X25Y57         FDCE                                         r  u_ap_codec_if/u_ac_i2s_if/adc_smpl_regs_reg[r][3]/C
                         clock pessimism             -0.481     1.502    
    SLICE_X25Y57         FDCE (Remov_fdce_C_CLR)     -0.092     1.410    u_ap_codec_if/u_ac_i2s_if/adc_smpl_regs_reg[r][3]
  -------------------------------------------------------------------
                         required time                         -1.410    
                         arrival time                           1.883    
  -------------------------------------------------------------------
                         slack                                  0.474    





